ds,product_id,product_name,y
2024-05-31,ADS001,ADEM SARI,23.0
2024-07-20,ADS001,Adem sari,19.0
2024-12-08,ADS001,Adem sari,42.0
2025-10-08,ADS001,Adem Sari,30.0
2025-10-19,ADS001,Adem sari,1.0
2025-10-23,ADS001,Adem sari,1.0
2025-10-25,ADS001,Adem sari,2.0
2025-10-31,ADS001,Adem sari,2.0
2025-11-20,ADS001,Adem sari,10.0
2025-12-06,ADS001,Adem sari,2.0
2025-12-15,ADS001,Adem sari,2.0
2026-02-09,ADS001,Adem sari,2.0
2024-01-07,AMP01,amplop,100.0
2024-02-25,AMP01,Amplop,59.0
2024-05-30,AMP01,AMPLOP,87.0
2024-01-06,APT001,apetito,60.0
2024-01-08,APT001,apetito,17.0
2024-04-19,APT001,Apetito,10.0
2024-06-11,APT001,Apetito,10.0
2024-06-21,APT001,Apetito,13.0
2024-06-23,APT001,Apetito,10.0
2024-07-05,APT001,Apetito,20.0
2024-07-08,APT001,Apetito,21.0
2024-07-24,APT001,Apetito,20.0
2024-08-11,APT001,Apetito,32.0
2024-08-22,APT001,Apetito,20.0
2024-09-03,APT001,Apetito,74.0
2024-09-11,APT001,Apetito,42.0
2024-09-14,APT001,Apetito,21.0
2024-10-10,APT001,Apetito,22.0
2024-10-11,APT001,Apetito,10.0
2024-10-23,APT001,Apetito,32.0
2024-10-26,APT001,Apetito,23.0
2024-11-01,APT001,Apetito,13.0
2024-11-08,APT001,Apetito,17.0
2024-11-16,APT001,Apetito,20.0
2024-11-18,APT001,Apetito,23.0
2024-11-23,APT001,Apetito,52.0
2024-12-24,APT001,Apetito,20.0
2024-12-27,APT001,Apetito,22.0
2024-12-30,APT001,Apetito,31.0
2025-10-28,APT001,Apetito,8.0
2025-11-01,APT001,Apetito,3.0
2025-11-06,APT001,Apetito,2.0
2025-11-07,APT001,Apetito,2.0
2025-11-20,APT001,Apetito,2.0
2025-11-24,APT001,Apetito,2.0
2025-11-30,APT001,Apetito,2.0
2025-12-08,APT001,Apetito,1.0
2025-12-14,APT001,Apetito,1.0
2025-12-16,APT001,Apetito,2.0
2025-12-22,APT001,Apetito,2.0
2025-12-29,APT001,Apetito,1.0
2026-01-03,APT001,Apetito,31.0
2026-01-04,APT001,Apetito,40.0
2026-01-19,APT001,Apetito,34.0
2026-01-25,APT001,Apetito,31.0
2026-01-31,APT001,Apetito,35.0
2026-02-14,APT001,Apetito,10.0
2026-02-15,APT001,Apetito,2.0
2026-02-19,APT001,Apetito,10.0
2026-03-18,APT001,Apetito,1.0
2026-03-29,APT001,Apetito,1.0
2026-04-12,APT001,Apetito,3.0
2026-04-13,APT001,Apetito,1.0
2026-04-23,APT001,Apetito,1.0
2026-04-28,APT001,Apetito,3.0
2026-06-01,APT001,Apetito,1.0
2026-06-03,APT001,Apetito,2.0
2026-06-16,APT001,Apetito,2.0
2026-06-20,APT001,Apetito,1.0
2026-06-24,APT001,Apetito,1.0
2026-06-28,APT001,Apetito,1.0
2026-07-06,APT001,Apetito,1.0
2026-07-08,APT001,Apetito,2.0
2026-07-09,APT001,Apetito,2.0
2026-07-10,APT001,Apetito,2.0
2026-07-23,APT001,Apetito,4.0
2024-03-28,ATN01,Antangin,8.0
2024-05-29,ATN01,ANTANGIN,8.0
2024-01-06,BB001,Bambo,38.0
2024-02-08,BB001,BAMBOE,11.0
2024-03-14,BB001,Bambo,10.0
2024-03-17,BB001,Bambo,10.0
2024-05-30,BB001,BAMBO,9.0
2024-07-03,BB001,Bamboe,20.0
2024-07-10,BB001,Bamboe,10.0
2024-07-20,BB001,Bamboe,20.0
2024-11-27,BB001,Bambo,22.0
2024-11-29,BB001,Bambo,32.0
2024-12-17,BB001,BAMBO,22.0
2025-11-15,BB001,Bambo,2.0
2026-01-06,BB001,Bambo,10.0
2026-01-08,BB001,Bambo,21.0
2026-01-11,BB001,Bamboe,10.0
2026-01-28,BB001,Bamboe,24.0
2026-02-06,BB001,Bamboe,1.0
2026-02-10,BB001,Bamboe,10.0
2026-02-13,BB001,Bamboe,10.0
2026-07-11,BB001,Bambo,1.0
2024-01-22,BBG001,BUBBLE GUM,28.0
2024-02-10,BBG001,Bubble gum,18.0
2024-02-13,BBG001,Bubble gum,21.0
2024-03-07,BBG001,Bubble gum,43.0
2024-03-11,BBG001,Bubble gum,32.0
2024-03-13,BBG001,Bubble gum,38.0
2024-03-31,BBG001,Bubble gum,12.0
2024-04-10,BBG001,Bubble gum,20.0
2024-04-16,BBG001,Bubble gum,31.0
2024-01-25,BC001,Boncabe,28.0
2024-01-28,BC001,BIO CAIR,8.0
2024-03-25,BC001,Bio cair,9.0
2024-04-02,BC001,Boncabe,31.0
2024-04-19,BC001,Boncabe,12.0
2024-08-19,BC001,Boncabe,33.0
2024-11-23,BC001,Boncabe,21.0
2024-12-07,BC001,Boncabe,45.0
2025-10-16,BC001,Boncabe,10.0
2026-01-03,BC001,Boncabe,11.0
2026-02-12,BC001,Boncabe,10.0
2026-03-26,BC001,Boncabe,1.0
2024-03-31,BG001,Bunga gem 1/2,5.0
2024-04-14,BG001,Bunga gem 1/2,8.0
2024-04-16,BG001,Bunga gem 1/2,8.0
2024-05-02,BG001,Bunga gem 1/2,4.0
2024-08-16,BG001,Bunga gem 1/2,4.0
2026-03-17,BG001,Bunga gem 1/2,1.0
2026-03-23,BG001,Bunga gem 1/2,1.0
2024-04-06,BG002,Bunga gem 1kg,7.0
2024-10-03,BG002,Bunga gem 1kg,1.0
2026-03-17,BG002,Bunga gem 1kg,1.0
2026-05-25,BG002,Bunga gem 1kg,1.0
2024-01-06,BHJ01,Bihun Jagung,40.0
2024-01-18,BHJ01,Bihun Jagung,32.0
2024-02-28,BHJ01,Bihun Jagung,10.0
2024-05-06,BHJ01,Bihun jagung,20.0
2024-07-24,BHJ01,Bihun jagung,9.0
2024-12-14,BHJ01,Bihun jagung,32.0
2025-11-10,BHJ01,Bihun jagung,2.0
2026-02-20,BHJ01,Bihun jagung,1.0
2024-03-17,BJ001,Baygon jumbo,10.0
2024-04-09,BJ001,Baygon jumbo,11.0
2026-01-16,BJ001,Baygon jumbo,10.0
2024-01-02,BKT001,Biskuat,40.0
2024-07-06,BKT001,Biskuat,1.0
2024-07-11,BKT001,Biskuat,41.0
2026-01-21,BKT001,Biskuat,28.0
2026-01-22,BKT001,Biskuat,54.0
2026-01-28,BKT001,Biskuat,30.0
2026-02-05,BKT001,Biskuat,10.0
2024-01-28,BLB001,BLUE BAND,11.0
2024-03-21,BLB001,Blue Band,20.0
2025-12-12,BLB001,Blueband,3.0
2024-08-09,BLJ01,Belinjo 1kg,1.0
2026-03-15,BLJ01,Belinjo 1kg,1.0
2024-08-10,BLJ02,Belinjo 1/2,1.0
2026-02-02,BLJ02,Belinjo 1/2,1.0
2026-03-17,BLJ02,Belinjo 1/2,2.0
2024-02-03,BLJ04,BELINJO REMAH 1KG,2.0
2024-09-15,BLJ04,Belinjo remah 1kg,3.0
2026-04-30,BLJ04,Belinjo remah 1kg,1.0
2024-04-19,BPB001,B. putih bubuk,18.0
2024-06-28,BPB001,B. putih bubuk,30.0
2024-09-24,BPB001,B. putih bubuk,31.0
2024-10-09,BPB001,B. putih bubuk,31.0
2024-10-25,BPB001,B. putih bubuk,65.0
2024-10-27,BPB001,B. putih bubuk,21.0
2024-11-10,BPB001,B. putih bubuk,32.0
2026-05-11,BPB001,B. putih bubuk,1.0
2026-06-01,BPB001,B. putih bubuk,1.0
2026-06-19,BPB001,B. putih bubuk,1.0
2026-06-20,BPB001,B. putih bubuk,1.0
2026-06-30,BPB001,B. putih bubuk,3.0
2026-07-09,BPB001,B. putih bubuk,1.0
2026-07-11,BPB001,B. putih bubuk,1.0
2026-07-14,BPB001,B. putih bubuk,1.0
2026-07-16,BPB001,B. putih bubuk,1.0
2026-07-21,BPB001,B. putih bubuk,1.0
2026-07-22,BPB001,B. putih bubuk,1.0
2026-07-24,BPB001,B. putih bubuk,1.0
2024-03-25,BPT02,B. putih ons,10.0
2024-04-04,BPT02,B. putih ons,8.0
2024-05-07,BPT02,B. putih 1/2,3.0
2024-12-03,BPT02,B. putih 1/2,10.0
2025-12-09,BPT02,B. putih 1/2,10.0
2026-01-15,BPT02,B. putih 1/2,5.0
2026-02-06,BPT02,B. putih 1/2,10.0
2026-07-20,BPT02,B. putih 1/2,1.0
2024-01-03,BPT1,B. putih 1/4,6.0
2024-02-17,BPT1,B. putih 1/4,9.0
2024-02-19,BPT1,B. putih 1/4,8.0
2024-02-23,BPT1,B. putih 1/4,9.0
2024-03-01,BPT1,B. putih 1/4,8.0
2024-03-02,BPT1,B. putih 1/4,15.0
2024-03-03,BPT1,B. putih 1/4,15.0
2024-03-11,BPT1,B. putih 1/4,9.0
2024-03-26,BPT1,B. putih 1/4,19.0
2024-03-31,BPT1,B. putih 1/4,11.0
2024-04-10,BPT1,B. putih 1/4,11.0
2024-04-16,BPT1,B. putih 1/4,12.0
2024-04-27,BPT1,B. putih 1/4,7.0
2024-05-07,BPT1,B. putih 1/4,10.0
2024-05-16,BPT1,B. putih 1/4,10.0
2024-05-19,BPT1,B. putih 1/4,12.0
2024-05-25,BPT1,B. putih 1/4,11.0
2024-07-07,BPT1,B. putih 1/4,10.0
2024-07-15,BPT1,B. putih 1/4,10.0
2024-08-06,BPT1,B. putih 1/4,17.0
2024-08-16,BPT1,B. putih 1/4,11.0
2024-09-20,BPT1,B. putih 1/4,34.0
2024-10-15,BPT1,B. putih 1/4,10.0
2024-10-18,BPT1,B. putih 1/4,10.0
2024-10-23,BPT1,B. putih 1/4,10.0
2024-10-25,BPT1,B. putih 1/4,43.0
2024-11-28,BPT1,B. putih 1/4,4.0
2024-12-03,BPT1,B. putih 1/4,11.0
2024-12-09,BPT1,B. putih 1/4,19.0
2024-12-18,BPT1,B. putih 1/4,13.0
2024-12-25,BPT1,B. putih 1/4,20.0
2025-10-10,BPT1,B. putih 1/4,20.0
2025-10-27,BPT1,B. putih 1/4,30.0
2025-11-04,BPT1,B. putih 1/4,30.0
2025-11-16,BPT1,B. putih 1/4,20.0
2025-11-28,BPT1,B. putih 1/4,50.0
2025-12-07,BPT1,B. putih 1/4,10.0
2025-12-26,BPT1,B. putih 1/4,10.0
2026-01-08,BPT1,B. putih 1/4,3.0
2026-01-15,BPT1,B. putih 1/4,10.0
2026-01-24,BPT1,B. putih 1/4,4.0
2026-02-04,BPT1,B. putih 1/4,10.0
2026-02-13,BPT1,B. putih 1/4,10.0
2026-03-11,BPT1,B. putih 1/4,10.0
2026-03-22,BPT1,B. putih 1/4,10.0
2026-05-05,BPT1,B. putih 1/4,10.0
2026-05-16,BPT1,B. putih 1/4,10.0
2026-06-08,BPT1,B. putih 1/4,10.0
2026-06-10,BPT1,B. putih 1/4,10.0
2026-06-15,BPT1,B. putih 1/4,10.0
2026-06-19,BPT1,B. putih 1/4,10.0
2026-07-09,BPT1,B. putih 1/4,1.0
2026-07-17,BPT1,B. putih 1/4,1.0
2024-06-14,BR001,Bumbu Rendang,10.0
2024-06-16,BR001,Bumbu Rendang,20.0
2024-07-19,BR001,Bumbu Rendang,3.0
2026-02-08,BR001,Bumbu Rendang,1.0
2024-01-08,BRJ001,beras jagung,24.0
2024-02-08,BRJ001,BERAS JAGUNG,9.0
2024-08-18,BRJ001,Beras jagung,12.0
2024-09-25,BRJ001,Beras jagung,8.0
2024-10-06,BRJ001,Beras jagung,13.0
2026-01-30,BRJ001,Beras jagung,10.0
2026-03-26,BRJ001,Beras jagung,1.0
2026-05-01,BRJ001,Beras jagung,1.0
2026-05-12,BRJ001,Beras jagung,1.0
2026-05-28,BRJ001,Beras jagung,1.0
2024-06-23,BRL001,Brownis lemonilo,10.0
2024-08-17,BRL001,Brownis lemonilo,10.0
2024-09-12,BRL001,Brownis lemonilo,14.0
2024-09-13,BRL001,Brownis lemonilo,12.0
2024-09-15,BRL001,Brownis lemonilo,12.0
2024-09-19,BRL001,Brownis lemonilo,22.0
2024-09-23,BRL001,Brownis lemonilo,23.0
2024-09-29,BRL001,Brownis lemonilo,21.0
2024-11-02,BRL001,Brownis lemonilo,14.0
2026-03-24,BRL001,Brownis lemonilo,1.0
2026-04-24,BRL001,Brownis lemonilo,1.0
2026-04-27,BRL001,Brownis lemonilo,2.0
2026-04-29,BRL001,Brownis lemonilo,1.0
2026-05-04,BRL001,Brownis lemonilo,4.0
2026-05-09,BRL001,Brownis lemonilo,1.0
2026-05-19,BRL001,Brownis lemonilo,1.0
2026-06-24,BRL001,Brownis lemonilo,1.0
2024-03-21,BRS02,Beras 1/2,10.0
2024-05-04,BRS02,Beras 1/2,17.0
2024-08-01,BRS03,Beras 3kg,2.0
2024-08-02,BRS03,Beras 3kg,5.0
2024-08-04,BRS03,Beras 3kg,9.0
2024-08-08,BRS03,Beras 3kg,5.0
2024-08-09,BRS03,Beras 3kg,2.0
2024-08-27,BRS03,Beras 3kg,10.0
2024-08-31,BRS03,Beras 3kg,2.0
2024-09-17,BRS03,Beras 3kg,2.0
2026-03-03,BRS03,Beras 3kg,2.0
2026-03-04,BRS03,Beras 3kg,5.0
2026-03-08,BRS03,Beras 3kg,1.0
2026-03-13,BRS03,Beras 3kg,3.0
2026-03-15,BRS03,Beras 3kg,1.0
2026-04-02,BRS03,Beras 3kg,1.0
2026-04-05,BRS03,Beras 3kg,10.0
2026-05-02,BRS03,Beras 3kg,20.0
2024-01-01,BRS1,Beras 1kg,7.0
2024-01-04,BRS1,beras 1kg,5.0
2024-01-05,BRS1,Beras 1kg,9.0
2024-01-07,BRS1,Beras 1kg,60.0
2024-01-08,BRS1,Beras 1kg,16.0
2024-01-09,BRS1,beras 1kg,19.0
2024-01-10,BRS1,beras 1kg,19.0
2024-01-13,BRS1,Beras 1kg,14.0
2024-01-15,BRS1,BERAS 1KG,40.0
2024-01-17,BRS1,BERAS 1KG,17.0
2024-01-19,BRS1,Beras 1kg,9.0
2024-01-21,BRS1,BERAS 1KG,25.0
2024-01-22,BRS1,BERAS 1KG,12.0
2024-01-23,BRS1,BERAS 1KG,9.0
2024-01-24,BRS1,BERAS 1KG,8.0
2024-01-26,BRS1,BERAS 1KG,6.0
2024-01-27,BRS1,BERAS 1KG,8.0
2024-01-28,BRS1,BERAS 1KG,8.0
2024-01-29,BRS1,BERAS 1KG,10.0
2024-02-02,BRS1,BERAS 1KG,11.0
2024-02-03,BRS1,BERAS 1KG,5.0
2024-02-07,BRS1,BERAS 1KG,9.0
2024-02-08,BRS1,BERAS 1KG,6.0
2024-02-09,BRS1,BERAS 1KG,14.0
2024-02-10,BRS1,BERAS 1KG,4.0
2024-02-11,BRS1,BERAS 1KG,5.0
2024-02-12,BRS1,BERAS 1KG,11.0
2024-02-20,BRS1,BERAS 1KG,15.0
2024-02-21,BRS1,BERAS 1KG,10.0
2024-02-22,BRS1,Beras 1kg,5.0
2024-02-25,BRS1,Beras 1kg,20.0
2024-02-29,BRS1,Beras 1kg,10.0
2024-03-01,BRS1,Beras 1kg,12.0
2024-03-02,BRS1,Beras 1kg,22.0
2024-03-03,BRS1,Beras 1kg,21.0
2024-03-06,BRS1,BERAS 1Kg,10.0
2024-03-07,BRS1,Beras 1kg,17.0
2024-03-09,BRS1,Beras 1kg,28.0
2024-03-12,BRS1,Beras 1kg,19.0
2024-03-14,BRS1,Beras 1kg,14.0
2024-03-17,BRS1,BERAS 1KG,17.0
2024-03-18,BRS1,BERAS 1KG,9.0
2024-03-22,BRS1,BERAS 1KG,8.0
2024-03-24,BRS1,BERAS 1KG,18.0
2024-03-27,BRS1,BERAS 1KG,10.0
2024-03-30,BRS1,Beras 1kg,19.0
2024-04-07,BRS1,BERAS 1KG,10.0
2024-04-12,BRS1,Beras 1kg,9.0
2024-04-18,BRS1,Beras 1kg,15.0
2024-04-24,BRS1,Beras 1kg,10.0
2024-05-04,BRS1,Beras 1kg,19.0
2024-05-07,BRS1,Beras 1kg,15.0
2024-05-14,BRS1,Beras 1kg,18.0
2024-05-15,BRS1,Beras 1kg,9.0
2024-05-21,BRS1,Beras 1kg,10.0
2024-05-25,BRS1,Beras 1kg,10.0
2024-06-01,BRS1,Beras 1kg,10.0
2024-06-12,BRS1,Beras 1kg,9.0
2024-06-15,BRS1,Beras 1kg,17.0
2024-06-17,BRS1,Beras 1kg,20.0
2024-06-23,BRS1,Beras 1kg,20.0
2024-06-25,BRS1,Beras 1kg,10.0
2024-06-30,BRS1,Beras 1kg,18.0
2024-07-13,BRS1,BERAS 1KG,12.0
2024-07-14,BRS1,BERAS 1KG,28.0
2024-07-16,BRS1,BERAS 1KG,11.0
2024-08-08,BRS1,Beras 1kg,6.0
2024-08-21,BRS1,Beras 1kg,11.0
2024-09-14,BRS1,beras 1kg,15.0
2024-10-04,BRS1,Beras 1kg,10.0
2024-10-14,BRS1,Beras 1kg,10.0
2024-10-15,BRS1,Beras 1kg,10.0
2024-10-17,BRS1,Beras 1kg,2.0
2024-10-18,BRS1,Beras 1kg,7.0
2024-10-22,BRS1,Beras 1kg,20.0
2024-10-23,BRS1,Beras 1kg,20.0
2024-10-25,BRS1,Beras 1kg,11.0
2024-10-27,BRS1,Beras 1kg,31.0
2024-10-31,BRS1,Beras 1kg,12.0
2024-11-03,BRS1,Beras 1kg,7.0
2024-11-09,BRS1,Beras 1kg,10.0
2024-11-18,BRS1,Beras 1kg,20.0
2026-01-05,BRS1,beras 1kg,20.0
2026-01-12,BRS1,beras 1kg,28.0
2026-01-26,BRS1,beras 1kg,37.0
2026-03-14,BRS1,Beras 1kg,15.0
2026-03-29,BRS1,Beras 1kg,20.0
2026-05-26,BRS1,Beras 1kg,10.0
2026-06-06,BRS1,Beras 1kg,10.0
2026-06-08,BRS1,Beras 1kg,10.0
2026-06-09,BRS1,Beras 1kg,20.0
2026-06-10,BRS1,Beras 1kg,30.0
2026-06-14,BRS1,Beras 1kg,20.0
2026-06-15,BRS1,Beras 1kg,20.0
2026-06-19,BRS1,Beras 1kg,20.0
2026-06-20,BRS1,Beras 1kg,20.0
2026-06-21,BRS1,Beras 1kg,10.0
2026-06-24,BRS1,Beras 1kg,20.0
2026-06-26,BRS1,Beras 1kg,20.0
2026-07-08,BRS1,Beras 1kg,20.0
2026-07-09,BRS1,Beras 1kg,2.0
2026-07-11,BRS1,Beras 1kg,12.0
2026-07-12,BRS1,Beras 1kg,1.0
2024-01-26,BRT001,BARAKAT,6.0
2024-02-19,BRT001,Barakat,11.0
2024-05-30,BRT001,BARAKAT,10.0
2026-01-21,BRT001,Barakat,7.0
2024-02-27,BRT01,Beras tinta,6.0
2024-02-02,BRW001,BUMBU RAWON,2.0
2024-06-14,BRW001,Bumbu rawon,9.0
2024-06-15,BRW001,BUMBU RAWON,2.0
2024-07-19,BRW001,Bumbu rawon,2.0
2024-09-13,BRW001,BUMBU RAWON,2.0
2024-10-27,BRW001,Bumbu Rawon,1.0
2026-02-08,BRW001,Bumbu rawon,1.0
2026-06-21,BRW001,Bumbu Rawon,1.0
2024-08-15,BS001,Bumbu soto,4.0
2024-08-27,BS001,Bumbu soto,2.0
2024-09-13,BS001,Bumbu soto,5.0
2026-03-20,BS001,Bumbu soto,1.0
2026-04-03,BS001,Bumbu soto,1.0
2024-02-11,BSPHP01,BERAS SPHP,4.0
2024-02-27,BSPHP01,Beras SPHP,8.0
2024-04-16,BSPHP01,Beras SPHP,10.0
2024-04-30,BSPHP01,Beras SPHP,10.0
2025-12-15,BTH001,Bonteh,2.0
2025-12-16,BTH001,Bonteh,1.0
2025-12-17,BTH001,Bonteh,1.0
2025-12-22,BTH001,Bonteh,3.0
2025-12-28,BTH001,Bonteh,1.0
2025-12-30,BTH001,Bonteh,2.0
2024-02-01,BYG001,BAYGON CAIR,4.0
2025-11-29,BYG001,Baygon cair,2.0
2024-01-30,CBB001,COKLAT BOX BESAR,1.0
2024-04-09,CBB001,Coklat box besar,4.0
2024-04-10,CBB001,Coklat box besar,2.0
2024-04-07,CBK001,Cokelat box kecil,10.0
2024-04-26,CBK001,Cokelat box kecil,10.0
2024-05-07,CBK001,Cokelat box kecil,9.0
2024-05-21,CBK001,Cokelat box kecil,5.0
2024-01-06,CHR001,charm softex,30.0
2024-01-22,CHR001,charm softex,4.0
2024-04-16,CHR001,Charm softex,16.0
2024-05-30,CHR001,CHARM SOFTEX,10.0
2024-01-26,CK001,COKELAT KOIN,12.0
2024-02-19,CK001,Cokelat koin,37.0
2024-02-26,CK001,Cokelat koin,10.0
2024-03-03,CK001,Cokelat koin,77.0
2024-03-04,CK001,Cokelat koin,39.0
2024-03-08,CK001,Cokelat koin,29.0
2024-04-01,CK001,Cokelat koin,10.0
2024-04-03,CK001,Cokelat koin,32.0
2024-04-05,CK001,Cokelat koin,38.0
2024-04-09,CK001,Cokelat koin,25.0
2024-04-24,CK001,Cokelat koin,43.0
2024-04-27,CK001,Cokelat koin,30.0
2024-05-03,CK001,Cokelat koin,28.0
2024-05-07,CK001,Cokelat koin,40.0
2024-02-01,CKS001,CHOKKY STICK,20.0
2025-11-15,CKS001,Chokky stick,2.0
204-08-28,CL1001,Chocolatos 1000,32.0
2024-01-02,CL1001,Chocolatos 1000,24.0
2024-02-13,CL1001,Chocolatos 1000,22.0
2024-02-14,CL1001,Chocolatos 1000,5.0
2024-02-16,CL1001,Chocolatos 1000,16.0
2024-02-18,CL1001,Chocolatos 1000,39.0
2024-02-19,CL1001,Chocolatos 1000,20.0
2024-02-20,CL1001,Chocolatos 1000,19.0
2024-02-25,CL1001,Chocolatos 1000,20.0
2024-03-05,CL1001,Chocolatos 1000,39.0
2024-03-11,CL1001,Chocolatos 1000,40.0
2024-03-17,CL1001,Chocolatos 1000,29.0
2024-03-21,CL1001,Chocolatos 1000,29.0
2024-03-27,CL1001,Chocolatos 1000,20.0
2024-03-28,CL1001,Chocolatos 1000,33.0
2024-03-31,CL1001,Chocolatos 1000,12.0
2024-04-01,CL1001,Chocolatos 1000,10.0
2024-04-09,CL1001,Chocolatos 1000,30.0
2024-04-10,CL1001,Chocolatos 1000,29.0
2024-04-16,CL1001,Chocolatos 1000,18.0
2024-04-17,CL1001,Chocolatos 1000,30.0
2024-04-18,CL1001,Chocolatos 1000,29.0
2024-04-19,CL1001,Chocolatos 1000,32.0
2024-04-20,CL1001,Chocolatos 1000,30.0
2024-04-21,CL1001,Chocolatos 1000,30.0
2024-04-23,CL1001,Chocolatos 1000,32.0
2024-05-01,CL1001,Chocolatos 1000,33.0
2024-05-02,CL1001,Chocolatos 1000,27.0
2024-05-17,CL1001,Chocolatos 1000,14.0
2024-05-21,CL1001,Chocolatos 1000,20.0
2024-05-22,CL1001,Chocolatos 1000,31.0
2024-05-24,CL1001,Chocolatos 1000,57.0
2024-05-27,CL1001,Chocolatos 1000,35.0
2024-06-01,CL1001,Chocolatos 1000,39.0
2024-06-06,CL1001,Chocolatos 1000,40.0
2024-06-08,CL1001,Chocolatos 1000,21.0
2024-06-24,CL1001,Chocolatos 1000,31.0
2024-06-30,CL1001,Chocolatos 1000,93.0
2024-07-06,CL1001,Chocolatos 1000,22.0
2024-07-09,CL1001,Chocolatos 1000,45.0
2024-07-11,CL1001,Chocolatos 1000,43.0
2024-07-12,CL1001,Chocolatos 1000,39.0
2024-07-14,CL1001,Chocolatos 1000,30.0
2024-07-21,CL1001,Chocolatos 1000,32.0
2024-07-30,CL1001,Chocolatos 1000,1.0
2024-08-15,CL1001,Chocolatos 1000,72.0
2024-08-22,CL1001,Chocolatos 1000,22.0
2024-09-08,CL1001,Chocolatos 1000,42.0
2024-09-09,CL1001,Chocolatos 1000,24.0
2024-09-24,CL1001,Chocolatos 1000,31.0
2024-10-13,CL1001,Chocolatos 1000,45.0
2024-10-26,CL1001,Chocolatos 1000,65.0
2024-10-28,CL1001,Chocolatos 1000,45.0
2024-11-03,CL1001,Chocolatos 1000,32.0
2024-11-19,CL1001,Chocolatos 1000,12.0
2024-11-25,CL1001,Chocolatos 1000,56.0
2024-11-26,CL1001,Chocolatos 1000,43.0
2024-11-30,CL1001,Chocolatos 1000,53.0
2024-12-01,CL1001,Chocolatos 1000,13.0
2024-12-03,CL1001,Chocolatos 1000,32.0
2024-12-17,CL1001,Chocolatos 1000,42.0
2024-12-18,CL1001,Chocolatos 1000,23.0
2024-12-19,CL1001,Chocolatos 1000,28.0
2024-12-21,CL1001,Chocolatos 1000,6.0
2024-12-22,CL1001,Chocolatos 1000,47.0
2025-11-13,CL1001,Chocolatos 1000,2.0
2025-11-15,CL1001,Chocolatos 1000,12.0
2025-11-16,CL1001,Chocolatos 1000,2.0
2025-11-17,CL1001,Chocolatos 1000,1.0
2025-11-20,CL1001,Chocolatos 1000,6.0
2025-11-21,CL1001,Chocolatos 1000,5.0
2025-11-22,CL1001,Chocolatos 1000,3.0
2025-11-24,CL1001,Chocolatos 1000,5.0
2025-12-08,CL1001,Chocolatos 1000,2.0
2025-12-12,CL1001,Chocolatos 1000,3.0
2025-12-13,CL1001,Chocolatos 1000,7.0
2025-12-14,CL1001,Chocolatos 1000,1.0
2025-12-15,CL1001,Chocolatos 1000,4.0
2025-12-16,CL1001,Chocolatos 1000,1.0
2025-12-17,CL1001,Chocolatos 1000,2.0
2025-12-22,CL1001,Chocolatos 1000,2.0
2025-12-23,CL1001,Chocolatos 1000,4.0
2025-12-25,CL1001,Chocolatos 1000,1.0
2025-12-26,CL1001,Chocolatos 1000,2.0
2025-12-27,CL1001,Chocolatos 1000,1.0
2025-12-28,CL1001,Chocolatos 1000,3.0
2025-12-29,CL1001,Chocolatos 1000,7.0
2025-12-30,CL1001,Chocolatos 1000,4.0
2026-01-01,CL1001,Chocolatos 1000,27.0
2026-01-02,CL1001,Chocolatos 1000,34.0
2026-01-05,CL1001,Chocolatos 1000,36.0
2026-01-06,CL1001,Chocolatos 1000,22.0
2026-01-10,CL1001,Chocolatos 1000,31.0
2026-01-13,CL1001,Chocolatos 1000,24.0
2026-01-15,CL1001,Chocolatos 1000,20.0
2026-01-21,CL1001,Chocolatos 1000,37.0
2026-01-22,CL1001,Chocolatos 1000,33.0
2026-01-26,CL1001,Chocolatos 1000,70.0
2026-01-28,CL1001,Chocolatos 1000,15.0
2026-01-30,CL1001,Chocolatos 1000,20.0
2026-01-31,CL1001,Chocolatos 1000,48.0
2026-02-01,CL1001,Chocolatos 1000,12.0
2026-02-03,CL1001,Chocolatos 1000,10.0
2026-02-16,CL1001,Chocolatos 1000,10.0
2026-02-21,CL1001,Chocolatos 1000,10.0
2026-02-23,CL1001,Chocolatos 1000,10.0
2026-02-26,CL1001,Chocolatos 1000,11.0
2026-02-28,CL1001,Chocolatos 1000,1.0
2026-03-01,CL1001,Chocolatos 1000,2.0
2026-03-21,CL1001,Chocolatos 1000,72.0
2026-03-29,CL1001,Chocolatos 1000,2.0
2026-04-03,CL1001,Chocolatos 1000,1.0
2026-04-19,CL1001,Chocolatos 1000,1.0
2026-04-21,CL1001,Chocolatos 1000,40.0
2026-04-27,CL1001,Chocolatos 1000,3.0
2026-05-10,CL1001,Chocolatos 1000,1.0
2026-05-29,CL1001,Chocolatos 1000,1.0
2026-06-06,CL1001,Chocolatos 1000,3.0
2026-06-20,CL1001,Chocolatos 1000,1.0
2026-06-21,CL1001,Chocolatos 1000,1.0
2026-06-25,CL1001,Chocolatos 1000,1.0
2026-07-17,CL1001,Chocolatos 1000,1.0
2024-01-01,CL5001,Chocolatos 500,72.0
2024-03-18,CL5001,Chocolatos 500,18.0
2024-03-26,CL5001,Chocolatos 500,30.0
2024-03-27,CL5001,Chocolatos 500,22.0
2024-03-28,CL5001,Chocolatos 500,19.0
2024-03-31,CL5001,Chocolatos 500,92.0
2024-04-01,CL5001,Chocolatos 500,30.0
2024-04-02,CL5001,Chocolatos 500,40.0
2024-04-09,CL5001,Chocolatos 500,27.0
2024-04-12,CL5001,Chocolatos 500,48.0
2024-04-21,CL5001,Chocolatos 500,24.0
2024-04-24,CL5001,Chocolatos 500,30.0
2024-05-03,CL5001,Chocolatos 500,22.0
2024-05-17,CL5001,Chocolatos 500,41.0
2024-05-21,CL5001,Chocolatos 500,50.0
2024-05-22,CL5001,Chocolatos 500,22.0
2024-05-27,CL5001,Chocolatos 500,80.0
2024-05-28,CL5001,Chocolatos 500,38.0
2024-06-02,CL5001,Chocolatos 500,45.0
2024-06-30,CL5001,Chocolatos 500,40.0
2024-07-14,CL5001,Chocolatos 500,49.0
2024-07-30,CL5001,Chocolatos 500,2.0
2024-08-10,CL5001,Chocolatos 500,48.0
2024-08-12,CL5001,Chocolatos 500,43.0
2024-08-23,CL5001,Chocolatos 500,40.0
2024-08-24,CL5001,Chocolatos 500,54.0
2024-08-29,CL5001,Chocolatos 500,32.0
2024-09-03,CL5001,Chocolatos 500,33.0
2024-09-07,CL5001,Chocolatos 500,53.0
2024-09-12,CL5001,Chocolatos 500,39.0
2024-09-23,CL5001,Chocolatos 500,23.0
2024-09-28,CL5001,Chocolatos 500,52.0
2024-10-01,CL5001,Chocolatos 500,32.0
2024-11-20,CL5001,Chocolatos 500,45.0
2024-12-30,CL5001,Chocolatos 500,42.0
2025-10-21,CL5001,Chocolatos 500,2.0
2025-11-09,CL5001,Chocolatos 500,5.0
2025-11-21,CL5001,Chocolatos 500,24.0
2025-11-23,CL5001,Chocolatos 500,8.0
2025-11-26,CL5001,Chocolatos 500,8.0
2025-12-09,CL5001,Chocolatos 500,5.0
2025-12-14,CL5001,Chocolatos 500,1.0
2025-12-22,CL5001,Chocolatos 500,1.0
2025-12-27,CL5001,Chocolatos 500,1.0
2026-01-02,CL5001,Chocolatos 500,31.0
2026-02-03,CL5001,Chocolatos 500,24.0
2026-02-28,CL5001,Chocolatos 500,2.0
2026-03-01,CL5001,Chocolatos 500,10.0
2026-03-17,CL5001,Chocolatos 500,48.0
2026-03-18,CL5001,Chocolatos 500,2.0
2026-03-29,CL5001,Chocolatos 500,2.0
2026-03-31,CL5001,Chocolatos 500,2.0
2026-04-03,CL5001,Chocolatos 500,2.0
2026-04-12,CL5001,Chocolatos 500,24.0
2026-04-18,CL5001,Chocolatos 500,7.0
2026-04-24,CL5001,Chocolatos 500,5.0
2026-04-30,CL5001,Chocolatos 500,24.0
2026-05-06,CL5001,Chocolatos 500,3.0
2026-05-09,CL5001,Chocolatos 500,2.0
2026-05-17,CL5001,Chocolatos 500,1.0
2026-05-19,CL5001,Chocolatos 500,4.0
2026-05-23,CL5001,Chocolatos 500,3.0
204-04-14,CLB001,Chocolatos bubuk,33.0
2024-01-02,CLB001,Chocolatos bubuk,37.0
2024-01-04,CLB001,Chocolatos Bubuk,23.0
2024-01-08,CLB001,Chocolatos bubuk,23.0
2024-01-13,CLB001,Chocolatos bubuk,33.0
2024-01-21,CLB001,Chocolatos bubuk,32.0
2024-01-26,CLB001,Chocolatos bubuk,12.0
2024-01-28,CLB001,Chocolatos bubuk,21.0
2024-02-09,CLB001,Chocolatos bubuk,10.0
2024-02-12,CLB001,Chocolatos bubuk,22.0
2024-02-18,CLB001,Chocolatos bubuk,19.0
2024-02-19,CLB001,Chocolatos bubuk,9.0
2024-02-27,CLB001,Chocolatos bubuk,40.0
2024-03-17,CLB001,Chocolatos bubuk,25.0
2024-03-20,CLB001,Chocolatos bubuk,18.0
2024-05-13,CLB001,Chocolatos bubuk,17.0
2024-05-14,CLB001,Chocolatos bubuk,20.0
2024-05-17,CLB001,Chocolatos bubuk,31.0
2024-05-19,CLB001,Chocolatos bubuk,23.0
2024-06-02,CLB001,Chocolatos bubuk,34.0
2024-06-05,CLB001,Chocolatos bubuk,20.0
2024-06-11,CLB001,Chocolatos bubuk,22.0
2024-06-13,CLB001,Chocolatos bubuk,11.0
2024-06-21,CLB001,Chocolatos bubuk,8.0
2024-06-22,CLB001,Chocolatos bubuk,59.0
2024-06-27,CLB001,Chocolatos bubuk,12.0
2024-07-05,CLB001,Chocolatos bubuk,30.0
2024-07-15,CLB001,Chocolatos bubuk,20.0
2024-07-24,CLB001,Chocolatos bubuk,29.0
2024-08-10,CLB001,Chocolatos bubuk,20.0
2024-08-13,CLB001,Chocolatos bubuk,22.0
2024-08-17,CLB001,Chocolatos bubuk,30.0
2024-08-31,CLB001,Chocolatos bubuk,21.0
2024-09-04,CLB001,Chocolatos bubuk,20.0
2024-09-05,CLB001,Chocolatos bubuk,22.0
2024-09-07,CLB001,Chocolatos bubuk,43.0
2024-09-11,CLB001,Chocolatos bubuk,42.0
2024-09-18,CLB001,Chocolatos bubuk,20.0
2024-10-12,CLB001,Chocolatos bubuk,58.0
2024-10-26,CLB001,Chocolatos bubuk,45.0
2024-10-28,CLB001,Chocolatos bubuk,12.0
2024-11-06,CLB001,Chocolatos bubuk,39.0
2024-11-09,CLB001,Chocolatos bubuk,23.0
2024-11-21,CLB001,Chocolatos bubuk,56.0
2024-11-30,CLB001,Chocolatos bubuk,30.0
2025-10-25,CLB001,Chocolatos bubuk,10.0
2025-10-29,CLB001,Chocolatos bubuk,2.0
2026-01-02,CLB001,Chocolatos bubuk,10.0
2026-01-09,CLB001,Chocolatos bubuk,32.0
2026-01-19,CLB001,Chocolatos bubuk,34.0
2026-01-28,CLB001,Chocolatos bubuk,21.0
2026-02-05,CLB001,Chocolatos bubuk,10.0
2026-02-07,CLB001,Chocolatos bubuk,2.0
2026-02-20,CLB001,Chocolatos bubuk,10.0
2026-03-17,CLB001,Chocolatos bubuk,3.0
2026-03-19,CLB001,Chocolatos bubuk,4.0
2026-03-20,CLB001,Chocolatos bubuk,2.0
2026-03-24,CLB001,Chocolatos bubuk,1.0
2026-04-05,CLB001,Chocolatos bubuk,1.0
2026-04-13,CLB001,Chocolatos bubuk,1.0
2026-04-14,CLB001,Chocolatos bubuk,20.0
2026-04-17,CLB001,Chocolatos bubuk,2.0
2026-04-18,CLB001,Chocolatos bubuk,1.0
2026-04-23,CLB001,Chocolatos bubuk,1.0
2026-05-03,CLB001,Chocolatos bubuk,2.0
2026-06-03,CLB001,Chocolatos bubuk,3.0
2026-06-04,CLB001,Chocolatos bubuk,2.0
2026-06-19,CLB001,Chocolatos bubuk,3.0
2026-06-21,CLB001,Chocolatos bubuk,2.0
2026-06-27,CLB001,Chocolatos bubuk,1.0
2026-06-29,CLB001,Chocolatos bubuk,1.0
2026-07-09,CLB001,Chocolatos bubuk,3.0
2026-07-11,CLB001,Chocolatos bubuk,2.0
2026-07-12,CLB001,Chocolatos bubuk,1.0
2024-01-27,CLO01,CLEO MINERAL,10.0
2024-03-02,CLO01,Cleo mineral,5.0
2024-04-19,CLO01,Cleo mineral,10.0
2024-08-03,CLO01,Cleo mineral,9.0
2024-08-20,CLO01,Cleo mineral,5.0
2024-08-27,CLO01,Cleo mineral,2.0
2024-09-04,CLO01,Cleo mineral,21.0
2024-09-06,CLO01,Cleo mineral,9.0
2024-11-15,CLO01,Cleo mineral,6.0
2026-03-05,CLO01,Cleo mineral,1.0
2026-03-28,CLO01,Cleo mineral,1.0
2026-04-02,CLO01,Cleo mineral,1.0
2026-04-14,CLO01,Cleo mineral,1.0
2026-04-18,CLO01,Cleo mineral,1.0
2026-07-05,CLO01,Cleo mineral,1.0
204-08-28,CLP001,Chocolatos pillow,54.0
2024-04-09,CLP001,Chocolatos pillow,20.0
2024-06-07,CLP001,Chocolatos pillow,20.0
2024-07-11,CLP001,Chocolatos pillow,33.0
2024-07-24,CLP001,Chocolatos pillow,19.0
2024-07-26,CLP001,Chocolatos pillow,18.0
2024-07-29,CLP001,Chocolatos pillow,54.0
2024-08-03,CLP001,Chocolatos pillow,20.0
2024-08-11,CLP001,Chocolatos pillow,30.0
2024-08-21,CLP001,Chocolatos pillow,32.0
2024-08-25,CLP001,Chocolatos pillow,33.0
2024-11-27,CLP001,Chocolatos pillow,20.0
2024-12-04,CLP001,Chocolatos pillow,33.0
2025-12-16,CLP001,Chocolatos pillow,4.0
2025-12-22,CLP001,Chocolatos pillow,1.0
2025-12-28,CLP001,Chocolatos pillow,1.0
2025-12-30,CLP001,Chocolatos pillow,2.0
2026-01-06,CLP001,Chocolatos pillow,36.0
2026-01-12,CLP001,Chocolatos pillow,44.0
2026-01-16,CLP001,Chocolatos pillow,29.0
2026-01-28,CLP001,Chocolatos pillow,17.0
2026-02-19,CLP001,Chocolatos pillow,2.0
2026-02-21,CLP001,Chocolatos pillow,2.0
2026-02-23,CLP001,Chocolatos pillow,1.0
2026-02-27,CLP001,Chocolatos pillow,2.0
2026-02-28,CLP001,Chocolatos pillow,2.0
2026-03-02,CLP001,Chocolatos pillow,1.0
2026-03-07,CLP001,Chocolatos pillow,2.0
2026-03-18,CLP001,Chocolatos pillow,2.0
2026-03-29,CLP001,Chocolatos pillow,3.0
2026-04-01,CLP001,Chocolatos pillow,2.0
2026-04-03,CLP001,Chocolatos pillow,1.0
2024-12-07,CLR001,Chocolatos rich,24.0
2024-12-19,CLR001,Chocolatos rich,21.0
2025-10-18,CLR001,Chocolatos rich,24.0
2025-10-21,CLR001,Chocolatos rich,2.0
2025-11-09,CLR001,Chocolatos rich,2.0
2025-11-16,CLR001,Chocolatos rich,6.0
2025-11-23,CLR001,Chocolatos rich,2.0
2024-08-21,CLU001,Close up,3.0
2026-03-29,CLU001,Close up,1.0
2024-01-17,CLV001,CLEVO,32.0
2024-02-04,CLV001,CLEVO,87.0
2024-05-29,CLV001,CLEVO,10.0
2024-08-12,CLV001,Clevo,30.0
2025-10-31,CLV001,Clevo,12.0
2025-11-15,CLV001,Clevo,2.0
2026-03-19,CLV001,Clevo,2.0
2024-11-24,CM001,Clevo milk,53.0
2024-12-29,CM001,Clevo milk,88.0
2025-12-07,CM001,Clevo milk,1.0
2026-01-04,CM001,Clevo milk,29.0
2024-01-29,CS001,CUSSION BABY,7.0
2024-04-01,CS001,Cussion baby,6.0
2024-01-09,CTT001,Chitato,39.0
2024-02-14,CTT001,Chitato,30.0
2024-04-06,CTT001,Chitato,29.0
2025-10-21,CTT001,Chitato,1.0
2025-11-25,CTT001,Chitato,2.0
2024-02-04,DC001,DILAN CREAM,17.0
2024-01-08,DLC001,dilan cookies,60.0
2024-01-15,DLC001,dilan cookies,76.0
2024-03-26,DLC001,Dilan cookies,18.0
2024-08-05,DLC001,Dilan cookies,39.0
2025-10-12,DLC001,Dilan Cookies,24.0
2025-10-25,DLC001,Dilan cookies,10.0
2026-03-10,DLC001,Dilan cookies,1.0
204-08-28,DLN001,Dilan 1000,43.0
2024-01-20,DLN001,DILAN 1000,30.0
2024-04-18,DLN001,Dilan 1000,40.0
2024-04-19,DLN001,Dilan 1000,72.0
2024-05-27,DLN001,Dilan 1000,36.0
2024-06-08,DLN001,Dilan 1000,21.0
2024-06-11,DLN001,Dilan 1000,30.0
2024-06-18,DLN001,Dilan 1000,40.0
2024-06-23,DLN001,Dilan 1000,30.0
2024-06-25,DLN001,Dilan 1000,30.0
2024-07-05,DLN001,Dilan 1000,30.0
2024-07-14,DLN001,Dilan 1000,33.0
2024-07-23,DLN001,Dilan 1000,30.0
2024-07-29,DLN001,Dilan 1000,22.0
2024-07-31,DLN001,Dilan 1000,33.0
2024-08-02,DLN001,Dilan 1000,43.0
2024-08-22,DLN001,Dilan 1000,30.0
2024-08-27,DLN001,Dilan 1000,43.0
2024-09-01,DLN001,Dilan 1000,21.0
2024-09-07,DLN001,Dilan 1000,54.0
2024-09-08,DLN001,Dilan 1000,53.0
2024-09-10,DLN001,Dilan 1000,34.0
2024-09-11,DLN001,Dilan 1000,43.0
2024-09-14,DLN001,Dilan 1000,53.0
2024-09-16,DLN001,Dilan 1000,32.0
2024-09-18,DLN001,Dilan 1000,31.0
2024-09-19,DLN001,Dilan 1000,12.0
2024-09-23,DLN001,Dilan 1000,42.0
2024-10-02,DLN001,Dilan 1000,31.0
2024-10-08,DLN001,Dilan 1000,24.0
2024-10-09,DLN001,Dilan 1000,29.0
2024-10-13,DLN001,Dilan 1000,21.0
2024-10-21,DLN001,Dilan 1000,23.0
2024-10-31,DLN001,Dilan 1000,54.0
2024-11-04,DLN001,Dilan 1000,42.0
2024-11-06,DLN001,Dilan 1000,26.0
2024-12-01,DLN001,Dilan 1000,90.0
2024-12-07,DLN001,Dilan 1000,43.0
2025-10-17,DLN001,Dilan 1000,2.0
2025-10-18,DLN001,Dilan 1000,24.0
2025-10-19,DLN001,Dilan 1000,24.0
2025-10-21,DLN001,Dilan 1000,1.0
2025-11-03,DLN001,Dilan 1000,3.0
2025-11-08,DLN001,Dilan 1000,3.0
2025-11-18,DLN001,Dilan 1000,3.0
2025-11-20,DLN001,Dilan 1000,5.0
2025-11-24,DLN001,Dilan 1000,2.0
2025-12-16,DLN001,Dilan 1000,2.0
2025-12-26,DLN001,Dilan 1000,1.0
2025-12-27,DLN001,Dilan 1000,2.0
2025-12-29,DLN001,Dilan 1000,2.0
2026-01-13,DLN001,Dilan 1000,34.0
2026-01-19,DLN001,Dilan 1000,64.0
2026-01-21,DLN001,Dilan 1000,64.0
2026-01-30,DLN001,Dilan 1000,30.0
2026-02-03,DLN001,Dilan 1000,11.0
2026-02-06,DLN001,Dilan 1000,5.0
2026-02-10,DLN001,Dilan 1000,10.0
2026-02-14,DLN001,Dilan 1000,3.0
2026-02-15,DLN001,Dilan 1000,10.0
2026-02-18,DLN001,Dilan 1000,4.0
2026-02-24,DLN001,Dilan 1000,10.0
2026-02-28,DLN001,Dilan 1000,1.0
2026-03-01,DLN001,Dilan 1000,2.0
2026-03-04,DLN001,Dilan 1000,1.0
2026-03-27,DLN001,Dilan 1000,1.0
2026-03-29,DLN001,Dilan 1000,1.0
2026-04-02,DLN001,Dilan 1000,2.0
2026-04-03,DLN001,Dilan 1000,1.0
2026-04-09,DLN001,Dilan 1000,3.0
2026-04-18,DLN001,Dilan 1000,7.0
2026-04-19,DLN001,Dilan 1000,10.0
2026-04-22,DLN001,Dilan 1000,2.0
2026-04-23,DLN001,Dilan 1000,1.0
2026-04-28,DLN001,Dilan 1000,1.0
2026-05-01,DLN001,Dilan 1000,6.0
2026-05-02,DLN001,Dilan 1000,1.0
2026-05-03,DLN001,Dilan 1000,5.0
2026-05-04,DLN001,Dilan 1000,8.0
2026-05-10,DLN001,Dilan 1000,12.0
2026-05-23,DLN001,Dilan 1000,4.0
2026-05-31,DLN001,Dilan 1000,4.0
2026-06-01,DLN001,Dilan 1000,1.0
2026-06-05,DLN001,Dilan 1000,1.0
2026-06-13,DLN001,Dilan 1000,1.0
2026-06-24,DLN001,Dilan 1000,1.0
2026-06-26,DLN001,Dilan 1000,1.0
2026-06-27,DLN001,Dilan 1000,4.0
2026-07-19,DLN001,Dilan 1000,1.0
2026-07-28,DLN001,Dilan 1000,2.0
204-08-28,DLN02,Dilan 2000,54.0
2024-04-19,DLN02,Dilan 2000,30.0
2024-05-22,DLN02,Dilan 2000,30.0
2024-05-27,DLN02,Dilan 2000,23.0
2024-06-18,DLN02,Dilan 2000,18.0
2024-06-20,DLN02,Dilan 2000,54.0
2024-06-23,DLN02,Dilan 2000,14.0
2024-06-27,DLN02,Dilan 2000,20.0
2024-06-28,DLN02,Dilan 2000,25.0
2024-06-29,DLN02,Dilan 2000,34.0
2024-07-06,DLN02,Dilan 2000,29.0
2024-07-26,DLN02,Dilan 2000,40.0
2024-07-29,DLN02,Dilan 2000,31.0
2024-08-02,DLN02,Dilan 2000,33.0
2024-08-22,DLN02,Dilan 2000,21.0
2024-08-24,DLN02,Dilan 2000,22.0
2024-08-25,DLN02,Dilan 2000,20.0
2024-08-27,DLN02,Dilan 2000,33.0
2024-08-29,DLN02,Dilan 2000,53.0
2024-09-01,DLN02,Dilan 2000,33.0
2024-09-06,DLN02,Dilan 2000,42.0
2024-09-10,DLN02,Dilan 2000,20.0
2024-09-24,DLN02,Dilan 2000,43.0
2024-09-30,DLN02,Dilan 2000,30.0
2024-10-08,DLN02,Dilan 2000,30.0
2024-10-10,DLN02,Dilan 2000,45.0
2024-10-13,DLN02,Dilan 2000,33.0
2024-10-20,DLN02,Dilan 2000,56.0
2024-10-23,DLN02,Dilan 2000,12.0
2024-10-26,DLN02,Dilan 2000,23.0
2024-10-28,DLN02,Dilan 2000,54.0
2024-10-31,DLN02,Dilan 2000,21.0
2024-11-01,DLN02,Dilan 2000,34.0
2024-11-02,DLN02,Dilan 2000,54.0
2024-11-08,DLN02,Dilan 2000,44.0
2024-11-09,DLN02,Dilan 2000,32.0
2024-11-11,DLN02,Dilan 2000,61.0
2024-11-14,DLN02,Dilan 2000,29.0
2024-11-23,DLN02,Dilan 2000,31.0
2024-12-18,DLN02,Dilan 2000,29.0
2024-12-21,DLN02,Dilan 2000,2.0
2024-12-23,DLN02,Dilan 2000,33.0
2025-11-03,DLN02,Dilan 2000,12.0
2025-11-09,DLN02,Dilan 2000,3.0
2025-11-15,DLN02,Dilan 2000,2.0
2025-11-18,DLN02,Dilan 2000,2.0
2025-11-20,DLN02,Dilan 2000,2.0
2025-11-23,DLN02,Dilan 2000,3.0
2025-12-07,DLN02,Dilan 2000,2.0
2025-12-09,DLN02,Dilan 2000,1.0
2025-12-13,DLN02,Dilan 2000,1.0
2025-12-16,DLN02,Dilan 2000,1.0
2025-12-22,DLN02,Dilan 2000,1.0
2025-12-31,DLN02,Dilan 2000,1.0
2026-01-04,DLN02,Dilan 2000,17.0
2026-01-22,DLN02,Dilan 2000,39.0
2026-02-18,DLN02,Dilan 2000,1.0
2026-02-22,DLN02,Dilan 2000,1.0
2026-02-28,DLN02,Dilan 2000,1.0
2026-03-01,DLN02,Dilan 2000,1.0
2026-03-04,DLN02,Dilan 2000,1.0
2026-03-29,DLN02,Dilan 2000,1.0
2026-03-30,DLN02,Dilan 2000,2.0
2026-04-01,DLN02,Dilan 2000,1.0
2026-04-02,DLN02,Dilan 2000,2.0
2026-04-03,DLN02,Dilan 2000,1.0
2026-04-04,DLN02,Dilan 2000,1.0
2026-04-09,DLN02,Dilan 2000,1.0
2026-04-17,DLN02,Dilan 2000,1.0
2026-04-22,DLN02,Dilan 2000,3.0
2026-05-11,DLN02,Dilan 2000,2.0
2026-05-18,DLN02,Dilan 2000,1.0
2026-05-22,DLN02,Dilan 2000,1.0
2026-05-31,DLN02,Dilan 2000,1.0
2026-06-01,DLN02,Dilan 2000,2.0
2026-06-02,DLN02,Dilan 2000,1.0
2026-06-05,DLN02,Dilan 2000,1.0
2026-06-12,DLN02,Dilan 2000,1.0
2026-06-16,DLN02,Dilan 2000,4.0
2026-06-18,DLN02,Dilan 2000,1.0
2026-06-20,DLN02,Dilan 2000,1.0
2026-06-21,DLN02,Dilan 2000,1.0
2026-06-23,DLN02,Dilan 2000,1.0
2026-06-24,DLN02,Dilan 2000,1.0
2026-06-25,DLN02,Dilan 2000,3.0
2026-06-28,DLN02,Dilan 2000,2.0
2026-06-29,DLN02,Dilan 2000,1.0
2026-06-30,DLN02,Dilan 2000,1.0
2026-07-01,DLN02,Dilan 2000,1.0
2026-07-04,DLN02,Dilan 2000,4.0
2026-07-11,DLN02,Dilan 2000,2.0
2026-07-25,DLN02,Dilan 2000,4.0
2024-03-21,DNW01,Dancow,11.0
2024-05-30,DNW01,DANCOW,12.0
2024-01-01,DNY001,Downy,60.0
2024-02-06,DNY001,Downy,36.0
2024-03-17,DNY001,Downy,34.0
2024-03-19,DNY001,Downy,29.0
2024-03-22,DNY001,Downy,47.0
2024-03-29,DNY001,Downy,40.0
2024-04-01,DNY001,Downy,30.0
2024-04-05,DNY001,Downy,12.0
2024-04-18,DNY001,Downy,40.0
2024-04-20,DNY001,Downy,40.0
2024-05-15,DNY001,Downy,34.0
2024-05-27,DNY001,Downy,21.0
2024-06-06,DNY001,Downy,30.0
2024-06-08,DNY001,Downy,30.0
2024-07-03,DNY001,Downy,75.0
2024-07-31,DNY001,Downy,70.0
2024-09-05,DNY001,Downy,39.0
2024-11-24,DNY001,Downy,56.0
2024-12-08,DNY001,Downy,30.0
2025-10-20,DNY001,Downy,4.0
2025-10-25,DNY001,Downy,3.0
2025-12-08,DNY001,Downy,2.0
2025-12-16,DNY001,Downy,10.0
2025-12-25,DNY001,Downy,1.0
2026-01-04,DNY001,Downy,20.0
2026-01-10,DNY001,Downy,61.0
2026-01-11,DNY001,Downy,44.0
2026-01-13,DNY001,Downy,31.0
2026-03-01,DNY001,Downy,1.0
2026-03-27,DNY001,Downy,3.0
2026-04-16,DNY001,Downy,8.0
2026-07-18,DNY001,Downy,2.0
2026-07-24,DNY001,Downy,4.0
2024-06-12,DNY002,Downy 2,20.0
2024-07-16,DNY002,Downy 2,22.0
2024-08-03,DNY002,Downy 2,30.0
2024-09-24,DNY002,Downy 2,121.0
2026-01-27,DNY002,Downy 2,50.0
2026-02-06,DNY002,Downy 2,2.0
2026-03-05,DNY002,Downy 2,3.0
2026-05-11,DNY002,Downy 2,2.0
2026-07-24,DNY002,Downy 2,6.0
2024-01-27,DSK01,DESAKU REMPAH,27.0
2024-06-02,DSK01,Desaku rempah,21.0
2024-06-05,DSK01,Desaku rempah,18.0
2024-07-01,DSK01,Desaku rempah,20.0
2024-07-02,DSK01,Desaku rempah,30.0
2024-11-21,DSK01,Desaku rempah,40.0
2024-11-30,DSK01,Desaku rempah,21.0
2025-12-14,DSK01,Desaku rempah,3.0
2025-12-23,DSK01,Desaku rempah,1.0
2026-01-02,DSK01,Desaku rempah,20.0
2026-01-09,DSK01,Desaku rempah,19.0
2026-02-02,DSK01,Desaku rempah,10.0
204-07-22,DSO001,Desaku opor,43.0
2024-01-20,DSO001,DESAKU OPOR,25.0
2024-02-22,DSO001,Desaku opor,9.0
2024-03-13,DSO001,Desaku opor,18.0
2024-04-19,DSO001,Desaku opor,20.0
2024-05-07,DSO001,Desaku opor,35.0
2024-05-19,DSO001,Desaku opor,10.0
2024-06-14,DSO001,Desaku opor,30.0
2024-07-06,DSO001,Desaku opor,15.0
2024-07-19,DSO001,Desaku opor,10.0
2024-07-28,DSO001,Desaku opor,31.0
2024-08-21,DSO001,Desaku opor,17.0
2024-09-02,DSO001,Desaku opor,22.0
2024-09-19,DSO001,Desaku opor,10.0
2024-09-28,DSO001,Desaku opor,41.0
2024-10-09,DSO001,Desaku opor,21.0
2024-10-25,DSO001,Desaku opor,12.0
2024-12-28,DSO001,Desaku opor,86.0
2025-10-10,DSO001,Desaku Opor,3.0
2025-10-18,DSO001,Desaku opor,10.0
2025-11-04,DSO001,Desaku opor,2.0
2025-12-04,DSO001,Desaku opor,1.0
2025-12-24,DSO001,Desaku opor,1.0
2025-12-28,DSO001,Desaku opor,1.0
2026-01-22,DSO001,Desaku opor,36.0
2026-01-23,DSO001,Desaku opor,10.0
2026-02-08,DSO001,Desaku opor,10.0
2026-02-14,DSO001,Desaku opor,10.0
2026-02-18,DSO001,Desaku opor,10.0
2026-02-25,DSO001,Desaku opor,1.0
2026-03-29,DSO001,Desaku opor,1.0
2026-04-12,DSO001,Desaku opor,1.0
2026-05-03,DSO001,Desaku opor,1.0
2026-05-09,DSO001,Desaku opor,4.0
2026-05-17,DSO001,Desaku opor,1.0
2026-06-01,DSO001,Desaku opor,1.0
2026-06-19,DSO001,Desaku opor,2.0
2024-05-04,DTK001,Detol kecil,10.0
2024-01-03,DTL001,Detol,16.0
2024-01-14,DTL001,Detol,17.0
2024-01-19,DTL001,Detol,10.0
2024-01-22,DTL001,Detol,8.0
2024-02-10,DTL001,DETOL,4.0
2024-02-16,DTL001,Detol,10.0
2024-02-19,DTL001,Detol,8.0
2024-03-06,DTL001,Detol,17.0
2024-05-14,DTL001,Detol,10.0
2024-05-15,DTL001,Detol,11.0
2024-05-30,DTL001,DETOL,10.0
2024-06-22,DTL001,Detol,10.0
2024-08-27,DTL001,Detol,10.0
2024-10-12,DTL001,Detol,9.0
2026-04-02,DTL001,Detol,1.0
2026-06-04,DTL001,Detol,1.0
2024-01-22,EKC001,Ekonomi Cair,4.0
2024-01-28,EKC001,Ekonomi cair,4.0
2024-03-14,EKC001,Ekonomi cair,24.0
2024-03-21,EKC001,Ekonomi cair,11.0
2024-04-06,EKC001,Ekonomi cair,16.0
2024-04-24,EKC001,Ekonomi cair,30.0
2024-06-08,EKC001,Ekonomi cair,9.0
2024-07-06,EKC001,Ekonomi cair,21.0
2024-07-08,EKC001,Ekonomi cair,10.0
2024-07-16,EKC001,Ekonomi cair,10.0
2024-08-06,EKC001,Ekonomi cair,9.0
2024-08-10,EKC001,Ekonomi cair,30.0
2024-09-13,EKC001,Ekonomi cair,9.0
2024-09-15,EKC001,Ekonomi cair,12.0
2024-09-29,EKC001,Ekonomi cair,31.0
2024-10-02,EKC001,Ekonomi cair,10.0
2024-12-22,EKC001,Ekonomi cair,10.0
2025-10-10,EKC001,Ekonomi Cair,22.0
2025-11-02,EKC001,Ekonomi cair,3.0
2025-11-10,EKC001,Ekonomi cair,1.0
2025-11-21,EKC001,Ekonomi cair,2.0
2025-11-30,EKC001,Ekonomi cair,1.0
2025-12-14,EKC001,Ekonomi cair,1.0
2025-12-22,EKC001,Ekonomi cair,1.0
2026-01-13,EKC001,Ekonomi cair,10.0
2026-01-22,EKC001,Ekonomi cair,6.0
2026-01-25,EKC001,Ekonomi cair,21.0
2026-02-06,EKC001,Ekonomi cair,1.0
2026-02-26,EKC001,Ekonomi cair,1.0
2026-03-07,EKC001,Ekonomi cair,1.0
2026-03-11,EKC001,Ekonomi cair,1.0
2026-03-17,EKC001,Ekonomi cair,2.0
2026-04-26,EKC001,Ekonomi cair,1.0
2026-04-30,EKC001,Ekonomi cair,2.0
2026-05-20,EKC001,Ekonomi cair,1.0
2026-05-24,EKC001,Ekonomi cair,1.0
2026-07-22,EKC001,Ekonomi cair,1.0
2024-12-08,ELP001,Elite potato,22.0
2025-10-19,ELP001,Elite potato,2.0
2024-01-07,EMR001,emeron,36.0
2024-01-25,EMR001,EMERON,28.0
2024-02-02,EMR001,Emeron,20.0
2024-02-18,EMR001,Emeron,40.0
2024-03-04,EMR001,Emeron,50.0
2024-03-21,EMR001,Emeron,24.0
2024-03-26,EMR001,Emeron,42.0
2024-04-04,EMR001,Emeron,30.0
2024-04-12,EMR001,Emeron,19.0
2024-05-12,EMR001,Emeron,40.0
2024-05-30,EMR001,EMERON,40.0
2024-06-12,EMR001,Emeron,20.0
2024-10-24,EMR001,Emeron,20.0
2024-12-25,EMR001,Emeron,68.0
2025-11-28,EMR001,Emeron,2.0
2025-12-22,EMR001,Emeron,4.0
2026-01-27,EMR001,Emeron,29.0
2026-06-17,EMR001,Emeron,2.0
2024-01-30,ENG001,ENERGEN,7.0
2024-04-20,ENG001,Energen,37.0
2024-01-31,FM001,FANCY MINERAL,5.0
2024-04-14,FM001,Fancy mineral,10.0
2024-10-20,FP001,Fernipan,10.0
2026-06-13,FP001,Fernipan,1.0
204-07-22,FTG001,Fruta gummy 2,30.0
204-08-28,FTG001,Fruta gummy 2,21.0
2024-01-06,FTG001,fruta gummy 2,45.0
2024-06-13,FTG001,Fruta gummy 2,20.0
2024-06-23,FTG001,Fruta gummy 2,20.0
2024-07-06,FTG001,Fruta gummy 2,10.0
2024-07-07,FTG001,Fruta gummy 2,31.0
2024-07-08,FTG001,Fruta gummy 2,33.0
2024-07-09,FTG001,Fruta gummy 2,30.0
2024-07-12,FTG001,Fruta gummy 2,10.0
2024-07-21,FTG001,Fruta gummy 2,20.0
2024-08-05,FTG001,Fruta gummy 2,31.0
2024-08-12,FTG001,Fruta gummy 2,42.0
2024-08-17,FTG001,Fruta gummy 2,20.0
2024-08-25,FTG001,Fruta gummy 2,13.0
2024-09-03,FTG001,Fruta gummy 2,12.0
2024-09-10,FTG001,Fruta gummy 2,23.0
2024-09-11,FTG001,Fruta gummy 2,21.0
2024-09-28,FTG001,Fruta gummy 2,42.0
2024-10-18,FTG001,Fruta gummy 2,21.0
2024-10-19,FTG001,Fruta gummy 2,34.0
2024-10-28,FTG001,Fruta gummy 2,32.0
2024-10-31,FTG001,Fruta gummy 2,62.0
2024-11-18,FTG001,Fruta gummy 2,10.0
2026-01-16,FTG001,Fruta gummy 2,20.0
2026-01-22,FTG001,Fruta gummy 2,17.0
2026-01-24,FTG001,Fruta gummy 2,30.0
2026-01-25,FTG001,Fruta gummy 2,69.0
2026-01-28,FTG001,Fruta gummy 2,10.0
2026-01-31,FTG001,Fruta gummy 2,10.0
2026-02-07,FTG001,Fruta gummy 2,2.0
2026-02-14,FTG001,Fruta gummy 2,10.0
2026-02-15,FTG001,Fruta gummy 2,3.0
2026-02-16,FTG001,Fruta gummy 2,10.0
2026-02-17,FTG001,Fruta gummy 2,5.0
2026-02-21,FTG001,Fruta gummy 2,1.0
2026-02-24,FTG001,Fruta gummy 2,1.0
2026-03-10,FTG001,Fruta gummy 2,1.0
2026-03-18,FTG001,Fruta gummy 2,2.0
2026-03-20,FTG001,Fruta gummy 2,1.0
2026-03-24,FTG001,Fruta gummy 2,1.0
2026-04-01,FTG001,Fruta gummy 2,1.0
2026-04-03,FTG001,Fruta gummy 2,2.0
2026-04-06,FTG001,Fruta gummy 2,2.0
2026-04-09,FTG001,Fruta gummy 2,1.0
2026-04-12,FTG001,Fruta gummy 2,2.0
2026-04-22,FTG001,Fruta gummy 2,1.0
2026-04-23,FTG001,Fruta gummy 2,2.0
2026-05-01,FTG001,Fruta gummy 2,1.0
2026-05-19,FTG001,Fruta gummy 2,2.0
2026-06-11,FTG001,Fruta gummy 2,1.0
2026-06-12,FTG001,Fruta gummy 2,1.0
2026-06-14,FTG001,Fruta gummy 2,2.0
2026-06-16,FTG001,Fruta Gummy 2,1.0
2026-06-21,FTG001,Fruta gummy 2,1.0
2026-06-24,FTG001,Fruta gummy 2,1.0
2026-07-08,FTG001,Fruta gummy 2,2.0
2026-07-10,FTG001,Fruta gummy 2,2.0
2026-07-12,FTG001,Fruta gummy 2,1.0
2026-07-15,FTG001,Fruta gummy 2,1.0
2026-07-18,FTG001,Fruta gummy 2,1.0
2026-07-21,FTG001,Fruta gummy 2,1.0
2026-07-22,FTG001,Fruta gummy 2,1.0
2026-07-23,FTG001,Fruta gummy 2,2.0
2026-07-24,FTG001,Fruta gummy 2,3.0
2026-07-25,FTG001,Fruta gummy 2,4.0
2026-01-24,FTG002,Fruta gummy 1,65.0
2026-01-27,FTG002,Fruta gummy 1,34.0
2026-02-07,FTG002,Fruta gummy 1,10.0
2026-05-22,FTG002,Fruta gummy 1,1.0
2026-06-13,FTG002,Fruta gummy 1,2.0
2024-01-30,GA001,GARANG ASEM,8.0
2024-04-09,GA001,Garang Asem,10.0
2024-01-28,GC001,GARUDA CORN,8.0
2024-03-25,GC001,Garuda corn,11.0
2024-04-06,GC001,Garuda corn,11.0
2024-06-26,GC001,Garuda Corn,30.0
2024-08-29,GC001,Gery Croissant,14.0
2024-11-07,GC001,Garuda Corn,32.0
2024-11-16,GC001,Garuda corn,5.0
2026-02-11,GC001,Gery croissant,1.0
2026-02-14,GC001,Gery Croissant,10.0
2026-04-04,GC001,Gery Croissant,2.0
2026-06-28,GC001,Garuda Corn,1.0
2026-07-06,GC001,Garuda corn,1.0
2024-01-07,GCC001,Garuda Crunchy,36.0
2024-01-08,GCC001,Garuda crunchy,28.0
2024-01-10,GCC001,Garuda crunchy,33.0
2024-04-09,GCC001,Garuda crunchy,20.0
2024-04-19,GCC001,Garuda crunchy,31.0
2024-06-02,GCC001,Garuda crunchy,10.0
2024-06-07,GCC001,Garuda crunchy,30.0
2024-07-01,GCC001,Garuda crunchy,43.0
2024-07-08,GCC001,Garuda crunchy,32.0
2024-08-18,GCC001,Garuda crunchy,33.0
2024-08-22,GCC001,Garuda crunchy,32.0
2024-09-16,GCC001,Garuda crunchy,22.0
2024-09-19,GCC001,Garuda crunchy,12.0
2024-09-20,GCC001,Garuda crunchy,21.0
2024-09-21,GCC001,Garuda crunchy,55.0
2024-10-02,GCC001,Garuda crunchy,32.0
2024-11-05,GCC001,Garuda crunchy,42.0
2024-11-21,GCC001,Garuda crunchy,34.0
2024-11-23,GCC001,Garuda crunchy,31.0
2024-12-01,GCC001,Garuda crunchy,31.0
2024-12-04,GCC001,Garuda crunchy,40.0
2025-10-18,GCC001,Garuda crunchy,10.0
2025-10-26,GCC001,Garuda crunchy,2.0
2025-11-01,GCC001,Garuda crunchy,2.0
2025-11-03,GCC001,Garuda crunchy,2.0
2025-11-15,GCC001,Garuda crunchy,2.0
2025-11-29,GCC001,Garuda crunchy,5.0
2025-12-20,GCC001,Garuda crunchy,1.0
2025-12-21,GCC001,Garuda crunchy,1.0
2025-12-22,GCC001,Garuda crunchy,1.0
2025-12-29,GCC001,Garuda crunchy,1.0
2025-12-30,GCC001,Garuda crunchy,2.0
2026-01-02,GCC001,Garuda crunchy,24.0
2026-01-03,GCC001,Garuda crunchy,22.0
2026-01-16,GCC001,Garuda crunchy,25.0
2026-01-25,GCC001,Garuda crunchy,46.0
2026-03-26,GCC001,Garuda crunchy,3.0
2026-03-27,GCC001,Garuda crunchy,2.0
2026-03-29,GCC001,Garuda crunchy,1.0
2026-05-01,GCC001,Garuda crunchy,2.0
2026-05-02,GCC001,Garuda crunchy,1.0
2026-05-04,GCC001,Garuda crunchy,2.0
2026-05-05,GCC001,Garuda crunchy,1.0
2026-05-06,GCC001,Garuda crunchy,1.0
2026-05-24,GCC001,Garuda crunchy,1.0
2026-06-26,GCC001,Garuda crunchy,2.0
2024-01-27,GD001,GARUDA DONAT,18.0
2024-02-20,GD001,Garuda donat,29.0
2024-03-01,GD001,Garuda donat,32.0
2024-02-03,GDL001,GOOD DAY LATTE,12.0
2024-08-16,GDL001,Good Day latte,32.0
2025-10-25,GDL001,GoodDay latte,2.0
2025-10-27,GDL001,GoodDay latte,2.0
2026-03-23,GDL001,Good Day latte,4.0
2024-01-02,GDY001,Good day,10.0
2024-01-06,GDY001,good day,36.0
2024-02-16,GDY001,Good Day,13.0
2024-02-19,GDY001,Good Day,32.0
2024-03-06,GDY001,Good Day,20.0
2024-04-12,GDY001,Good Day,23.0
2024-04-18,GDY001,Good Day,30.0
2024-04-27,GDY001,Good Day,20.0
2024-05-08,GDY001,Good Day,18.0
2024-05-13,GDY001,Good Day,10.0
2024-05-17,GDY001,Good Day,11.0
2024-06-05,GDY001,Good Day,19.0
2024-06-07,GDY001,Good day,20.0
2024-06-10,GDY001,Good Day,10.0
2024-06-12,GDY001,Good Day,39.0
2024-06-18,GDY001,Good Day,30.0
2024-06-22,GDY001,Good Day,41.0
2024-06-26,GDY001,Good Day,10.0
2024-06-27,GDY001,Good Day,30.0
2024-06-28,GDY001,Good Day,30.0
2024-06-29,GDY001,Good Day,33.0
2024-08-01,GDY001,Good Day,30.0
2024-08-04,GDY001,Good Day,2.0
2024-08-04,GDY001,Good day,32.0
2024-08-30,GDY001,Good Day,33.0
2024-08-31,GDY001,Good Day,53.0
2024-09-02,GDY001,Good Day,22.0
2024-09-05,GDY001,Good Day,54.0
2024-09-18,GDY001,Good Day,10.0
2024-09-25,GDY001,Good Day,21.0
2024-09-27,GDY001,Good Day,21.0
2024-09-30,GDY001,Good Day,43.0
2024-10-06,GDY001,Good Day,31.0
2024-10-07,GDY001,Good Day,21.0
2024-10-12,GDY001,Good Day,43.0
2024-10-27,GDY001,Good Day,21.0
2024-11-07,GDY001,Good Day,23.0
2024-11-10,GDY001,Good Day,88.0
2024-11-14,GDY001,Good Day,31.0
2024-11-16,GDY001,Good Day,45.0
2024-11-24,GDY001,Good Day,43.0
2024-11-27,GDY001,Good Day,21.0
2024-11-30,GDY001,Good Day,32.0
2024-12-01,GDY001,Good day,10.0
2024-12-14,GDY001,Good Day,10.0
2024-12-15,GDY001,Good Day,21.0
2024-12-17,GDY001,Good Day,21.0
2025-10-21,GDY001,Good Day,10.0
2025-10-26,GDY001,Good Day,2.0
2025-11-10,GDY001,Good Day,10.0
2025-11-11,GDY001,Good Day,10.0
2025-11-14,GDY001,Good Day,3.0
2025-12-21,GDY001,Good Day,1.0
2025-12-28,GDY001,Good Day,2.0
2026-01-03,GDY001,Good Day,20.0
2026-01-04,GDY001,Good Day,11.0
2026-01-06,GDY001,Good Day,16.0
2026-01-09,GDY001,Good Day,27.0
2026-01-12,GDY001,Good day,54.0
2026-01-18,GDY001,Good Day,20.0
2026-01-27,GDY001,Good Day,67.0
2026-03-03,GDY001,Good Day,2.0
2026-03-08,GDY001,Good Day,2.0
2026-03-09,GDY001,Good day,1.0
2026-04-05,GDY001,Good Day,1.0
2026-04-06,GDY001,Good Day,2.0
2026-04-07,GDY001,Good Day,10.0
2026-04-12,GDY001,Good Day,2.0
2026-04-16,GDY001,Good Day,1.0
2026-05-02,GDY001,Good Day,10.0
2026-05-12,GDY001,Good Day,2.0
2026-05-15,GDY001,Good Day,2.0
2026-05-21,GDY001,Good Day,2.0
2026-05-28,GDY001,Good Day,1.0
2026-05-31,GDY001,Good Day,1.0
2026-06-04,GDY001,Good Day,1.0
2026-06-20,GDY001,Good Day,1.0
2026-06-27,GDY001,Good Day,2.0
2026-06-29,GDY001,Good Day,2.0
2026-06-30,GDY001,Good Day,2.0
2026-07-04,GDY001,Good Day,1.0
2026-07-06,GDY001,Good Day,1.0
2026-07-11,GDY001,Good Day,5.0
2026-07-12,GDY001,Good Day,2.0
2026-07-25,GDY001,Good Day,4.0
2024-03-22,GG001,Gentle Gen,29.0
2024-04-07,GG001,Gentle Gen,30.0
2024-06-06,GG001,Gentle Gen,12.0
2024-06-14,GG001,Gentle Gen,20.0
2024-07-20,GG001,Gentle Gen,34.0
2024-07-21,GG001,Gentle Gen,40.0
2024-07-28,GG001,Gentle Gen,55.0
2024-08-04,GG001,Gentle Gen,44.0
2024-08-08,GG001,Gentle Gen,30.0
2024-08-12,GG001,Gentle Gen,19.0
2024-08-19,GG001,Gentle Gen,30.0
2024-08-21,GG001,Gentle gen,20.0
2024-09-02,GG001,Gentle Gen,32.0
2024-09-16,GG001,Gentle Gen,31.0
2024-09-28,GG001,Gentle Gen,43.0
2024-10-29,GG001,Gentle Gen,32.0
2024-11-12,GG001,Gentle Gen,32.0
2024-12-20,GG001,Gentle Gen,4.0
2024-12-31,GG001,Gentle gen,10.0
2025-11-18,GG001,Gentle Gen,4.0
2025-11-28,GG001,Gentle gen,4.0
2025-12-10,GG001,Gentle gen,3.0
2025-12-25,GG001,Gentle gen,3.0
2026-01-10,GG001,Gentle Gen,11.0
2026-02-08,GG001,Gentle Gen,6.0
2026-02-17,GG001,Gentle Gen,8.0
2026-02-26,GG001,Gentle Gen,2.0
2026-03-10,GG001,Gentle Gen,3.0
2026-03-13,GG001,Gentle Gen,3.0
2026-03-19,GG001,Gentle Gen,6.0
2026-03-26,GG001,Gentle Gen,3.0
2026-03-29,GG001,Gentle gen,2.0
2026-04-11,GG001,Gentle Gen,3.0
2026-04-30,GG001,Gentle Gen,12.0
2026-05-16,GG001,Gentle Gen,3.0
2026-06-22,GG001,Gentle Gen,2.0
2026-07-02,GG001,Gentle Gen,2.0
2024-01-31,GG02,GENTLEGEN 10,6.0
2024-05-15,GG02,GentleGen 10,10.0
2024-05-27,GG02,GentleGen 10,10.0
2024-05-29,GG02,GentleGen 10,11.0
2024-07-29,GG02,GentleGen 10,20.0
2024-11-15,GG02,GentleGen 10,10.0
2026-02-27,GG02,GentleGen 10,1.0
2026-07-05,GG02,GentleGen 10,1.0
2024-04-22,GL003,Gula 1/4,10.0
2024-05-29,GL003,GULA 1/4,10.0
2025-12-17,GL003,Gula 1/4,10.0
2024-01-02,GL1001,Gula 1kg,20.0
2024-01-06,GL1001,Gula 1kg,35.0
2024-01-10,GL1001,gula 1kg,45.0
2024-01-19,GL1001,GULA 1KG,7.0
2024-01-28,GL1001,GULA 1KG,17.0
2024-02-09,GL1001,GULA 1KG,6.0
2024-02-12,GL1001,Gula 1kg,8.0
2024-02-18,GL1001,Gula 1kg,20.0
2024-02-20,GL1001,Gula 1kg,9.0
2024-02-22,GL1001,Gula 1kg,8.0
2024-02-24,GL1001,Gula 1kg,10.0
2024-02-26,GL1001,Gula 1kg,7.0
2024-02-29,GL1001,Gula 1kg,9.0
2024-03-01,GL1001,gula 1kg,15.0
2024-03-06,GL1001,Gula 1kg,18.0
2024-03-07,GL1001,Gula 1kg,10.0
2024-03-12,GL1001,Gula 1kg,11.0
2024-03-13,GL1001,Gula 1kg,12.0
2024-03-14,GL1001,Gula 1kg,10.0
2024-03-21,GL1001,Gula 1kg,11.0
2024-03-31,GL1001,Gula 1kg,20.0
2024-04-01,GL1001,Gula 1kg,10.0
2024-04-02,GL1001,Gula 1kg,9.0
2024-04-06,GL1001,Gula 1kg,11.0
2024-04-09,GL1001,Gula 1kg,10.0
2024-04-17,GL1001,Gula 1kg,19.0
2024-04-18,GL1001,Gula 1kg,16.0
2024-04-19,GL1001,Gula 1kg,9.0
2024-04-23,GL1001,Gula 1kg,10.0
2024-04-30,GL1001,Gula 1kg,10.0
2024-05-09,GL1001,Gula 1kg,10.0
2024-05-16,GL1001,Gula 1kg,11.0
2024-05-18,GL1001,Gula 1kg,10.0
2024-05-23,GL1001,Gula 1kg,8.0
2024-05-24,GL1001,Gula 1kg,6.0
2024-05-25,GL1001,Gula 1kg,58.0
2024-06-02,GL1001,Gula 1kg,19.0
2024-06-05,GL1001,Gula 1kg,11.0
2024-06-12,GL1001,Gula 1kg,3.0
2024-06-15,GL1001,Gula 1kg,20.0
2024-06-17,GL1001,GULA 1KG,12.0
2024-06-21,GL1001,Gula 1kg,5.0
2024-06-26,GL1001,Gula 1kg,10.0
2024-07-01,GL1001,Gula 1kg,9.0
2024-07-02,GL1001,Gula 1kg,11.0
2024-07-04,GL1001,Gula 1kg,9.0
2024-07-14,GL1001,GULA 1kg,17.0
2024-07-15,GL1001,Gula 1kg,10.0
2024-07-27,GL1001,Gula 1kg,10.0
2024-08-06,GL1001,Gula 1kg,16.0
2024-08-16,GL1001,Gula 1kg,5.0
2024-08-18,GL1001,Gula 1kg,14.0
2024-09-16,GL1001,Gula 1kg,19.0
2024-09-17,GL1001,Gula 1kg,20.0
2024-10-04,GL1001,Gula 1kg,7.0
2024-10-10,GL1001,Gula 1kg,10.0
2024-10-12,GL1001,Gula 1kg,10.0
2024-10-15,GL1001,Gula 1kg,10.0
2024-10-16,GL1001,Gula 1kg,11.0
2024-10-23,GL1001,Gula 1kg,10.0
2024-10-24,GL1001,Gula 1kg,18.0
2024-10-27,GL1001,Gula 1kg,10.0
2024-10-29,GL1001,Gula 1kg,32.0
2024-11-07,GL1001,Gula 1kg,11.0
2024-11-16,GL1001,Gula 1kg,10.0
2024-11-20,GL1001,Gula 1kg,19.0
2024-11-22,GL1001,Gula 1kg,20.0
2024-11-30,GL1001,Gula 1kg,10.0
2025-10-09,GL1001,Gula 1kg,7.0
2025-10-13,GL1001,Gula 1kg,50.0
2025-10-25,GL1001,Gula 1kg,10.0
2025-11-09,GL1001,Gula 1kg,50.0
2025-11-20,GL1001,Gula 1kg,20.0
2025-12-22,GL1001,Gula 1kg,10.0
2025-12-28,GL1001,Gula 1kg,10.0
2025-12-31,GL1001,Gula 1kg,20.0
2026-01-02,GL1001,Gula 1kg,10.0
2026-01-03,GL1001,Gula 1kg,12.0
2026-01-09,GL1001,Gula 1kg,10.0
2026-01-11,GL1001,Gula 1kg,30.0
2026-01-17,GL1001,Gula 1kg,10.0
2026-01-21,GL1001,Gula 1kg,10.0
2026-01-27,GL1001,Gula 1kg,16.0
2026-02-04,GL1001,Gula 1kg,20.0
2026-02-05,GL1001,Gula 1kg,10.0
2026-02-15,GL1001,Gula 1kg,10.0
2026-02-24,GL1001,Gula 1kg,10.0
2026-03-12,GL1001,Gula 1kg,20.0
2026-03-23,GL1001,Gula 1kg,40.0
2026-03-25,GL1001,Gula 1kg,10.0
2026-04-30,GL1001,Gula 1kg,10.0
2026-05-02,GL1001,Gula 1kg,50.0
2026-05-09,GL1001,Gula 1kg,10.0
2026-05-26,GL1001,Gula 1kg,10.0
2026-06-01,GL1001,Gula 1kg,10.0
2026-06-03,GL1001,Gula 1kg,1.0
2026-06-08,GL1001,Gula 1kg,70.0
2026-06-15,GL1001,Gula 1kg,10.0
2026-06-17,GL1001,Gula 1kg,10.0
2026-06-21,GL1001,Gula 1kg,10.0
2026-06-23,GL1001,Gula 1kg,10.0
2026-06-27,GL1001,Gula 1kg,40.0
2026-07-07,GL1001,Gula 1kg,1.0
2024-01-14,GL2001,GULA 1/2,21.0
2024-02-06,GL2001,GULA 1/2,9.0
2024-03-11,GL2001,Gula 1/2,8.0
2024-03-29,GL2001,Gula 1/2,9.0
2024-04-08,GL2001,Gula 1/2,10.0
2024-04-12,GL2001,Gula 1/2,14.0
2024-04-17,GL2001,Gula 1/2,18.0
2024-04-23,GL2001,Gula 1/2,10.0
2024-05-02,GL2001,Gula 1/2,10.0
2024-05-10,GL2001,Gula 1/2,18.0
2024-07-23,GL2001,Gula 1/2,11.0
2024-07-24,GL2001,Gula 1/2,9.0
2024-07-27,GL2001,Gula 1/2,10.0
2024-10-26,GL2001,Gula 1/2,5.0
2025-10-31,GL2001,Gula 1/2,30.0
2025-11-15,GL2001,Gula 1/2,20.0
2025-12-12,GL2001,Gula 1/2,10.0
2026-02-18,GL2001,Gula 1/2,10.0
2026-02-20,GL2001,Gula 1/2,10.0
2026-02-24,GL2001,Gula 1/2,10.0
2026-06-20,GL2001,Gula 1/2,10.0
2024-04-08,GLK01,Gulaku,15.0
2024-02-11,GM001,GULA MERAH 1/4,5.0
2024-02-27,GM001,Gula merah 1/4,10.0
2024-05-25,GM001,Gula merah 1/4,11.0
2024-06-13,GM001,Gula merah 1/4,12.0
2024-06-15,GM001,Gula merah 1/4,9.0
2024-06-23,GM001,Gula merah 1/4,10.0
2024-07-18,GM001,Gula merah 1/4,10.0
2024-10-04,GM001,Gula merah 1/4,15.0
2024-10-06,GM001,Gula merah 1/4,54.0
2024-10-31,GM001,Gula merah 1/4,10.0
2024-11-18,GM001,Gula merah 1/4,10.0
2025-11-29,GM001,Gula merah 1/4,60.0
2025-12-13,GM001,Gula merah 1/4,10.0
2025-12-28,GM001,Gula merah 1/4,10.0
2026-02-05,GM001,Gula merah 1/4,10.0
2026-02-07,GM001,Gula merah 1/4,10.0
2026-05-26,GM001,Gula merah 1/4,1.0
2026-05-28,GM001,Gula merah 1/4,1.0
2026-06-24,GM001,Gula merah 1/4,1.0
2026-07-08,GM001,Gula merah 1/4,1.0
2024-02-24,GM02,Gula merah 1kg,20.0
2024-03-30,GM02,Gula merah 1kg,15.0
2024-03-31,GPK001,Gopek,19.0
2024-12-07,GPK001,Gopek,39.0
2025-10-16,GPK001,Gopek,20.0
2025-10-25,GPK001,Gopek,2.0
2025-10-26,GPK001,Gopek,2.0
2025-11-26,GPK001,Gopek,2.0
2025-12-26,GPK001,Gopek,1.0
2024-03-09,GPT001,Gery potato,52.0
2024-04-19,GPT001,Gery potato,20.0
2024-06-01,GPT001,Gery potato,30.0
2024-06-02,GPT001,Gery potato,30.0
2024-06-08,GPT001,Gery potato,54.0
2024-06-11,GPT001,Gery potato,22.0
2024-06-12,GPT001,Gery potato,20.0
2024-06-13,GPT001,Gery potato,30.0
2024-06-22,GPT001,Gery potato,22.0
2024-06-30,GPT001,Gery potato,60.0
2024-07-02,GPT001,Gery potato,30.0
2024-07-05,GPT001,Gery potato,29.0
2024-07-07,GPT001,Gery potato,40.0
2024-07-12,GPT001,Gery potato,20.0
2024-07-14,GPT001,Gery potato,25.0
2024-07-15,GPT001,Gery potato,21.0
2024-07-18,GPT001,Gery potato,30.0
2024-07-20,GPT001,Gery potato,40.0
2024-08-15,GPT001,Gery potato,34.0
2024-08-22,GPT001,Gery potato,32.0
2024-08-24,GPT001,Gery potato,45.0
2024-08-31,GPT001,Gery potato,31.0
2024-09-07,GPT001,Gery potato,45.0
2024-09-10,GPT001,Gery potato,14.0
2024-09-11,GPT001,Gery potato,22.0
2024-09-14,GPT001,Gery Potato,13.0
2024-09-23,GPT001,Gery potato,12.0
2024-09-27,GPT001,Gery potato,21.0
2024-09-29,GPT001,Gery potato,43.0
2024-10-02,GPT001,Gery potato,32.0
2024-10-10,GPT001,Gery potato,20.0
2024-10-12,GPT001,Gery potato,33.0
2024-10-16,GPT001,Gery potato,43.0
2024-10-19,GPT001,Gery potato,5.0
2024-10-21,GPT001,Gery potato,45.0
2024-11-06,GPT001,Gery potato,43.0
2024-11-16,GPT001,Gery potato,21.0
2024-11-19,GPT001,Gery potato,23.0
2024-11-20,GPT001,Gery potato,23.0
2024-11-24,GPT001,Gery potato,43.0
2024-11-29,GPT001,Gery potato,32.0
2024-12-01,GPT001,Gery potato,33.0
2024-12-13,GPT001,Gery potato,51.0
2024-12-23,GPT001,Gery potato,59.0
2024-12-25,GPT001,Gery potato,19.0
2024-12-26,GPT001,Gery potato,21.0
2024-12-28,GPT001,Gery potato,53.0
2024-12-29,GPT001,Gery potato,21.0
2025-10-18,GPT001,Gery potato,50.0
2025-10-21,GPT001,Gery potato,5.0
2025-10-23,GPT001,Gery potato,2.0
2025-10-24,GPT001,Gery potato,10.0
2025-10-25,GPT001,Gery potato,10.0
2025-11-03,GPT001,Gery potato,2.0
2025-11-07,GPT001,Gery potato,2.0
2025-11-09,GPT001,Gery potato,10.0
2025-11-15,GPT001,Gery potato,14.0
2025-11-17,GPT001,Gery potato,15.0
2025-11-22,GPT001,Gery potato,2.0
2025-11-23,GPT001,Gery potato,10.0
2025-11-26,GPT001,Gery potato,2.0
2025-11-27,GPT001,Gery potato,2.0
2025-11-28,GPT001,Gery potato,9.0
2025-12-03,GPT001,Gery potato,1.0
2025-12-06,GPT001,Gery potato,10.0
2025-12-13,GPT001,Gery potato,2.0
2025-12-16,GPT001,Gery potato,5.0
2025-12-21,GPT001,Gery potato,5.0
2025-12-22,GPT001,Gery potato,3.0
2025-12-23,GPT001,Gery potato,2.0
2025-12-25,GPT001,Gery potato,3.0
2025-12-26,GPT001,Gery potato,2.0
2025-12-28,GPT001,Gery potato,3.0
2025-12-29,GPT001,Gery potato,4.0
2025-12-30,GPT001,Gery potato,3.0
2026-01-01,GPT001,Gery potato,33.0
2026-01-02,GPT001,Gery potato,30.0
2026-01-04,GPT001,Gery potato,34.0
2026-01-08,GPT001,Gery potato,15.0
2026-01-13,GPT001,Gery potato,38.0
2026-01-19,GPT001,Gery potato,33.0
2026-01-24,GPT001,Gery potato,36.0
2026-01-27,GPT001,Gery potato,40.0
2026-01-30,GPT001,Gery potato,20.0
2026-02-03,GPT001,Gery potato,5.0
2026-02-05,GPT001,Gery potato,10.0
2026-02-07,GPT001,Gery potato,1.0
2026-02-09,GPT001,Gery potato,4.0
2026-02-18,GPT001,Gery potato,2.0
2026-03-01,GPT001,Gery potato,1.0
2026-03-07,GPT001,Gery potato,1.0
2026-03-21,GPT001,Gery potato,34.0
2026-03-29,GPT001,Gery potato,30.0
2026-03-31,GPT001,Gery potato,1.0
2026-04-07,GPT001,Gery potato,1.0
2026-04-18,GPT001,Gery potato,7.0
2026-04-22,GPT001,Gery potato,2.0
2026-04-23,GPT001,Gery potato,1.0
2026-04-28,GPT001,Gery Potato,4.0
2026-04-29,GPT001,Gery potato,2.0
2026-05-02,GPT001,Gery potato,1.0
2026-05-10,GPT001,Gery potato,6.0
2026-05-15,GPT001,Gery potato,2.0
2026-05-21,GPT001,Gery potato,1.0
2026-05-23,GPT001,Gery potato,2.0
2026-06-01,GPT001,Gery potato,2.0
2026-06-04,GPT001,Gery potato,4.0
2026-06-08,GPT001,Gery potato,2.0
2026-06-12,GPT001,Gery potato,2.0
2026-06-13,GPT001,Gery potato,2.0
2026-06-27,GPT001,Gery potato,4.0
2026-07-06,GPT001,Gery potato,2.0
2026-07-10,GPT001,Gery potato,2.0
2026-07-24,GPT001,Gery potato,2.0
2026-07-25,GPT001,Gery potato,1.0
2026-07-27,GPT001,Gery potato,2.0
2024-08-13,GR003,Gery 500,30.0
2024-08-25,GR003,Gery 500,32.0
2024-08-29,GR003,Gery 500,32.0
2026-03-19,GR003,Gery 500,2.0
2026-04-01,GR003,Gery 500,2.0
2026-04-04,GR003,Gery 500,2.0
2026-04-06,GR003,Gery 500,4.0
2024-02-19,GRA001,Garuda atom,17.0
2024-03-01,GRA001,Garuda atom,22.0
2024-03-04,GRA001,Garuda atom,19.0
2024-03-14,GRA001,Garuda atom,18.0
2024-03-19,GRA001,Garuda atom,20.0
2024-04-10,GRA001,Garuda atom,20.0
2024-08-02,GRA001,Garuda atom,24.0
2024-08-03,GRA001,Garuda atom,19.0
2024-08-05,GRA001,Garuda atom,40.0
2024-08-18,GRA001,Garuda atom,42.0
2024-08-22,GRA001,Garuda atom,40.0
2024-08-29,GRA001,Garuda atom,53.0
2024-09-19,GRA001,Garuda atom,31.0
2024-09-20,GRA001,Garuda atom,31.0
2024-10-09,GRA001,Garuda atom,21.0
2024-10-17,GRA001,Garuda atom,22.0
2024-10-22,GRA001,Garuda atom,12.0
2024-12-10,GRA001,Garuda atom,21.0
2024-12-15,GRA001,Garuda atom,42.0
2024-12-17,GRA001,Garuda atom,12.0
2024-12-19,GRA001,Garuda atom,32.0
2024-12-29,GRA001,Garuda atom,10.0
2024-12-30,GRA001,Garuda atom,32.0
2025-10-17,GRA001,Garuda Atom,130.0
2025-10-19,GRA001,Garuda atom,10.0
2025-10-23,GRA001,Garuda atom,1.0
2025-11-04,GRA001,Garuda atom,2.0
2025-11-05,GRA001,Garuda atom,2.0
2025-11-11,GRA001,Garuda atom,2.0
2025-11-12,GRA001,Garuda atom,2.0
2025-11-15,GRA001,Garuda atom,2.0
2025-11-16,GRA001,Garuda atom,5.0
2025-12-07,GRA001,Garuda atom,4.0
2025-12-08,GRA001,Garuda atom,1.0
2025-12-18,GRA001,Garuda atom,1.0
2025-12-22,GRA001,Garuda atom,1.0
2025-12-26,GRA001,Garuda atom,1.0
2025-12-27,GRA001,Garuda atom,1.0
2025-12-28,GRA001,Garuda atom,5.0
2025-12-29,GRA001,Garuda atom,1.0
2026-02-11,GRA001,Garuda atom,1.0
2026-03-02,GRA001,Garuda atom,1.0
2026-03-04,GRA001,Garuda atom,2.0
2026-03-06,GRA001,Garuda atom,2.0
2026-03-10,GRA001,Garuda atom,1.0
2026-03-16,GRA001,Garuda atom,2.0
2026-03-26,GRA001,Garuda atom,1.0
2026-03-29,GRA001,Garuda atom,1.0
2026-04-03,GRA001,Garuda atom,1.0
2026-05-04,GRA001,Garuda atom,1.0
2026-05-05,GRA001,Garuda atom,1.0
2026-05-31,GRA001,Garuda atom,1.0
2026-06-09,GRA001,Garuda atom,1.0
2026-06-14,GRA001,Garuda atom,1.0
2024-02-03,GRB001,Gula rosebrand,7.0
2024-02-19,GRB001,Gula rosebrand,9.0
2024-01-02,GRM01,Garam,15.0
2024-01-05,GRM01,Garam,20.0
2024-01-07,GRM01,Garam,22.0
2024-01-13,GRM01,Garam,74.0
2024-01-28,GRM01,Garam,10.0
2024-02-11,GRM01,Garam,10.0
2024-02-12,GRM01,Garam,23.0
2024-02-16,GRM01,Garam,27.0
2024-02-22,GRM01,Garam,10.0
2024-02-25,GRM01,Garam,18.0
2024-02-26,GRM01,Garam,36.0
2024-02-27,GRM01,Garam,28.0
2024-02-28,GRM01,Garam,12.0
2024-03-06,GRM01,Garam,15.0
2024-03-14,GRM01,Garam,22.0
2024-03-15,GRM01,Garam,20.0
2024-03-17,GRM01,Garam,18.0
2024-03-26,GRM01,Garam,20.0
2024-03-27,GRM01,Garam,12.0
2024-03-28,GRM01,Garam,21.0
2024-04-03,GRM01,Garam,19.0
2024-04-09,GRM01,Garam,30.0
2024-04-12,GRM01,Garam,10.0
2024-04-18,GRM01,Garam,21.0
2024-04-24,GRM01,Garam,10.0
2024-04-30,GRM01,Garam,21.0
2024-05-04,GRM01,Garam,20.0
2024-05-17,GRM01,Garam,10.0
2024-05-26,GRM01,Garam,31.0
2024-06-08,GRM01,Garam,20.0
2024-06-17,GRM01,GARAM,30.0
2024-06-24,GRM01,Garam,25.0
2024-07-04,GRM01,Garam,17.0
2024-07-10,GRM01,Garam,20.0
2024-07-16,GRM01,Garam,10.0
2024-07-26,GRM01,Garam,19.0
2024-07-27,GRM01,Garam,18.0
2024-07-30,GRM01,Garam,10.0
2024-07-31,GRM01,Garam,30.0
2024-08-04,GRM01,Garam,29.0
2024-08-09,GRM01,Garam,21.0
2024-08-13,GRM01,Garam,30.0
2024-08-17,GRM01,Garam,22.0
2024-09-17,GRM01,Garam,10.0
2024-10-03,GRM01,Garam,21.0
2024-10-16,GRM01,Garam,32.0
2024-10-17,GRM01,Garam,21.0
2024-11-03,GRM01,Garam,22.0
2024-11-04,GRM01,Garam,22.0
2024-11-08,GRM01,Garam,16.0
2024-11-12,GRM01,Garam,47.0
2024-12-02,GRM01,Garam,17.0
2024-12-15,GRM01,Garam,22.0
2024-12-17,GRM01,Garam,32.0
2024-12-29,GRM01,Garam,32.0
2025-10-19,GRM01,Garam,20.0
2025-11-11,GRM01,Garam,20.0
2025-11-13,GRM01,Garam,2.0
2025-12-05,GRM01,Garam,1.0
2025-12-26,GRM01,Garam,1.0
2025-12-28,GRM01,Garam,10.0
2025-12-29,GRM01,Garam,1.0
2026-01-08,GRM01,Garam,34.0
2026-01-14,GRM01,Garam,32.0
2026-01-17,GRM01,Garam,20.0
2026-01-28,GRM01,Garam,20.0
2026-02-05,GRM01,Garam,10.0
2026-02-06,GRM01,Garam,10.0
2026-02-23,GRM01,Garam,10.0
2026-02-24,GRM01,Garam,10.0
2026-02-28,GRM01,Garam,10.0
2026-03-01,GRM01,Garam,2.0
2026-03-07,GRM01,Garam,1.0
2026-03-15,GRM01,Garam,1.0
2026-03-16,GRM01,Garam,1.0
2026-03-19,GRM01,Garam,1.0
2026-03-24,GRM01,Garam,2.0
2026-05-01,GRM01,Garam,1.0
2026-05-02,GRM01,Garam,10.0
2026-05-24,GRM01,Garam,7.0
2026-06-09,GRM01,Garam,2.0
2026-06-10,GRM01,Garam,1.0
2026-06-25,GRM01,Garam,2.0
2026-06-26,GRM01,Garam,1.0
2026-06-28,GRM01,Garam,2.0
2026-07-01,GRM01,Garam,2.0
2026-07-17,GRM01,Garam,1.0
2024-01-04,GRR001,goriorio,42.0
2024-01-05,GRR001,goriorio,39.0
2024-01-09,GRR001,goriorio,55.0
2024-02-03,GRR001,GORIORIO 1000,20.0
2024-04-19,GRR001,Goriorio,50.0
2024-05-10,GRR001,Goriorio,31.0
2024-05-31,GRR001,Goriorio,40.0
2024-06-03,GRR001,Goriorio,20.0
2024-06-06,GRR001,Goriorio,32.0
2024-06-08,GRR001,Goriorio,21.0
2024-06-12,GRR001,Goriorio,30.0
2024-06-16,GRR001,Goriorio,32.0
2024-06-18,GRR001,Goriorio,40.0
2024-06-20,GRR001,Goriorio,70.0
2024-06-21,GRR001,Goriorio,10.0
2024-06-22,GRR001,Goriorio,29.0
2024-06-22,GRR001,Goriorio 1000,39.0
2024-06-23,GRR001,Goriorio,40.0
2024-06-24,GRR001,Goriorio,39.0
2024-06-26,GRR001,Goriorio,22.0
2024-06-27,GRR001,Goriorio,43.0
2024-06-27,GRR001,Goriorio 1000,30.0
2024-06-29,GRR001,Goriorio,45.0
2024-07-06,GRR001,Goriorio,10.0
2024-07-08,GRR001,Goriorio,32.0
2024-07-21,GRR001,Goriorio,75.0
2024-07-23,GRR001,Goriorio,34.0
2024-07-24,GRR001,Goriorio,44.0
2024-07-27,GRR001,Goriorio,44.0
2024-07-30,GRR001,Goriorio,2.0
2024-08-05,GRR001,Goriorio,30.0
2024-08-10,GRR001,Goriorio,40.0
2024-08-17,GRR001,Goriorio,54.0
2024-08-19,GRR001,Goriorio,42.0
2024-08-20,GRR001,Goriorio,40.0
2024-08-31,GRR001,Goriorio,31.0
2024-09-01,GRR001,Goriorio,42.0
2024-09-02,GRR001,Goriorio,53.0
2024-09-07,GRR001,Goriorio,42.0
2024-09-08,GRR001,Goriorio,64.0
2024-09-09,GRR001,Goriorio,24.0
2024-09-11,GRR001,Goriorio,32.0
2024-09-14,GRR001,Goriorio,24.0
2024-09-15,GRR001,Goriorio,21.0
2024-09-23,GRR001,Goriorio,21.0
2024-09-28,GRR001,Goriorio,139.0
2024-10-01,GRR001,Goriorio,21.0
2024-10-03,GRR001,Goriorio,46.0
2024-10-04,GRR001,Goriorio,33.0
2024-10-05,GRR001,Goriorio,31.0
2024-10-06,GRR001,Goriorio,23.0
2024-10-07,GRR001,Goriorio,42.0
2024-10-08,GRR001,Goriorio,21.0
2024-10-09,GRR001,Goriorio,31.0
2024-10-12,GRR001,Goriorio,53.0
2024-10-12,GRR001,Goriorio 1000,43.0
2024-10-13,GRR001,Goriorio,32.0
2024-10-13,GRR001,Goriorio 1000,32.0
2024-10-14,GRR001,Goriorio,33.0
2024-10-15,GRR001,Goriorio,43.0
2024-10-16,GRR001,Goriorio,42.0
2024-10-18,GRR001,Goriorio,53.0
2024-10-18,GRR001,Goriorio 1000,31.0
2024-10-21,GRR001,Goriorio,21.0
2024-10-21,GRR001,Goriorio 1000,23.0
2024-10-25,GRR001,Goriorio 1000,23.0
2024-10-26,GRR001,Goriorio,56.0
2024-10-28,GRR001,Goriorio 1000,12.0
2024-10-29,GRR001,Goriorio,43.0
2024-11-01,GRR001,Goriorio,110.0
2024-11-03,GRR001,Goriorio,42.0
2024-11-05,GRR001,Goriorio,33.0
2024-11-06,GRR001,Goriorio 1000,28.0
2024-11-07,GRR001,Goriorio,44.0
2024-11-07,GRR001,Goriorio 1000,42.0
2024-11-11,GRR001,Goriorio,51.0
2024-11-12,GRR001,Goriorio,21.0
2024-11-13,GRR001,Goriorio,56.0
2024-11-13,GRR001,Goriorio 1000,68.0
2024-11-14,GRR001,Goriorio,24.0
2024-11-17,GRR001,Goriorio 1000,23.0
2024-11-23,GRR001,Goriorio,32.0
2024-11-24,GRR001,Goriorio,21.0
2024-11-25,GRR001,Goriorio,42.0
2024-12-01,GRR001,Goriorio,17.0
2024-12-03,GRR001,Goriorio,43.0
2024-12-06,GRR001,Goriorio,42.0
2024-12-07,GRR001,Goriorio,31.0
2025-10-12,GRR001,Goriorio,24.0
2025-10-15,GRR001,Goriorio,24.0
2025-10-16,GRR001,Goriorio,20.0
2025-10-18,GRR001,Goriorio,20.0
2025-10-28,GRR001,Goriorio,6.0
2025-11-02,GRR001,Goriorio,6.0
2025-11-09,GRR001,Goriorio,6.0
2025-11-10,GRR001,Goriorio,6.0
2025-11-17,GRR001,Goriorio,2.0
2025-11-26,GRR001,Goriorio,6.0
2025-12-22,GRR001,Goriorio,1.0
2025-12-23,GRR001,Goriorio,7.0
2025-12-28,GRR001,Goriorio,2.0
2025-12-29,GRR001,Goriorio,2.0
2025-12-30,GRR001,Goriorio,5.0
2026-01-03,GRR001,Goriorio,40.0
2026-01-04,GRR001,Goriorio,28.0
2026-01-05,GRR001,Goriorio,21.0
2026-01-10,GRR001,Goriorio,67.0
2026-01-13,GRR001,Goriorio,40.0
2026-01-15,GRR001,Goriorio,36.0
2026-01-21,GRR001,Goriorio,55.0
2026-01-22,GRR001,Goriorio,49.0
2026-01-23,GRR001,Goriorio,69.0
2026-01-25,GRR001,Goriorio,58.0
2026-01-27,GRR001,Goriorio,39.0
2026-02-10,GRR001,Goriorio,10.0
2026-02-14,GRR001,Goriorio,10.0
2026-02-15,GRR001,Goriorio,20.0
2026-02-16,GRR001,Goriorio,6.0
2026-02-17,GRR001,Goriorio,6.0
2026-02-18,GRR001,Goriorio,10.0
2026-02-20,GRR001,Goriorio,2.0
2026-02-23,GRR001,Goriorio,3.0
2026-02-24,GRR001,Goriorio,7.0
2026-02-26,GRR001,Goriorio,2.0
2026-02-28,GRR001,Goriorio,2.0
2026-03-01,GRR001,Goriorio,10.0
2026-03-10,GRR001,Goriorio,2.0
2026-03-17,GRR001,Goriorio,40.0
2026-03-24,GRR001,Goriorio,4.0
2026-03-27,GRR001,Goriorio,2.0
2026-03-28,GRR001,Goriorio,4.0
2026-04-05,GRR001,Goriorio,1.0
2026-04-06,GRR001,Goriorio,4.0
2026-04-08,GRR001,Goriorio,10.0
2026-04-10,GRR001,Goriorio,4.0
2026-04-18,GRR001,Goriorio,7.0
2026-04-19,GRR001,Goriorio,4.0
2026-04-20,GRR001,Goriorio,4.0
2026-04-21,GRR001,Goriorio,4.0
2026-04-23,GRR001,Goriorio,11.0
2026-04-27,GRR001,Goriorio,4.0
2026-04-28,GRR001,Goriorio,2.0
2026-04-29,GRR001,Goriorio,11.0
2026-04-30,GRR001,Goriorio,4.0
2026-05-10,GRR001,Goriorio,5.0
2026-05-17,GRR001,Goriorio,8.0
2026-05-19,GRR001,Goriorio,4.0
2026-05-22,GRR001,Goriorio,1.0
2026-05-25,GRR001,Goriorio,9.0
2026-05-26,GRR001,Goriorio,4.0
2026-05-27,GRR001,Goriorio,8.0
2026-05-29,GRR001,Goriorio,1.0
2026-05-30,GRR001,Goriorio,12.0
2026-05-31,GRR001,Goriorio,16.0
2026-06-01,GRR001,Goriorio,7.0
2026-06-02,GRR001,Goriorio,2.0
2026-06-03,GRR001,Goriorio,1.0
2026-06-04,GRR001,Goriorio,4.0
2026-06-04,GRR001,Goriorio 1000,1.0
2026-06-05,GRR001,Goriorio,10.0
2026-06-06,GRR001,Goriorio 1000,3.0
2026-06-07,GRR001,Goriorio,8.0
2026-06-08,GRR001,Goriorio,4.0
2026-06-09,GRR001,Goriorio,6.0
2026-06-10,GRR001,Goriorio,5.0
2026-06-10,GRR001,Goriorio 1000,1.0
2026-06-13,GRR001,Goriorio,4.0
2026-06-13,GRR001,Goriorio 1000,1.0
2026-06-18,GRR001,Goriorio 1000,2.0
2026-06-20,GRR001,Goriorio,2.0
2026-06-21,GRR001,Goriorio 1000,1.0
2026-06-22,GRR001,Goriorio,5.0
2026-06-24,GRR001,Goriorio,5.0
2026-06-25,GRR001,Goriorio,3.0
2026-06-27,GRR001,Goriorio,8.0
2026-06-27,GRR001,Goriorio 1000,2.0
2026-06-28,GRR001,Goriorio,3.0
2026-06-28,GRR001,Goriorio 1000,1.0
2026-06-29,GRR001,Goriorio,6.0
2026-06-29,GRR001,Goriorio 1000,1.0
2026-06-30,GRR001,Goriorio,3.0
2026-07-02,GRR001,Goriorio,4.0
2026-07-02,GRR001,Goriorio 1000,2.0
2026-07-03,GRR001,Goriorio,4.0
2026-07-03,GRR001,Goriorio 1000,4.0
2026-07-04,GRR001,Goriorio,4.0
2026-07-07,GRR001,Goriorio 1000,2.0
2026-07-11,GRR001,Goriorio 1000,1.0
2026-07-15,GRR001,Goriorio,4.0
2026-07-19,GRR001,Goriorio 1000,2.0
2026-07-20,GRR001,Goriorio,3.0
2026-07-21,GRR001,Goriorio,1.0
2026-07-22,GRR001,Goriorio 1000,1.0
2026-07-23,GRR001,Goriorio 1000,1.0
2024-01-31,GRT001,GERIT,7.0
2024-05-03,GRT001,Gerit,10.0
2024-10-26,GRT001,Gerit,12.0
2026-06-20,GRT001,Gerit,2.0
2024-01-28,GS001,GEM SNACK,3.0
2024-01-29,GS5001,GERY SALUT 500,16.0
2024-04-05,GS5001,Gery salut 500,29.0
2024-04-14,GS5001,Gery salut 500,30.0
2024-04-16,GS5001,Gery salut 500,21.0
2024-05-18,GS5001,Gery salut 500,30.0
2024-05-19,GS5001,Gery salut 500,29.0
2024-05-22,GS5001,Gery salut 500,40.0
2024-05-24,GS5001,Gery salut 500,30.0
2024-05-27,GS5001,Gery salut 500,53.0
2024-08-11,GS5001,Gery salut 500,32.0
2026-03-18,GS5001,Gery salut 500,2.0
2024-01-08,GSB002,Gery salut besar,22.0
2024-01-22,GSB002,Gery Salut Besar,11.0
2024-02-09,GSB002,Gery salut besar,9.0
2024-02-12,GSB002,Gery salut besar,8.0
2024-02-13,GSB002,Gery salut besar,13.0
2024-02-16,GSB002,Gery salut besar,15.0
2024-04-09,GSB002,Gery salut besar,10.0
2024-05-15,GSB002,Gery salut besar,10.0
2024-06-03,GSB002,Gery salut besar,10.0
2024-06-13,GSB002,Gery salut besar,9.0
2024-07-04,GSB002,Gery salut besar,9.0
2024-07-06,GSB002,Gery salut besar,8.0
2024-07-10,GSB002,Gery salut besar,11.0
2024-07-14,GSB002,Gery salut besar,9.0
2024-07-18,GSB002,Gery salut besar,10.0
2024-10-04,GSB002,Gery salut besar,11.0
2024-11-25,GSB002,Gery salut besar,23.0
2024-11-28,GSB002,Gery salut besar,21.0
2025-11-15,GSB002,Gery salut besar,3.0
2025-12-16,GSB002,Gery salut besar,2.0
2025-12-18,GSB002,Gery salut besar,3.0
2025-12-19,GSB002,Gery salut besar,1.0
2025-12-30,GSB002,Gery salut besar,1.0
2026-01-08,GSB002,Gery salut besar,30.0
2026-01-17,GSB002,Gery salut besar,10.0
2026-01-22,GSB002,Gery salut besar,10.0
2026-01-28,GSB002,Gery salut besar,10.0
2026-02-02,GSB002,Gery salut besar,2.0
2026-02-07,GSB002,Gery salut besar,1.0
2026-02-17,GSB002,Gery salut besar,10.0
2026-05-26,GSB002,Gery salut besar,1.0
2024-01-25,GSK001,Gery salut kecil,57.0
2024-01-30,GSK001,Gery salut kecil,35.0
2024-02-16,GSK001,Gery salut kecil,22.0
2024-02-18,GSK001,Gery salut kecil,40.0
2024-02-20,GSK001,Gery salut kecil,22.0
2024-02-27,GSK001,Gery salut kecil,24.0
2024-03-06,GSK001,Gery salut kecil,32.0
2024-03-12,GSK001,Gery salut kecil,30.0
2024-04-01,GSK001,Gery salut kecil,20.0
2024-04-02,GSK001,Gery salut kecil,20.0
2024-04-05,GSK001,Gery salut kecil,19.0
2024-04-08,GSK001,Gery salut kecil,20.0
2024-04-12,GSK001,Gery salut kecil,20.0
2024-04-14,GSK001,Gery salut kecil,30.0
2024-04-18,GSK001,Gery salut kecil,46.0
2024-04-21,GSK001,Gery salut kecil,20.0
2024-04-26,GSK001,Gery salut kecil,9.0
2024-04-27,GSK001,Gery salut kecil,30.0
2024-05-18,GSK001,Gery salut kecil,40.0
2024-05-21,GSK001,Gery salut kecil,50.0
2024-06-28,GSK001,Gery salut kecil,21.0
2024-11-10,GSK001,Gery salut kecil,12.0
2026-06-30,GSK001,Gery salut kecil,1.0
2024-01-26,GSL002,Garuda slondok,16.0
2024-01-28,GSL002,Garuda slondok,11.0
2024-02-08,GSL002,Garuda slondok,9.0
2024-02-09,GSL002,Garuda slondok,20.0
2024-02-12,GSL002,Garuda slondok,11.0
2024-05-31,GSL002,GARUDA SLONDOK,10.0
2024-07-23,HDP001,Handsaplast,59.0
2024-09-09,HDP001,Handsaplast,22.0
2024-09-12,HDP001,Handsaplast,44.0
2024-12-12,HDP001,Handsaplast,21.0
2025-11-07,HDP001,Handsaplast,5.0
2025-11-11,HDP001,Handsaplast,2.0
2026-02-18,HDP001,Handsaplast,1.0
2026-04-21,HDP001,Handsaplast,2.0
2026-04-24,HDP001,Handsaplast,3.0
2026-05-02,HDP001,Handsaplast,4.0
2025-11-29,HPD001,Happydent,2.0
2024-02-03,HSC001,HARMONY CAIR,7.0
2024-08-21,HSC001,Harmony cair,4.0
2026-03-29,HSC001,Harmony cair,1.0
2024-01-04,IDM002,Indomilk,18.0
2024-01-21,IDM002,Indomilk,31.0
2024-01-26,IDM002,Indomilk,16.0
2024-02-09,IDM002,Indomilk,18.0
2024-02-12,IDM002,Indomilk,32.0
2024-02-21,IDM002,Indomilk,20.0
2024-02-23,IDM002,Indomilk,20.0
2024-03-04,IDM002,Indomilk,21.0
2024-03-07,IDM002,Indomilk,13.0
2024-03-12,IDM002,Indomilk,21.0
2024-03-15,IDM002,Indomilk,22.0
2024-03-21,IDM002,Indomilk,21.0
2024-03-26,IDM002,Indomilk,18.0
2024-03-29,IDM002,Indomilk,10.0
2024-03-30,IDM002,Indomilk,19.0
2024-04-03,IDM002,Indomilk,21.0
2024-04-09,IDM002,Indomilk,15.0
2024-05-15,IDM002,Indomilk,18.0
2024-05-18,IDM002,Indomilk,10.0
2024-05-31,IDM002,INDOMILK,30.0
2024-06-01,IDM002,Indomilk,20.0
2024-06-02,IDM002,Indomilk,10.0
2024-06-04,IDM002,Indomilk,18.0
2024-06-05,IDM002,Indomilk,18.0
2024-06-08,IDM002,Indomilk,31.0
2024-06-16,IDM002,Indomilk,40.0
2024-06-29,IDM002,Indomilk,28.0
2024-06-30,IDM002,Indomilk,30.0
2024-07-02,IDM002,Indomilk,39.0
2024-07-04,IDM002,Indomilk,6.0
2024-07-06,IDM002,Indomilk,15.0
2024-07-12,IDM002,Indomilk,33.0
2024-07-19,IDM002,Indomilk,30.0
2024-08-01,IDM002,Indomilk,19.0
2024-08-04,IDM002,Indomilk,55.0
2024-08-06,IDM002,Indomilk,30.0
2024-09-02,IDM002,Indomilk,32.0
2024-09-09,IDM002,Indomilk,34.0
2024-09-20,IDM002,Indomilk,21.0
2024-09-22,IDM002,Indomilk,32.0
2024-10-06,IDM002,Indomilk,42.0
2024-10-20,IDM002,Indomilk,45.0
2024-10-30,IDM002,Indomilk,21.0
2024-11-14,IDM002,Indomilk,12.0
2024-11-19,IDM002,Indomilk,53.0
2024-11-22,IDM002,Indomilk,11.0
2024-11-30,IDM002,Indomilk,42.0
2024-12-24,IDM002,Indomilk,43.0
2024-12-28,IDM002,Indomilk,43.0
2024-12-31,IDM002,Indomilk,76.0
2025-10-10,IDM002,Indomilk,31.0
2025-10-22,IDM002,Indomilk,9.0
2025-10-25,IDM002,Indomilk,9.0
2025-11-03,IDM002,Indomilk,27.0
2025-11-25,IDM002,Indomilk,2.0
2025-12-04,IDM002,Indomilk,9.0
2025-12-11,IDM002,Indomilk,1.0
2025-12-15,IDM002,Indomilk,2.0
2025-12-19,IDM002,Indomilk,1.0
2025-12-23,IDM002,Indomilk,6.0
2025-12-29,IDM002,Indomilk,2.0
2026-01-01,IDM002,Indomilk,28.0
2026-01-02,IDM002,Indomilk,11.0
2026-01-07,IDM002,Indomilk,27.0
2026-01-09,IDM002,Indomilk,28.0
2026-01-13,IDM002,Indomilk,64.0
2026-01-17,IDM002,Indomilk,10.0
2026-01-22,IDM002,Indomilk,13.0
2026-01-31,IDM002,Indomilk,58.0
2026-02-08,IDM002,Indomilk,6.0
2026-02-26,IDM002,Indomilk,6.0
2026-03-03,IDM002,Indomilk,6.0
2026-03-08,IDM002,Indomilk,12.0
2026-03-09,IDM002,Indomilk,6.0
2026-03-11,IDM002,Indomilk,6.0
2026-04-11,IDM002,Indomilk,6.0
2026-04-14,IDM002,Indomilk,6.0
2026-04-21,IDM002,Indomilk,6.0
2026-05-05,IDM002,Indomilk,6.0
2026-05-08,IDM002,Indomilk,6.0
2026-05-13,IDM002,Indomilk,6.0
2026-05-29,IDM002,Indomilk,6.0
2026-06-13,IDM002,Indomilk,6.0
2026-06-23,IDM002,Indomilk,6.0
2026-07-04,IDM002,Indomilk,6.0
2026-07-26,IDM002,Indomilk,5.0
2026-07-28,IDM002,Indomilk,18.0
2024-02-03,INF001,INDOFOOD SAMBAL,3.0
2024-11-03,INF001,Indofood sambal,5.0
2026-06-25,INF001,Indofood sambal,1.0
2024-02-02,INS001,INDOSARI,5.0
2024-08-18,INS001,Indosari,10.0
2026-03-04,INS001,Indosari,1.0
2026-03-25,INS001,Indosari,1.0
2024-04-20,JL103,Jelly Inaco 1kg,6.0
2024-02-27,JLI01,Jelly Inaco 1/2,9.0
2024-03-30,JLI01,Jelly Inaco 1/2,3.0
2024-04-14,JLI01,Jelly Inaco 1/2,25.0
2024-04-20,JLI01,Jelly Inaco 1/2,20.0
2024-04-26,JLI01,Jelly Inaco 1/2,5.0
2024-01-27,JLI02,INACO ECER,61.0
2024-02-12,JLI02,inaco ecer,33.0
2024-02-27,JLI02,Inaco ecer,20.0
2024-02-28,JLI02,Inaco ecer,30.0
2024-02-29,JLI02,Inaco ecer,18.0
2024-03-02,JLI02,Inaco ecer,66.0
2024-03-03,JLI02,Inaco ecer,13.0
2024-03-04,JLI02,Inaco ecer,40.0
2024-03-07,JLI02,Inaco ecer,29.0
2024-03-08,JLI02,Inaco ecer,31.0
2024-03-10,JLI02,Inaco ecer,47.0
2024-03-11,JLI02,Inaco ecer,35.0
2024-03-18,JLI02,Inaco ecer,45.0
2024-03-23,JLI02,Inaco ecer,16.0
2024-03-26,JLI02,Inaco ecer,21.0
2024-03-27,JLI02,Inaco ecer,15.0
2024-03-28,JLI02,Inaco ecer,10.0
2024-03-29,JLI02,Inaco ecer,34.0
2024-03-30,JLI02,Inaco ecer,41.0
2024-04-01,JLI02,Inaco ecer,20.0
2024-04-02,JLI02,Inaco ecer,20.0
2024-04-04,JLI02,Inaco ecer,12.0
2024-04-06,JLI02,Inaco ecer,27.0
2024-04-09,JLI02,Inaco ecer,40.0
2024-04-24,JLI02,Inaco ecer,40.0
2024-04-26,JLI02,Inaco ecer,29.0
2024-04-27,JLI02,Inaco ecer,30.0
2024-05-04,JLI02,Inaco ecer,32.0
2024-05-07,JLI02,Inaco ecer,10.0
2024-05-08,JLI02,Inaco ecer,13.0
2024-05-13,JLI02,Inaco ecer,24.0
2024-05-14,JLI02,Inaco ecer,10.0
2024-05-17,JLI02,Inaco ecer,11.0
2024-05-18,JLI02,Inaco ecer,32.0
2024-05-22,JLI02,Inaco ecer,40.0
2024-05-27,JLI02,Inaco ecer,32.0
2024-05-28,JLI02,Inaco ecer,41.0
2024-07-07,JLI02,Inaco ecer,98.0
2026-01-24,JLI02,Inaco ecer,66.0
2025-10-28,JLS001,Jelly stik,2.0
2025-11-26,JLS001,Jelly stik,2.0
2024-02-01,JPT001,JAPOTA,22.0
2024-06-23,JPT001,Japota,30.0
2024-10-22,JPT001,Japota,20.0
2024-10-23,JPT001,Japota,12.0
2024-10-26,JPT001,Japota,11.0
2024-11-01,JPT001,Japota,12.0
2024-11-05,JPT001,Japota,32.0
2024-12-21,JPT001,Japota,2.0
2024-12-27,JPT001,Japota,82.0
2024-12-30,JPT001,Japota,21.0
2025-11-15,JPT001,Japota,2.0
2025-11-17,JPT001,Japota,24.0
2025-11-19,JPT001,Japota,2.0
2025-11-30,JPT001,Japota,2.0
2025-12-09,JPT001,Japota,4.0
2026-06-15,JPT001,Japota,20.0
2026-06-17,JPT001,Japota,2.0
2026-06-18,JPT001,Japota,2.0
2026-06-20,JPT001,Japota,4.0
2026-06-24,JPT001,Japota,1.0
2026-06-26,JPT001,Japota,1.0
2024-03-17,JS001,Jelly star,22.0
2024-02-26,KB001,Kuah bakso,30.0
2024-02-29,KB001,Kuah bakso,30.0
2024-04-27,KB001,Kapur bagus,10.0
2024-06-14,KB001,Kuah bakso,35.0
2024-06-22,KB001,Kuah bakso,22.0
2024-07-19,KB001,Kuah bakso,30.0
2024-07-20,KB001,Kuah bakso,22.0
2024-07-21,KB001,Kuah bakso,20.0
2024-07-25,KB001,Kuah bakso,40.0
2024-07-30,KB001,Kuah bakso,2.0
2024-08-07,KB001,Kuah bakso,20.0
2024-08-12,KB001,Kuah bakso,20.0
2024-08-18,KB001,Kuah bakso,40.0
2024-08-19,KB001,Kuah bakso,20.0
2024-08-25,KB001,Kuah bakso,39.0
2024-08-31,KB001,Kuah bakso,53.0
2024-09-04,KB001,Kuah bakso,39.0
2024-09-09,KB001,Kuah bakso,42.0
2024-09-15,KB001,Kapur bagus,33.0
2024-09-19,KB001,Kuah bakso,21.0
2024-09-24,KB001,Kuah bakso,33.0
2024-09-27,KB001,Kuah bakso,44.0
2024-09-29,KB001,Kapur bagus,43.0
2024-10-06,KB001,Kuah bakso,32.0
2024-10-12,KB001,Kuah bakso,19.0
2024-10-20,KB001,Kuah bakso,134.0
2024-12-05,KB001,Kuah Bakso,30.0
2025-10-11,KB001,Kuah Bakso,10.0
2025-10-12,KB001,Kuah Bakso,10.0
2025-10-14,KB001,Kuah Bakso,10.0
2025-10-22,KB001,Kuah bakso,4.0
2025-10-24,KB001,Kuah bakso,5.0
2025-11-04,KB001,Kuah bakso,2.0
2025-11-16,KB001,Kuah bakso,2.0
2025-12-01,KB001,Kuah bakso,2.0
2026-02-08,KB001,Kuah bakso,10.0
2026-02-10,KB001,Kuah bakso,10.0
2026-02-17,KB001,Kuah bakso,10.0
2026-02-21,KB001,Kuah bakso,2.0
2026-02-28,KB001,Kuah bakso,2.0
2026-03-02,KB001,Kuah bakso,1.0
2026-03-12,KB001,Kuah bakso,2.0
2026-03-19,KB001,Kuah bakso,2.0
2026-03-25,KB001,Kuah bakso,2.0
2026-03-26,KB001,Kuah bakso,2.0
2026-03-31,KB001,Kuah bakso,2.0
2026-04-05,KB001,Kuah bakso,4.0
2026-04-07,KB001,Kuah bakso,10.0
2026-04-15,KB001,Kuah bakso,4.0
2026-04-20,KB001,Kuah bakso,2.0
2026-04-30,KB001,Kapur bagus,2.0
2026-05-03,KB001,Kuah bakso,2.0
2026-05-12,KB001,Kuah bakso,2.0
2026-05-15,KB001,Kuah bakso,6.0
2026-05-21,KB001,Kapur bagus,2.0
2026-05-28,KB001,Kuah bakso,1.0
2026-06-04,KB001,Kuah bakso,10.0
2026-06-12,KB001,Kuah bakso,4.0
2026-06-13,KB001,Kuah bakso,1.0
2026-07-09,KB001,Kuah bakso,1.0
2026-07-22,KB001,Kuah bakso,1.0
2026-07-26,KB001,Kuah bakso,1.0
2026-07-28,KB001,Kapur bagus,1.0
2024-02-10,KCG3,KACANG ONS,8.0
2024-02-17,KCG3,Kacang ons,20.0
2024-02-23,KCG3,Kacang ons,12.0
2024-03-28,KCG3,Kacang ons,10.0
2024-03-27,KCG4,Kacang 1/4,11.0
2024-04-23,KCG4,Kacang 1/4,10.0
2024-06-23,KCG4,Kacang 1/4,3.0
2024-08-01,KCG4,Kacang 1/4,10.0
2024-08-17,KCG4,Kacang 1/4,4.0
2024-08-20,KCG4,Kacang 1/4,4.0
2024-08-21,KCG4,Kacang 1/4,3.0
2024-09-09,KCG4,Kacang 1/4,2.0
2024-09-15,KCG4,Kacang 1/4,10.0
2024-10-27,KCG4,Kacang 1/4,2.0
2024-11-02,KCG4,Kacang 1/4,10.0
2024-12-08,KCG4,Kacang 1/4,44.0
2025-10-19,KCG4,Kacang 1/4,5.0
2025-11-10,KCG4,Kacang 1/4,20.0
2025-11-15,KCG4,Kacang 1/4,20.0
2026-02-05,KCG4,Kacang 1/4,10.0
2026-03-03,KCG4,Kacang 1/4,10.0
2026-03-24,KCG4,Kacang 1/4,1.0
2026-03-28,KCG4,Kacang 1/4,1.0
2026-03-29,KCG4,Kacang 1/4,1.0
2026-04-21,KCG4,Kacang 1/4,2.0
2026-04-30,KCG4,Kacang 1/4,10.0
2026-06-21,KCG4,Kacang 1/4,1.0
2026-06-24,KCG4,Kacang 1/4,1.0
2026-07-19,KCG4,Kacang 1/4,1.0
2024-02-29,KCI001,Kacang Ijo 1/2,8.0
2024-01-29,KCK001,KRECEK 1/2,2.0
2024-04-06,KCK001,KRECEK 1/2,5.0
2024-01-17,KCP001,Kecap,15.0
2024-01-28,KCP001,Kecap,54.0
2024-02-02,KCP001,KACANG PEYEK,2.0
2024-02-22,KCP001,Kecap,26.0
2024-02-25,KCP001,Kecap,19.0
2024-02-26,KCP001,Kecap,10.0
2024-02-28,KCP001,Kecap,12.0
2024-03-14,KCP001,Kecap,18.0
2024-03-18,KCP001,Kecap,10.0
2024-03-23,KCP001,Kecap,18.0
2024-03-26,KCP001,Kecap,20.0
2024-04-09,KCP001,Kecap,39.0
2024-04-15,KCP001,Kecap,10.0
2024-04-18,KCP001,Kecap,20.0
2024-04-19,KCP001,Kecap,29.0
2024-06-02,KCP001,Kecap,10.0
2024-06-04,KCP001,Kecap,20.0
2024-06-07,KCP001,Kecap,11.0
2024-06-10,KCP001,Kecap,20.0
2024-06-11,KCP001,Kecap,21.0
2024-06-13,KCP001,Kecap,10.0
2024-06-16,KCP001,Kecap,27.0
2024-06-24,KCP001,Kecap,39.0
2024-06-28,KCP001,Kecap,20.0
2024-07-04,KCP001,Kecap,10.0
2024-07-05,KCP001,Kecap,10.0
2024-07-07,KCP001,Kecap,30.0
2024-07-10,KCP001,Kecap,19.0
2024-07-11,KCP001,Kecap,19.0
2024-07-12,KCP001,Kecap,17.0
2024-07-15,KCP001,Kecap,20.0
2024-07-17,KCP001,Kecap,52.0
2024-07-21,KCP001,Kecap,20.0
2024-07-23,KCP001,Kecap,20.0
2024-07-25,KCP001,Kecap,30.0
2024-08-04,KCP001,Kecap,30.0
2024-08-05,KCP001,Kacang peyek,5.0
2024-08-05,KCP001,Kecap,30.0
2024-08-09,KCP001,Kecap,10.0
2024-08-17,KCP001,Kecap,29.0
2024-08-20,KCP001,Kacang peyek,30.0
2024-08-23,KCP001,Kecap,19.0
2024-08-27,KCP001,Kecap,17.0
2024-08-30,KCP001,Kecap,42.0
2024-09-10,KCP001,Kecap,12.0
2024-09-12,KCP001,Kecap,20.0
2024-09-14,KCP001,Kecap,22.0
2024-09-15,KCP001,Kecap,33.0
2024-09-17,KCP001,Kecap,10.0
2024-09-18,KCP001,Kecap,23.0
2024-09-19,KCP001,kecap,31.0
2024-09-20,KCP001,Kecap,42.0
2024-09-24,KCP001,Kecap,21.0
2024-09-25,KCP001,Kecap,31.0
2024-10-03,KCP001,Kecap,10.0
2024-10-06,KCP001,Kecap,42.0
2024-10-07,KCP001,Kecap,10.0
2024-10-10,KCP001,Kecap,22.0
2024-10-13,KCP001,Kecap,22.0
2024-10-18,KCP001,kecap,44.0
2024-10-19,KCP001,Kecap,21.0
2024-11-03,KCP001,Kecap,5.0
2024-11-10,KCP001,Kecap,34.0
2024-11-12,KCP001,Kecap,28.0
2024-11-16,KCP001,Kecap,11.0
2024-11-21,KCP001,Kecap,21.0
2024-11-27,KCP001,Kecap,41.0
2024-11-28,KCP001,Kecap,20.0
2024-12-01,KCP001,Kecap,23.0
2024-12-04,KCP001,Kecap,31.0
2024-12-07,KCP001,Kecap,32.0
2024-12-11,KCP001,Kecap,10.0
2024-12-14,KCP001,Kecap,45.0
2024-12-17,KCP001,Kecap,40.0
2024-12-18,KCP001,KECAP,10.0
2024-12-19,KCP001,Kecap,20.0
2024-12-28,KCP001,Kecap,22.0
2024-12-29,KCP001,Kecap,10.0
2024-12-31,KCP001,Kecap,31.0
2025-10-19,KCP001,Kecap,20.0
2025-10-23,KCP001,Kecap,20.0
2025-10-25,KCP001,Kecap,20.0
2025-10-29,KCP001,Kecap,30.0
2025-10-30,KCP001,Kecap,2.0
2025-10-31,KCP001,Kecap,30.0
2025-11-06,KCP001,Kecap,10.0
2025-11-09,KCP001,Kecap,13.0
2025-11-10,KCP001,Kecap,10.0
2025-11-13,KCP001,Kecap,20.0
2025-11-14,KCP001,Kecap,4.0
2025-11-16,KCP001,Kecap,2.0
2025-11-20,KCP001,Kecap,30.0
2025-11-22,KCP001,Kecap,10.0
2025-11-24,KCP001,Kecap,3.0
2025-11-25,KCP001,Kecap,4.0
2025-11-26,KCP001,Kecap,2.0
2025-11-30,KCP001,Kecap,20.0
2025-12-04,KCP001,Kecap,10.0
2025-12-05,KCP001,Kecap,10.0
2025-12-06,KCP001,Kecap,2.0
2025-12-10,KCP001,Kecap,1.0
2025-12-12,KCP001,Kecap,1.0
2025-12-18,KCP001,Kecap,2.0
2025-12-20,KCP001,Kecap,10.0
2025-12-23,KCP001,Kecap,10.0
2025-12-24,KCP001,Kecap,1.0
2025-12-25,KCP001,Kecap,4.0
2025-12-26,KCP001,Kecap,3.0
2025-12-28,KCP001,Kecap,1.0
2026-01-02,KCP001,Kecap,23.0
2026-01-06,KCP001,Kecap,20.0
2026-01-07,KCP001,Kecap,20.0
2026-01-12,KCP001,Kecap,38.0
2026-01-15,KCP001,Kecap,10.0
2026-01-17,KCP001,Kecap,10.0
2026-01-18,KCP001,Kecap,30.0
2026-01-19,KCP001,Kecap,37.0
2026-01-20,KCP001,Kecap,10.0
2026-01-24,KCP001,Kecap,18.0
2026-01-28,KCP001,Kecap,33.0
2026-01-29,KCP001,Kecap,10.0
2026-01-31,KCP001,Kecap,10.0
2026-02-05,KCP001,Kecap,20.0
2026-02-06,KCP001,Kecap,10.0
2026-02-07,KCP001,Kecap,10.0
2026-02-16,KCP001,Kecap,10.0
2026-02-17,KCP001,Kecap,10.0
2026-02-18,KCP001,Kecap,10.0
2026-02-21,KCP001,Kecap,10.0
2026-03-08,KCP001,Kecap,10.0
2026-03-10,KCP001,Kecap,10.0
2026-03-11,KCP001,Kacang peyek,1.0
2026-03-16,KCP001,Kecap,10.0
2026-03-25,KCP001,Kecap,10.0
2026-03-28,KCP001,Kacang peyek,1.0
2026-03-30,KCP001,Kecap,10.0
2026-04-02,KCP001,Kecap,2.0
2026-04-04,KCP001,Kecap,10.0
2026-04-22,KCP001,Kecap,1.0
2026-04-25,KCP001,Kecap,6.0
2026-04-28,KCP001,Kecap,10.0
2026-04-29,KCP001,Kecap,1.0
2026-05-02,KCP001,Kecap,10.0
2026-05-03,KCP001,Kecap,1.0
2026-05-04,KCP001,kecap,2.0
2026-05-05,KCP001,Kecap,1.0
2026-05-11,KCP001,Kecap,3.0
2026-05-12,KCP001,Kecap,2.0
2026-05-24,KCP001,Kecap,5.0
2026-05-29,KCP001,Kecap,1.0
2026-05-30,KCP001,Kecap,4.0
2026-06-01,KCP001,Kecap,4.0
2026-06-05,KCP001,Kecap,1.0
2026-06-11,KCP001,Kecap,1.0
2026-06-25,KCP001,Kecap,5.0
2026-06-30,KCP001,Kecap,5.0
2026-07-01,KCP001,Kecap,1.0
2026-07-06,KCP001,Kecap,3.0
2026-07-14,KCP001,Kecap,1.0
2026-07-20,KCP001,Kecap,1.0
2026-07-25,KCP001,Kecap,2.0
2026-07-27,KCP001,Kecap,1.0
2024-02-01,KDM001,KALDU MILI,6.0
2025-12-13,KDM001,Kaldu mili,1.0
2024-01-22,KGA001,KOPI GULA AREN,18.0
2024-02-17,KGA001,Kopi gula aren,18.0
2024-02-19,KGA001,Kopi gula aren,19.0
2024-02-22,KGA001,Kopi gula aren,15.0
2024-03-06,KGA001,Kopi gula aren,33.0
2024-03-24,KGA001,Kopi gula aren,18.0
2024-04-12,KGA001,Kopi gula aren,10.0
2024-04-21,KGA001,Kopi gula aren,19.0
2024-05-08,KGA001,Kopi gula aren,22.0
2024-06-21,KGA001,Kopi gula aren,10.0
2024-07-15,KGA001,Kopi gula aren,9.0
2024-07-25,KGA001,Kopi gula aren,43.0
2024-08-04,KGA001,Kopi gula aren,29.0
2024-08-31,KGA001,Kopi gula aren,10.0
2024-09-30,KGA001,Kopi gula aren,24.0
2024-10-12,KGA001,Kopi gula aren,30.0
2024-10-13,KGA001,Kopi gula aren,54.0
2024-10-26,KGA001,Kopi gula aren,32.0
2024-12-11,KGA001,Kopi gula aren,32.0
2024-12-12,KGA001,Kopi gula aren,10.0
2024-12-17,KGA001,Kopi gula aren,43.0
2024-12-18,KGA001,Kopi gula aren,32.0
2025-11-05,KGA001,Kopi gula aren,6.0
2025-11-07,KGA001,Kopi gula aren,2.0
2025-11-09,KGA001,Kopi gula aren,3.0
2025-11-12,KGA001,Kopi gula aren,3.0
2025-11-15,KGA001,Kopi gula aren,3.0
2025-12-16,KGA001,Kopi gula aren,3.0
2025-12-22,KGA001,Kopi gula aren,8.0
2026-02-04,KGA001,Kopi gula aren,6.0
2026-02-18,KGA001,Kopi gula aren,13.0
2026-02-21,KGA001,Kopi gula aren,3.0
2026-03-08,KGA001,Kopi gula aren,1.0
2026-04-06,KGA001,Kopi gula aren,1.0
2026-05-21,KGA001,Kopi gula aren,3.0
2026-06-03,KGA001,Kopi gula aren,3.0
2026-06-06,KGA001,Kopi gula aren,1.0
2026-06-19,KGA001,Kopi gula aren,3.0
2026-07-17,KGA001,Kopi gula aren,1.0
2024-01-04,KGK001,Kingkong,19.0
2024-01-08,KGK001,Kingkong,17.0
2024-01-09,KGK001,Kingkong,15.0
2024-01-15,KGK001,Kingkong,11.0
2024-01-24,KGK001,KINGKONG,6.0
2024-01-28,KGK001,Kingkong,7.0
2024-02-07,KGK001,KINGKONG,11.0
2024-02-09,KGK001,KINGKONG,7.0
2024-02-22,KGK001,Kingkong,8.0
2024-03-02,KGK001,Kingkong,9.0
2024-03-03,KGK001,Kingkong,11.0
2024-03-22,KGK001,Kingkong,9.0
2024-04-16,KGK001,Kingkong,9.0
2024-05-30,KGK001,KINGKONG,9.0
2024-06-07,KGK001,Kingkong,9.0
2024-08-04,KGK001,Kingkong,9.0
2024-09-30,KGK001,Kingkong,6.0
2024-12-01,KGK001,Kingkong,31.0
2025-12-12,KGK001,Kingkong,1.0
2026-01-06,KGK001,Kingkong,20.0
2026-01-12,KGK001,Kingkong,10.0
2026-03-09,KGK001,Kingkong,1.0
2026-05-21,KGK001,Kingkong,1.0
2026-07-13,KGK001,Kingkong,1.0
2024-08-05,KKG001,Kue kacang,4.0
2026-03-11,KKG001,Kue kacang,1.0
2024-04-27,KMR001,Kemiri ons,10.0
2025-11-04,KMR001,Kemiri ons,2.0
2024-02-04,KP001,KERUPUK PANDA,8.0
2024-05-30,KP001,KERUPUK PANDA,10.0
2024-06-26,KP001,Kerupuk panda,11.0
2024-11-07,KP001,Kerupuk panda,4.0
2026-06-27,KP001,Kerupuk panda,1.0
2024-08-17,KPG001,Kripik pisang,4.0
2026-03-11,KPG001,Kripik pisang,1.0
2026-03-24,KPG001,Kripik pisang,1.0
2024-08-15,KPG01,Kue kuping gajah,4.0
2024-09-18,KPG01,Kue kuping gajah,2.0
2026-03-21,KPG01,Kue kuping gajah,2.0
2026-05-03,KPG01,Kue kuping gajah,1.0
2024-01-01,KPH001,KOPI HITAM,83.0
2024-01-02,KPH001,Kopi hitam,34.0
2024-01-06,KPH001,kopi hitam,124.0
2024-01-07,KPH001,KOPI HITAM,120.0
2024-01-08,KPH001,kopi hitam,65.0
2024-01-09,KPH001,kopi hitam,214.0
2024-01-10,KPH001,kopi hitam,79.0
2024-01-13,KPH001,kopi hitam,71.0
2024-01-14,KPH001,KOPI HITAM,147.0
2024-01-16,KPH001,KOPI HITAM,120.0
2024-01-18,KPH001,KOPI HITAM,42.0
2024-01-19,KPH001,KOPI HITAM,25.0
2024-01-20,KPH001,KOPI HITAM,79.0
2024-01-21,KPH001,KOPI HITAM,87.0
2024-01-22,KPH001,KOPI HITAM,66.0
2024-01-23,KPH001,KOPI HITAM,97.0
2024-01-24,KPH001,KOPI HITAM,56.0
2024-01-25,KPH001,KOPI HITAM,54.0
2024-01-26,KPH001,KOPI HITAM,97.0
2024-01-28,KPH001,KOPI HITAM,70.0
2024-01-30,KPH001,KOPI HITAM,30.0
2024-01-31,KPH001,KOPI HITAM,44.0
2024-02-01,KPH001,KOPI HITAM,34.0
2024-02-02,KPH001,KOPI HITAM,50.0
2024-02-03,KPH001,KOPI HITAM,88.0
2024-02-06,KPH001,KOPI HITAM,34.0
2024-02-07,KPH001,KOPI HITAM,23.0
2024-02-09,KPH001,KOPI HITAM,57.0
2024-02-10,KPH001,KOPI HITAM,30.0
2024-02-11,KPH001,KOPI HITAM,20.0
2024-02-13,KPH001,KOPI HITAM,39.0
2024-02-16,KPH001,KOPI HITAM,39.0
2024-02-19,KPH001,KOPI HITAM,25.0
2024-02-21,KPH001,KOPI HITAM,30.0
2024-02-25,KPH001,KOPI HITAM,40.0
2024-02-26,KPH001,Kopi hitam,33.0
2024-02-27,KPH001,Kopi hitam,34.0
2024-02-29,KPH001,KOPI HITAM,55.0
2024-03-02,KPH001,kopi hitam,68.0
2024-03-03,KPH001,kopi hitam,42.0
2024-03-04,KPH001,kopi hitam,66.0
2024-03-05,KPH001,Kopi hitam,52.0
2024-03-06,KPH001,kopi hitam,45.0
2024-03-07,KPH001,kopi hitam,36.0
2024-03-10,KPH001,kopi hitam,50.0
2024-03-11,KPH001,Kopi hitam,49.0
2024-03-16,KPH001,KOPI HITAM,56.0
2024-03-18,KPH001,KOPI HITAM,32.0
2024-03-22,KPH001,KOPI HITAM,33.0
2024-03-25,KPH001,KOPI HITAM,38.0
2024-03-27,KPH001,KOPI HITAM,10.0
2024-03-31,KPH001,KOPI HITAM,46.0
2024-04-01,KPH001,Kopi hitam,43.0
2024-04-06,KPH001,Kopi hitam,42.0
2024-04-08,KPH001,Kopi hitam,40.0
2024-04-09,KPH001,KOPI HITAM,124.0
2024-04-10,KPH001,Kopi hitam,28.0
2024-04-13,KPH001,Kopi hitam,54.0
2024-04-19,KPH001,Kopi hitam,83.0
2024-04-20,KPH001,KOPI HITAM,88.0
2024-05-05,KPH001,KOPI HITAM,34.0
2024-05-08,KPH001,Kopi hitam,30.0
2024-05-11,KPH001,Kopi hitam,44.0
2024-05-12,KPH001,Kopi hitam,44.0
2024-05-15,KPH001,Kopi hitam,37.0
2024-05-28,KPH001,Kopi hitam,44.0
2024-05-29,KPH001,KOPI HITAM,44.0
2024-05-30,KPH001,KOPI HITAM,19.0
2024-06-01,KPH001,KOPI HITAM,56.0
2024-06-02,KPH001,KOPI HITAM,60.0
2024-06-03,KPH001,KOPI HITAM,49.0
2024-06-04,KPH001,Kopi hitam,44.0
2024-06-12,KPH001,Kopi hitam,34.0
2024-06-13,KPH001,kopi hitam,39.0
2024-06-17,KPH001,Kopi hitam,80.0
2024-06-18,KPH001,Kopi hitam,54.0
2024-06-23,KPH001,Kopi hitam,44.0
2024-06-27,KPH001,Kopi hitam,30.0
2024-06-28,KPH001,KOPI HITAM,32.0
2024-07-07,KPH001,KOPI HITAM,66.0
2024-07-13,KPH001,Kopi hitam,33.0
2024-07-14,KPH001,KOPI HITAM,41.0
2024-07-18,KPH001,Kopi hitam,44.0
2024-07-24,KPH001,Kopi hitam,44.0
2024-08-04,KPH001,kopi hitam,34.0
2024-08-05,KPH001,Kopi hitam,65.0
2024-08-09,KPH001,kopi hitam,20.0
2024-08-10,KPH001,Kopi hitam,44.0
2024-08-16,KPH001,Kopi hitam,56.0
2024-08-17,KPH001,Kopi hitam,44.0
2024-08-18,KPH001,KOPI HITAM,32.0
2024-08-21,KPH001,KOPI HITAM,44.0
2024-08-22,KPH001,Kopi hitam,43.0
2024-08-24,KPH001,kopi hitam,54.0
2024-08-27,KPH001,Kopi hitam,32.0
2024-08-30,KPH001,Kopi hitam,43.0
2024-09-01,KPH001,Kopi hitam,54.0
2024-09-03,KPH001,Kopi hitam,65.0
2024-09-05,KPH001,Kopi hitam,53.0
2024-09-07,KPH001,Kopi hitam,65.0
2024-09-09,KPH001,Kopi hitam,24.0
2024-09-11,KPH001,Kopi hitam,54.0
2024-09-12,KPH001,Kopi hitam,21.0
2024-09-13,KPH001,Kopi hitam,24.0
2024-09-16,KPH001,Kopi hitam,85.0
2024-09-21,KPH001,Kopi hitam,76.0
2024-09-28,KPH001,Kopi hitam,66.0
2024-09-29,KPH001,Kopi hitam,65.0
2024-10-05,KPH001,kopi hitam,54.0
2024-10-08,KPH001,Kopi hitam,31.0
2024-10-09,KPH001,Kopi hitam,34.0
2024-10-18,KPH001,Kopi hitam,65.0
2024-10-20,KPH001,Kopi hitam,56.0
2024-10-22,KPH001,kopi hitam,34.0
2024-10-27,KPH001,Kopi hitam,65.0
2024-10-30,KPH001,Kopi hitam,75.0
2024-11-02,KPH001,Kopi hitam,76.0
2024-11-08,KPH001,Kopi hitam,63.0
2024-11-09,KPH001,KOPI HITAM,98.0
2024-11-11,KPH001,Kopi hitam,85.0
2024-11-16,KPH001,kopi hitam,82.0
2024-11-17,KPH001,Kopi hitam,43.0
2024-11-24,KPH001,Kopi hitam,41.0
2024-11-28,KPH001,Kopi hitam,76.0
2024-12-04,KPH001,Kopi hitam,44.0
2024-12-15,KPH001,Kopi hitam,50.0
2024-12-17,KPH001,Kopi hitam,57.0
2024-12-18,KPH001,Kopi hitam,54.0
2024-12-20,KPH001,Kopi hitam,64.0
2024-12-23,KPH001,kopi hitam,22.0
2024-12-25,KPH001,Kopi hitam,54.0
2024-12-29,KPH001,kopi hitam,88.0
2025-10-13,KPH001,Kopi hitam,24.0
2025-10-15,KPH001,Kopi hitam,50.0
2025-10-18,KPH001,Kopi hitam,60.0
2025-10-25,KPH001,Kopi hitam,10.0
2025-10-29,KPH001,Kopi hitam,20.0
2025-11-01,KPH001,Kopi hitam,10.0
2025-11-04,KPH001,Kopi hitam,30.0
2025-11-05,KPH001,Kopi hitam,50.0
2025-11-11,KPH001,Kopi hitam,50.0
2025-11-14,KPH001,Kopi hitam,10.0
2025-11-15,KPH001,Kopi hitam,15.0
2025-11-18,KPH001,Kopi hitam,10.0
2025-11-23,KPH001,Kopi hitam,50.0
2025-11-27,KPH001,Kopi hitam,10.0
2025-12-01,KPH001,Kopi hitam,10.0
2025-12-02,KPH001,Kopi hitam,6.0
2025-12-06,KPH001,Kopi hitam,7.0
2025-12-07,KPH001,Kopi hitam,10.0
2025-12-16,KPH001,Kopi hitam,10.0
2025-12-17,KPH001,Kopi hitam,20.0
2025-12-19,KPH001,Kopi hitam,20.0
2025-12-22,KPH001,Kopi hitam,10.0
2025-12-30,KPH001,Kopi hitam,10.0
2025-12-31,KPH001,Kopi hitam,10.0
2026-01-02,KPH001,kopi hitam,41.0
2026-01-04,KPH001,Kopi hitam,41.0
2026-01-07,KPH001,Kopi hitam,54.0
2026-01-15,KPH001,Kopi hitam,64.0
2026-01-26,KPH001,kopi Hitam,69.0
2026-01-27,KPH001,Kopi hitam,68.0
2026-02-01,KPH001,Kopi hitam,10.0
2026-02-05,KPH001,Kopi hitam,10.0
2026-02-07,KPH001,Kopi hitam,5.0
2026-02-17,KPH001,Kopi hitam,20.0
2026-02-20,KPH001,Kopi hitam,10.0
2026-02-26,KPH001,Kopi hitam,10.0
2026-03-10,KPH001,Kopi hitam,10.0
2026-03-21,KPH001,Kopi hitam,10.0
2026-03-25,KPH001,Kopi hitam,10.0
2026-03-27,KPH001,Kopi hitam,10.0
2026-03-29,KPH001,Kopi hitam,10.0
2026-04-02,KPH001,Kopi hitam,10.0
2026-04-05,KPH001,Kopi hitam,40.0
2026-04-07,KPH001,Kopi hitam,10.0
2026-04-13,KPH001,Kopi hitam,10.0
2026-04-16,KPH001,Kopi hitam,10.0
2026-04-18,KPH001,Kopi hitam,10.0
2026-04-21,KPH001,Kopi hitam,20.0
2026-04-23,KPH001,Kopi hitam,10.0
2026-04-25,KPH001,Kopi hitam,7.0
2026-04-27,KPH001,Kopi hitam,10.0
2026-04-29,KPH001,Kopi hitam,13.0
2026-04-30,KPH001,Kopi hitam,10.0
2026-05-01,KPH001,Kopi hitam,10.0
2026-05-05,KPH001,Kopi hitam,10.0
2026-05-07,KPH001,Kopi hitam,20.0
2026-05-09,KPH001,Kopi hitam,20.0
2026-05-18,KPH001,Kopi hitam,10.0
2026-05-19,KPH001,Kopi hitam,10.0
2026-05-31,KPH001,Kopi hitam,8.0
2026-06-01,KPH001,Kopi hitam,10.0
2026-06-10,KPH001,Kopi hitam,10.0
2026-06-13,KPH001,Kopi hitam,10.0
2026-06-20,KPH001,Kopi hitam,10.0
2026-06-23,KPH001,Kopi hitam,6.0
2026-06-24,KPH001,Kopi hitam,10.0
2026-06-29,KPH001,Kopi hitam,20.0
2026-06-30,KPH001,Kopi hitam,10.0
2026-07-07,KPH001,Kopi hitam,20.0
2026-07-15,KPH001,Kopi hitam,30.0
2026-07-22,KPH001,Kopi hitam,6.0
2026-07-26,KPH001,Kopi hitam,5.0
2025-12-30,KPH1,Kopi hitam One,10.0
2024-02-19,KPP01,Kerupuk puli 1/2,9.0
2024-05-02,KPP01,Kerupuk puli 1/2,5.0
2024-05-02,KPP03,Kerupuk puli 1/4,4.0
2024-01-08,KPS001,Kerupuk pedas,22.0
2024-04-20,KPS001,Kerupuk pedas,9.0
2024-08-09,KPS001,Kerupuk pedas,11.0
2024-08-15,KPS001,Kerupuk pedas,21.0
2024-08-17,KPS001,Kerupuk pedas,11.0
2026-03-16,KPS001,Kerupuk pedas,2.0
2026-03-21,KPS001,Kerupuk pedas,1.0
2026-03-25,KPS001,Kerupuk pedas,1.0
2024-01-29,KPT001,K. TONGKOL 1BAL,1.0
2024-04-06,KPT001,K. tongkol 1bal,2.0
2024-08-04,KPT001,K. tongkol 1bal,4.0
2024-08-10,KPT001,K. tongkol 1bal,1.0
2026-03-09,KPT001,K. tongkol 1bal,1.0
2026-03-17,KPT001,K. tongkol 1bal,1.0
2024-08-03,KPT002,K. tongkol 1kg,2.0
2024-08-04,KPT002,K. tongkol 1kg,4.0
2026-03-06,KPT002,K. tongkol 1kg,1.0
2026-03-07,KPT002,K. tongkol 1kg,1.0
204-04-14,KPT03,K. tongkol 1/2,2.0
2026-03-20,KPT03,K. tongkol 1/2,1.0
2024-08-03,KPT04,K. tongkol 1/4,4.0
2024-08-07,KPT04,K. tongkol 1/4,9.0
2024-08-09,KPT04,K. tongkol 1/4,6.0
2026-03-06,KPT04,K. tongkol 1/4,2.0
2026-03-12,KPT04,K. tongkol 1/4,2.0
2026-03-16,KPT04,K. tongkol 1/4,1.0
2024-01-24,KPU001,KERUPUK UDANG,9.0
2024-02-09,KPU001,KERUPUK UDANG,4.0
2024-02-16,KPU001,Kerupuk udang,6.0
2024-02-17,KPU001,Kerupuk udang,20.0
2024-02-19,KPU001,Kerupuk udang,8.0
2024-03-02,KPU001,Kerupuk udang,15.0
2024-04-06,KPU001,Kerupuk udang,9.0
2024-04-10,KPU001,Kerupuk udang,5.0
2024-05-07,KPU001,Kerupuk udang,9.0
2024-05-25,KPU001,Kerupuk udang,10.0
2024-05-27,KPU001,Kerupuk udang,8.0
2024-08-13,KPU001,Kerupuk udang,10.0
2025-11-09,KPU001,Kerupuk udang,2.0
2025-12-28,KPU001,Kerupuk udang,1.0
2026-03-20,KPU001,Kerupuk udang,1.0
2024-01-07,KRK001,kurma kasem,8.0
2024-03-18,KRK001,Kurma kasem,8.0
2024-01-27,KRM01,KURMA 1KG,9.0
2024-03-14,KRM01,Kurma 1kg,3.0
2024-03-15,KRM01,Kurma 1kg,8.0
2024-03-17,KRM01,Kurma 1kg,6.0
2024-03-23,KRM01,Kurma 1kg,4.0
2024-03-29,KRM01,Kurma 1kg,2.0
2024-07-28,KRM01,Kurma 1kg,10.0
2024-08-03,KRM01,Kurma 1kg,3.0
2024-08-08,KRM01,Kurma 1kg,4.0
2026-02-25,KRM01,Kurma 1kg,10.0
2026-02-26,KRM01,Kurma 1kg,3.0
2026-03-05,KRM01,Kurma 1kg,1.0
2026-03-14,KRM01,Kurma 1kg,1.0
2024-03-14,KRM02,Kurma 1/2,7.0
2024-03-16,KRM02,Kurma 1/2,10.0
2024-07-28,KRM02,Kurma 1/2,5.0
2024-08-03,KRM02,Kurma 1/2,2.0
2024-08-07,KRM02,Kurma 1/2,2.0
2024-08-08,KRM02,Kurma 1/2,3.0
2024-08-11,KRM02,Kurma 1/2,2.0
2026-02-25,KRM02,Kurma 1/2,10.0
2026-03-02,KRM02,Kurma 1/2,10.0
2026-03-05,KRM02,Kurma 1/2,1.0
2026-03-12,KRM02,Kurma 1/2,2.0
2026-03-14,KRM02,Kurma 1/2,1.0
2026-03-17,KRM02,Kurma 1/2,1.0
2024-02-09,KRS001,KARA SANTAN,19.0
2024-03-03,KRS001,Kara santan,10.0
2024-03-17,KRS001,Kara santan,9.0
2024-03-18,KRS001,Kara santan,11.0
2024-03-28,KRS001,Kara santan,10.0
2024-03-30,KRS001,Kara santan,8.0
2024-03-31,KRS001,Kara santan,13.0
2024-04-04,KRS001,Kara santan,15.0
2024-04-06,KRS001,Kara santan,10.0
2024-04-09,KRS001,Kara santan,15.0
2024-04-11,KRS001,Kara santan,8.0
2024-04-23,KRS001,Kara santan,19.0
2024-04-30,KRS001,Kara santan,10.0
2024-05-08,KRS001,Kara santan,20.0
2024-05-17,KRS001,Kara santan,19.0
2024-06-02,KRS001,Kara santan,11.0
2024-07-01,KRS001,Kara santan,11.0
2024-07-16,KRS001,Kara santan,10.0
2024-11-21,KRS001,Kara santan,11.0
2026-01-02,KRS001,Kara santan,17.0
2026-02-06,KRS001,Kara santan,10.0
2026-07-26,KRS001,Kara santan,2.0
2024-01-07,KS001,Kerupuk seblak,13.0
2024-03-15,KS001,Kerupuk seblak,11.0
2024-03-24,KS001,Kerupuk seblak,16.0
2024-04-05,KS001,Kerupuk seblak,10.0
2024-04-19,KS001,Kerupuk seblak,10.0
2024-04-20,KS001,Kerupuk seblak,7.0
2024-05-14,KS001,Kerupuk seblak,9.0
2024-06-26,KS001,Kerupuk seblak,9.0
2024-09-24,KS001,Kerupuk seblak,12.0
2024-09-25,KS001,Kerupuk seblak,21.0
2024-11-07,KS001,Kerupuk seblak,11.0
2024-11-08,KS001,Kerupuk seblak,9.0
2024-12-07,KS001,Kerupuk seblak,42.0
2025-10-16,KS001,Kerupuk seblak,10.0
2026-05-11,KS001,Kerupuk seblak,4.0
2026-05-12,KS001,Kerupuk seblak,1.0
2026-06-27,KS001,Kerupuk seblak,1.0
2026-06-28,KS001,Kerupuk seblak,1.0
2024-04-04,KSK001,K. singkong,10.0
2024-04-16,KSK001,K. Singkong,10.0
2024-12-26,KSK02,K. Singkong 1kg,7.0
2025-11-29,KSK02,K. Singkong 1kg,2.0
204-07-22,KSM001,Samiler 1/2,3.0
2024-02-01,KSM001,SAMILER 1/2,2.0
2024-06-26,KSM001,Samiler 1/2,10.0
2024-08-15,KSM001,Samiler 1/2,3.0
2024-08-15,KSM001,Samiler 1/4,2.0
2024-10-14,KSM001,Samiler 1/4,9.0
2024-10-14,KSM001,Samiler 1kg,2.0
2024-11-07,KSM001,Samiler 1/2,3.0
2024-12-31,KSM001,Samiler 1/4,5.0
2025-12-11,KSM001,Samiler 1/4,10.0
2026-02-17,KSM001,Samiler 1/2,1.0
2026-03-21,KSM001,Samiler 1/2,1.0
2026-03-21,KSM001,Samiler 1/4,1.0
2026-06-07,KSM001,Samiler 1/4,1.0
2026-06-07,KSM001,Samiler 1kg,1.0
2026-06-27,KSM001,Samiler 1/2,1.0
2024-02-03,KSP001,KISPRAY,3.0
2024-08-21,KSP001,Kispray,10.0
2026-03-29,KSP001,Kispray,1.0
2024-01-19,KTB001,KETUMBAR,11.0
2024-04-09,KTB001,Ketumbar,55.0
2024-06-05,KTB001,Ketumbar,10.0
2024-06-17,KTB001,KETUMBAR,30.0
2024-06-21,KTB001,Ketumbar,11.0
2024-06-23,KTB001,Ketumbar,29.0
2024-07-02,KTB001,Ketumbar,30.0
2024-07-04,KTB001,Ketumbar,19.0
2024-07-09,KTB001,Ketumbar,31.0
2024-08-04,KTB001,Ketumbar,30.0
2024-08-12,KTB001,Ketumbar,19.0
2024-09-26,KTB001,Ketumbar,21.0
2024-10-12,KTB001,Ketumbar,32.0
2024-10-29,KTB001,Ketumbar,21.0
2024-11-01,KTB001,Ketumbar,10.0
2024-11-30,KTB001,Ketumbar,18.0
2025-10-18,KTB001,Ketumbar,10.0
2025-12-20,KTB001,Ketumbar,2.0
2026-01-09,KTB001,Ketumbar,20.0
2026-01-17,KTB001,Ketumbar,10.0
2026-01-26,KTB001,Ketumbar,36.0
2026-02-02,KTB001,Ketumbar,10.0
2026-03-07,KTB001,Ketumbar,1.0
2026-03-18,KTB001,Ketumbar,2.0
2026-05-13,KTB001,Ketumbar,1.0
2026-06-03,KTB001,Ketumbar,1.0
2026-06-22,KTB001,Ketumbar,1.0
2026-06-24,KTB001,Ketumbar,1.0
2026-07-15,KTB001,Ketumbar,1.0
2024-04-10,KTK001,Kertas Kado,15.0
2024-04-13,KTK001,Kertas Kado,10.0
2024-05-17,KTK001,Kertas kado,18.0
2025-11-19,KTK001,Kertas kado,2.0
2024-01-19,KTN001,KERTAS NASI,12.0
2024-06-22,KTN001,Kertas nasi,128.0
2024-08-25,KTN001,Kertas nasi,58.0
2024-09-14,KTN001,Kertas nasi,42.0
2024-10-12,KTN001,Kertas nasi,65.0
2024-12-31,KTN001,Kertas nasi,42.0
2025-10-20,KTN001,Kertas nasi,2.0
2025-11-28,KTN001,Kertas nasi,10.0
2025-12-10,KTN001,Kertas nasi,20.0
2026-04-01,KTN001,Kertas nasi,10.0
2026-04-28,KTN001,Kertas nasi,10.0
2026-06-04,KTN001,Kertas nasi,10.0
2024-01-30,KUS001,KRIPIK USUS 1/2,2.0
2024-04-06,KUS001,Kripik usus 1/2,4.0
2024-05-02,KUS001,Kripik usus 1/2,3.0
2024-04-06,KUS02,Kripik usus 1kg,1.0
2026-03-09,KUS02,Kripik usus 1kg,3.0
2024-04-06,KUS03,Kripik usus 1bal,3.0
204-04-14,LDK001,Ladaku,20.0
2024-01-03,LDK001,Ladaku,8.0
2024-01-06,LDK001,Ladaku,43.0
2024-02-07,LDK001,Ladaku,26.0
2024-02-09,LDK001,Ladaku,19.0
2024-02-26,LDK001,Ladaku,34.0
2024-03-11,LDK001,Ladaku,33.0
2024-03-19,LDK001,Ladaku,18.0
2024-04-01,LDK001,Ladaku,31.0
2024-04-18,LDK001,Ladaku,30.0
2024-04-24,LDK001,Ladaku,13.0
2024-04-26,LDK001,Ladaku,30.0
2024-05-27,LDK001,Ladaku,30.0
2024-06-06,LDK001,Ladaku,20.0
2024-06-11,LDK001,Ladaku,11.0
2024-06-16,LDK001,Ladaku,39.0
2024-07-05,LDK001,Ladaku,19.0
2024-07-31,LDK001,Ladaku,33.0
2024-08-02,LDK001,Ladaku,30.0
2024-08-18,LDK001,Ladaku,30.0
2024-08-23,LDK001,Ladaku,18.0
2024-08-31,LDK001,Ladaku,34.0
2024-09-17,LDK001,Ladaku,23.0
2024-09-21,LDK001,Ladaku,31.0
2024-09-27,LDK001,Ladaku,33.0
2024-09-29,LDK001,Ladaku,21.0
2024-10-06,LDK001,Ladaku,42.0
2024-10-17,LDK001,Ladaku,42.0
2024-10-20,LDK001,Ladaku,76.0
2024-10-21,LDK001,Ladaku,43.0
2024-10-25,LDK001,Ladaku,23.0
2024-10-27,LDK001,Ladaku,43.0
2024-10-28,LDK001,Ladaku,12.0
2024-11-05,LDK001,Ladaku,23.0
2024-11-11,LDK001,Ladaku,45.0
2024-11-17,LDK001,Ladaku,54.0
2024-11-24,LDK001,Ladaku,5.0
2024-12-17,LDK001,Ladaku,20.0
2024-12-20,LDK001,Ladaku,34.0
2024-12-22,LDK001,Ladaku,21.0
2025-10-24,LDK001,Ladaku,3.0
2025-11-11,LDK001,Ladaku,2.0
2025-11-12,LDK001,Ladaku,2.0
2025-11-13,LDK001,Ladaku,2.0
2025-11-16,LDK001,Ladaku,2.0
2025-11-17,LDK001,Ladaku,5.0
2025-11-22,LDK001,Ladaku,2.0
2025-11-23,LDK001,Ladaku,2.0
2025-12-18,LDK001,Ladaku,1.0
2025-12-23,LDK001,Ladaku,1.0
2026-01-04,LDK001,Ladaku,33.0
2026-01-10,LDK001,Ladaku,10.0
2026-01-19,LDK001,Ladaku,47.0
2026-01-20,LDK001,Ladaku,10.0
2026-02-02,LDK001,Ladaku,10.0
2026-03-01,LDK001,Ladaku,3.0
2026-03-04,LDK001,Ladaku,10.0
2026-03-20,LDK001,Ladaku,10.0
2026-03-26,LDK001,Ladaku,1.0
2026-03-30,LDK001,Ladaku,10.0
2026-04-05,LDK001,Ladaku,10.0
2026-05-01,LDK001,Ladaku,1.0
2026-05-02,LDK001,Ladaku,1.0
2026-05-06,LDK001,Ladaku,1.0
2026-05-15,LDK001,Ladaku,2.0
2026-05-19,LDK001,Ladaku,1.0
2026-05-29,LDK001,Ladaku,1.0
2026-06-10,LDK001,Ladaku,1.0
2026-06-12,LDK001,Ladaku,1.0
2026-06-14,LDK001,Ladaku,1.0
2026-06-19,LDK001,Ladaku,1.0
2026-06-20,LDK001,Ladaku,1.0
2026-06-21,LDK001,Ladaku,1.0
2026-06-26,LDK001,Ladaku,3.0
2026-07-01,LDK001,Ladaku,1.0
2026-07-07,LDK001,Ladaku,1.0
2026-07-11,LDK001,Ladaku,1.0
2026-07-14,LDK001,Ladaku,1.0
2026-07-17,LDK001,Ladaku,1.0
2026-07-21,LDK001,Ladaku,1.0
2026-07-24,LDK001,Ladaku,1.0
2024-01-05,LFB001,Lifebouy,15.0
2024-01-13,LFB001,Lifebouy,31.0
2024-03-06,LFB001,Lifebouy,20.0
2024-03-11,LFB001,Lifebouy,11.0
2024-06-14,LFB001,Lifebouy,22.0
2024-06-22,LFB001,Lifebouy,51.0
2024-07-19,LFB001,Lifebouy,19.0
2024-09-13,LFB001,Lifebouy,33.0
2024-09-17,LFB001,Lifebouy,10.0
2024-09-30,LFB001,Lifebouy,10.0
2024-10-13,LFB001,Lifebouy,20.0
2024-12-10,LFB001,Lifebouy,10.0
2024-12-29,LFB001,Lifebouy,21.0
2025-10-08,LFB001,Lifebouy,30.0
2025-10-17,LFB001,Lifebouy,2.0
2025-10-20,LFB001,Lifebouy,1.0
2025-10-22,LFB001,Lifebouy,6.0
2025-10-24,LFB001,Lifebouy,2.0
2025-11-04,LFB001,Lifebouy,3.0
2025-12-05,LFB001,Lifebouy,2.0
2025-12-09,LFB001,Lifebouy,4.0
2025-12-17,LFB001,Lifebouy,1.0
2025-12-22,LFB001,Lifebouy,1.0
2026-01-20,LFB001,Lifebouy,34.0
2026-02-08,LFB001,Lifebouy,10.0
2026-02-26,LFB001,Lifebouy,1.0
2026-04-27,LFB001,Lifebouy,1.0
2026-05-02,LFB001,Lifebouy,1.0
2026-05-21,LFB001,Lifebouy,1.0
2026-06-04,LFB001,Lifebouy,1.0
2024-01-03,LML002,Le mineral,40.0
2024-01-14,LML002,Le mineral,10.0
2024-02-12,LML002,Le mineral,5.0
2024-04-08,LML002,Le mineral,13.0
2024-04-14,LML002,Le mineral,9.0
2024-05-19,LML002,Le mineral,10.0
2024-05-31,LML002,Le mineral,10.0
2026-02-26,MBD001,Mie burung dara,5.0
2024-02-20,MBK002,Mie baked,9.0
2024-02-21,MBK002,Mie baked,12.0
2024-05-31,MBK002,MIE BAKED,10.0
2024-01-01,MCN001,Micin 1000,23.0
2024-04-04,MCN001,Micin 1000,30.0
2024-04-09,MCN001,Micin 1000,30.0
2024-04-11,MCN001,Micin 1000,38.0
2024-05-27,MCN001,Micin 1000,40.0
2024-06-07,MCN001,Micin 1000,20.0
2024-06-18,MCN001,Micin 1000,30.0
2024-07-04,MCN001,Micin 1000,14.0
2024-07-20,MCN001,Micin 1000,20.0
2024-07-28,MCN001,Micin 1000,30.0
2024-08-07,MCN001,Micin 1000,30.0
2024-08-10,MCN001,Micin 1000,30.0
2024-08-24,MCN001,Micin 1000,40.0
2024-08-31,MCN001,Micin 1000,22.0
2024-09-21,MCN001,Micin 1000,43.0
2024-10-07,MCN001,Micin 1000,31.0
2024-11-17,MCN001,Micin 1000,12.0
2024-12-01,MCN001,Micin 1000,23.0
2024-12-04,MCN001,Micin 1000,21.0
2024-12-08,MCN001,Micin 1000,53.0
2024-12-28,MCN001,Micin 1000,44.0
2025-10-19,MCN001,Micin 1000,1.0
2025-10-25,MCN001,Micin 1000,2.0
2025-11-04,MCN001,Micin 1000,2.0
2025-12-04,MCN001,Micin 1000,1.0
2025-12-11,MCN001,Micin 1000,1.0
2025-12-25,MCN001,Micin 1000,2.0
2025-12-26,MCN001,Micin 1000,2.0
2026-01-12,MCN001,Micin 1000,40.0
2026-01-15,MCN001,Micin 1000,28.0
2026-01-17,MCN001,Micin 1000,10.0
2026-02-10,MCN001,Micin 1000,1.0
2026-02-25,MCN001,Micin 1000,10.0
2026-03-12,MCN001,Micin 1000,1.0
2026-03-17,MCN001,Micin 1000,2.0
2026-03-31,MCN001,Micin 1000,4.0
2026-04-05,MCN001,Micin 1000,10.0
2026-05-06,MCN001,Micin 1000,1.0
2026-05-31,MCN001,Micin 1000,1.0
2026-07-07,MCN001,Micin 1000,1.0
2024-02-03,MCN004,MICIN 2000,7.0
2024-06-17,MCN004,Micin 2000,20.0
2024-10-05,MCN004,Micin 2000,31.0
2026-05-01,MCN004,Micin 2000,2.0
2026-05-27,MCN004,Micin 2000,2.0
204-04-14,MCN02,Micin 500,102.0
2024-03-30,MCN02,Micin 500,20.0
2024-05-17,MCN02,Micin 500,50.0
2024-05-19,MCN02,Micin 500,30.0
2024-12-12,MCN02,Micin 500,22.0
2024-12-15,MCN02,Micin 500,43.0
2025-10-27,MCN02,Micin 500,2.0
2025-10-31,MCN02,Micin 500,3.0
2025-11-08,MCN02,Micin 500,3.0
2025-11-12,MCN02,Micin 500,2.0
2025-11-28,MCN02,Micin 500,2.0
2026-03-20,MCN02,Micin 500,10.0
2026-04-15,MCN02,Micin 500,10.0
2026-07-09,MCN02,Micin 500,2.0
2026-02-18,MCN03,Micin 5000,1.0
2024-02-10,MG001,MAGGIC,30.0
2024-02-19,MG001,Maggic,12.0
2024-03-02,MG001,Maggic,40.0
2024-04-07,MG001,Maggic,15.0
2024-04-09,MG001,Maggic,20.0
2024-04-13,MG001,Maggic,15.0
2024-05-13,MG001,Maggic,10.0
2024-05-15,MG001,Maggic,12.0
2024-06-17,MG001,MAGGIC,30.0
2024-09-25,MG001,Maggic,10.0
2024-10-15,MG001,Maggic,33.0
2025-11-23,MG001,Maggic,3.0
2026-03-20,MG001,Maggic,10.0
2026-05-01,MG001,Maggic,5.0
2026-05-12,MG001,Maggic,1.0
2026-06-08,MG001,Maggic,3.0
2026-07-16,MG001,Maggic,4.0
2024-01-02,MGR001,MIE GORENG,20.0
2024-01-03,MGR001,Mie Goreng,94.0
2024-01-05,MGR001,Mie Goreng,120.0
2024-01-06,MGR001,Mie Goreng,198.0
2024-01-08,MGR001,Mie Goreng,98.0
2024-01-16,MGR001,MIE GORENG,160.0
2024-01-18,MGR001,MIE GORENG,99.0
2024-01-19,MGR001,MIE GORENG,33.0
2024-01-20,MGR001,MIE GORENG,109.0
2024-01-21,MGR001,Mie Goreng,87.0
2024-01-22,MGR001,MIE GORENG,65.0
2024-01-27,MGR001,MIE GORENG,80.0
2024-01-28,MGR001,MIE GORENG,80.0
2024-01-29,MGR001,MIE GORENG,41.0
2024-02-01,MGR001,MIE GORENG,69.0
2024-02-02,MGR001,Mie goreng,51.0
2024-02-03,MGR001,MIE GORENG,80.0
2024-02-04,MGR001,MIE GORENG,87.0
2024-02-06,MGR001,MIE GORENG,54.0
2024-02-08,MGR001,MIE GORENG,46.0
2024-02-11,MGR001,MIE GORENG,48.0
2024-02-13,MGR001,Mie goreng,50.0
2024-02-14,MGR001,Mie goreng,51.0
2024-02-16,MGR001,Mie goreng,39.0
2024-02-18,MGR001,MIE GORENG,76.0
2024-02-20,MGR001,Mie goreng,48.0
2024-02-22,MGR001,MIE GORENG,39.0
2024-02-24,MGR001,MIE GORENG,47.0
2024-02-26,MGR001,Mie goreng,47.0
2024-02-27,MGR001,MIE GORENG,58.0
2024-02-28,MGR001,MIE GORENG,34.0
2024-03-01,MGR001,Mie goreng,52.0
2024-03-03,MGR001,mie goreng,80.0
2024-03-04,MGR001,Mie goreng,49.0
2024-03-08,MGR001,Mie goreng,47.0
2024-03-09,MGR001,Mie goreng,57.0
2024-03-19,MGR001,Mie goreng,54.0
2024-03-20,MGR001,MIE GORENG,65.0
2024-03-21,MGR001,Mie goreng,43.0
2024-03-26,MGR001,Mie goreng,54.0
2024-03-29,MGR001,Mie goreng,44.0
2024-04-02,MGR001,MIE GORENG,67.0
2024-04-03,MGR001,Mie goreng,50.0
2024-04-05,MGR001,Mie goreng,49.0
2024-04-06,MGR001,Mie goreng,70.0
2024-04-15,MGR001,Mie goreng,49.0
2024-04-17,MGR001,Mie goreng,66.0
2024-04-18,MGR001,Mie goreng,54.0
2024-04-19,MGR001,Mie goreng,55.0
2024-04-22,MGR001,Mie goreng,50.0
2024-05-01,MGR001,MIE GORENG,79.0
2024-05-02,MGR001,Mie goreng,44.0
2024-05-08,MGR001,MIE GORENG,33.0
2024-05-13,MGR001,Mie goreng,39.0
2024-05-14,MGR001,Mie goreng,42.0
2024-05-15,MGR001,MIE GORENG,51.0
2024-05-18,MGR001,Mie goreng,56.0
2024-05-20,MGR001,Mie goreng,49.0
2024-05-23,MGR001,Mie goreng,49.0
2024-05-26,MGR001,Mie goreng,67.0
2024-05-27,MGR001,Mie goreng,49.0
2024-05-31,MGR001,MIE GORENG,49.0
2024-06-01,MGR001,Mie goreng,50.0
2024-06-02,MGR001,Mie goreng,60.0
2024-06-03,MGR001,Mie goreng,49.0
2024-06-06,MGR001,Mie goreng,44.0
2024-06-08,MGR001,Mie goreng,59.0
2024-06-10,MGR001,Mie goreng,43.0
2024-06-11,MGR001,Mie goreng,45.0
2024-06-12,MGR001,Mie goreng,42.0
2024-06-13,MGR001,Mie goreng,70.0
2024-06-15,MGR001,Mie goreng,58.0
2024-06-16,MGR001,Mie goreng,89.0
2024-06-17,MGR001,Mie goreng,129.0
2024-06-21,MGR001,Mie goreng,44.0
2024-06-22,MGR001,Mie goreng,44.0
2024-06-29,MGR001,Mie goreng,66.0
2024-06-30,MGR001,Mie goreng,60.0
2024-07-03,MGR001,Mie goreng,43.0
2024-07-05,MGR001,Mie goreng,30.0
2024-07-06,MGR001,Mie goreng,65.0
2024-07-07,MGR001,Mie goreng,70.0
2024-07-10,MGR001,Mie goreng,40.0
2024-07-17,MGR001,Mie goreng,44.0
2024-07-18,MGR001,Mie goreng,49.0
2024-07-20,MGR001,Mie GORENG,40.0
2024-07-21,MGR001,Mie goreng,60.0
2024-07-27,MGR001,Mie goreng,60.0
2024-07-31,MGR001,Mie goreng,40.0
2024-08-03,MGR001,Mie goreng,55.0
2024-08-07,MGR001,Mie goreng,40.0
2024-08-16,MGR001,Mie goreng,40.0
2024-08-29,MGR001,Mie goreng,65.0
2024-08-31,MGR001,Mie goreng,42.0
2024-09-01,MGR001,Mie goreng,64.0
2024-09-02,MGR001,Mie goreng,64.0
2024-09-04,MGR001,Mie goreng,32.0
2024-09-07,MGR001,Mie goreng,79.0
2024-09-08,MGR001,Mie goreng,75.0
2024-09-11,MGR001,Mie goreng,54.0
2024-09-14,MGR001,Mie goreng,54.0
2024-09-16,MGR001,Mie goreng,64.0
2024-09-17,MGR001,Mie goreng,40.0
2024-09-18,MGR001,Mie goreng,20.0
2024-09-26,MGR001,Mie goreng,32.0
2024-09-27,MGR001,Mie goreng,42.0
2024-10-01,MGR001,Mie goreng,42.0
2024-10-03,MGR001,Mie goreng,20.0
2024-10-04,MGR001,Mie goreng,42.0
2024-10-05,MGR001,Mie goreng,70.0
2024-10-06,MGR001,Mie goreng,31.0
2024-10-11,MGR001,Mie goreng,40.0
2024-10-12,MGR001,Mie goreng,40.0
2024-10-13,MGR001,Mie goreng,47.0
2024-10-15,MGR001,Mie goreng,50.0
2024-10-16,MGR001,Mie goreng,43.0
2024-10-19,MGR001,Mie goreng,32.0
2024-10-21,MGR001,Mie goreng,56.0
2024-10-30,MGR001,Mie goreng,58.0
2024-11-03,MGR001,Mie goreng,97.0
2024-11-05,MGR001,Mie goreng,75.0
2024-11-10,MGR001,Mie goreng,97.0
2024-11-15,MGR001,Mie goreng,87.0
2024-11-16,MGR001,Mie goreng,87.0
2024-11-18,MGR001,Mie goreng,54.0
2024-11-19,MGR001,Mie goreng,84.0
2024-11-20,MGR001,Mie goreng,30.0
2024-11-24,MGR001,Mie goreng,98.0
2024-11-26,MGR001,Mie goreng,30.0
2024-11-29,MGR001,Mie goreng,94.0
2024-12-01,MGR001,Mie goreng,43.0
2024-12-03,MGR001,Mie goreng,40.0
2024-12-05,MGR001,Mie Goreng,37.0
2024-12-06,MGR001,Mie Goreng,40.0
2024-12-10,MGR001,Mie goreng,50.0
2024-12-11,MGR001,Mie goreng,59.0
2024-12-13,MGR001,Mie goreng,44.0
2024-12-19,MGR001,Mie goreng,65.0
2024-12-20,MGR001,Mie goreng,11.0
2024-12-24,MGR001,Mie goreng,20.0
2024-12-27,MGR001,Mie goreng,98.0
2024-12-29,MGR001,Mie goreng,87.0
2024-12-30,MGR001,Mie goreng,98.0
2024-12-31,MGR001,Mie goreng,89.0
2025-10-09,MGR001,Mie Goreng,42.0
2025-10-14,MGR001,Mie Goreng,40.0
2025-10-16,MGR001,Mie Goreng,40.0
2025-10-17,MGR001,Mie goreng,40.0
2025-10-21,MGR001,Mie goreng,41.0
2025-10-23,MGR001,Mie goreng,40.0
2025-10-28,MGR001,Mie goreng,3.0
2025-10-30,MGR001,Mie goreng,20.0
2025-10-31,MGR001,Mie goreng,40.0
2025-11-04,MGR001,Mie goreng,40.0
2025-11-06,MGR001,Mie goreng,50.0
2025-11-09,MGR001,Mie goreng,40.0
2025-11-10,MGR001,Mie goreng,60.0
2025-11-11,MGR001,Mie goreng,25.0
2025-11-15,MGR001,Mie goreng,50.0
2025-11-16,MGR001,Mie goreng,3.0
2025-11-18,MGR001,Mie goreng,40.0
2025-11-21,MGR001,Mie goreng,30.0
2025-11-23,MGR001,Mie goreng,40.0
2025-11-25,MGR001,Mie goreng,20.0
2025-11-28,MGR001,Mie goreng,40.0
2025-11-29,MGR001,Mie goreng,50.0
2025-11-30,MGR001,Mie goreng,20.0
2025-12-01,MGR001,Mie goreng,40.0
2025-12-04,MGR001,Mie goreng,30.0
2025-12-07,MGR001,Mie goreng,40.0
2025-12-08,MGR001,Mie goreng,30.0
2025-12-09,MGR001,Mie goreng,30.0
2025-12-10,MGR001,Mie goreng,20.0
2025-12-14,MGR001,Mie goreng,40.0
2025-12-16,MGR001,Mie goreng,40.0
2025-12-17,MGR001,Mie goreng,20.0
2025-12-19,MGR001,Mie goreng,2.0
2025-12-20,MGR001,Mie goreng,30.0
2025-12-21,MGR001,Mie goreng,30.0
2025-12-22,MGR001,Mie goreng,40.0
2025-12-26,MGR001,Mie goreng,40.0
2025-12-28,MGR001,Mie goreng,20.0
2026-01-01,MGR001,Mie goreng,10.0
2026-01-02,MGR001,Mie goreng,33.0
2026-01-04,MGR001,Mie goreng,67.0
2026-01-05,MGR001,Mie goreng,77.0
2026-01-08,MGR001,Mie goreng,20.0
2026-01-10,MGR001,Mie goreng,50.0
2026-01-11,MGR001,Mie goreng,30.0
2026-01-13,MGR001,Mie goreng,47.0
2026-01-15,MGR001,Mie goreng,40.0
2026-01-18,MGR001,Mie goreng,100.0
2026-01-19,MGR001,Mie goreng,127.0
2026-01-20,MGR001,Mie goreng,30.0
2026-01-22,MGR001,Mie goreng,67.0
2026-01-24,MGR001,Mie goreng,96.0
2026-01-27,MGR001,Mie goreng,97.0
2026-01-28,MGR001,Mie goreng,96.0
2026-01-29,MGR001,Mie goreng,67.0
2026-02-01,MGR001,Mie goreng,80.0
2026-02-02,MGR001,Mie goreng,50.0
2026-02-06,MGR001,Mie goreng,80.0
2026-02-07,MGR001,Mie goreng,40.0
2026-02-10,MGR001,Mie goreng,40.0
2026-02-11,MGR001,Mie goreng,40.0
2026-02-13,MGR001,Mie goreng,40.0
2026-02-15,MGR001,Mie goreng,40.0
2026-02-16,MGR001,Mie goreng,40.0
2026-02-24,MGR001,Mie goreng,40.0
2026-03-01,MGR001,Mie goreng,40.0
2026-03-05,MGR001,Mie goreng,40.0
2026-03-12,MGR001,Mie goreng,40.0
2026-03-23,MGR001,Mie goreng,40.0
2026-03-30,MGR001,Mie goreng,40.0
2026-04-04,MGR001,Mie goreng,40.0
2026-04-05,MGR001,Mie goreng,20.0
2026-04-08,MGR001,Mie goreng,200.0
2026-04-10,MGR001,Mie goreng,40.0
2026-04-14,MGR001,Mie goreng,100.0
2026-04-16,MGR001,Mie goreng,40.0
2026-04-18,MGR001,Mie goreng,40.0
2026-04-19,MGR001,Mie goreng,100.0
2026-04-23,MGR001,Mie goreng,45.0
2026-04-29,MGR001,Mie goreng,40.0
2026-04-30,MGR001,Mie goreng,40.0
2026-05-01,MGR001,Mie goreng,40.0
2026-05-02,MGR001,Mie goreng,40.0
2026-05-03,MGR001,Mie goreng,20.0
2026-05-13,MGR001,Mie goreng,40.0
2026-05-16,MGR001,Mie goreng,30.0
2026-05-22,MGR001,Mie goreng,42.0
2026-05-25,MGR001,Mie goreng,43.0
2026-05-26,MGR001,Mie goreng,42.0
2026-05-27,MGR001,Mie goreng,70.0
2026-05-29,MGR001,Mie goreng,40.0
2026-06-03,MGR001,Mie goreng,40.0
2026-06-04,MGR001,Mie goreng,40.0
2026-06-05,MGR001,Mie goreng,47.0
2026-06-07,MGR001,Mie goreng,50.0
2026-06-09,MGR001,Mie goreng,43.0
2026-06-12,MGR001,Mie goreng,43.0
2026-06-13,MGR001,Mie goreng,42.0
2026-06-18,MGR001,Mie goreng,2.0
2026-06-23,MGR001,Mie goreng,1.0
2026-06-25,MGR001,Mie goreng,2.0
2026-06-26,MGR001,Mie goreng,1.0
2026-06-30,MGR001,Mie goreng,1.0
2026-07-05,MGR001,Mie goreng,2.0
2026-07-06,MGR001,Mie goreng,1.0
2026-07-07,MGR001,Mie goreng,3.0
2026-07-08,MGR001,Mie goreng,2.0
2026-07-15,MGR001,Mie goreng,4.0
2026-07-16,MGR001,Mie goreng,1.0
2026-07-19,MGR001,Mie goreng,2.0
2026-07-22,MGR001,Mie goreng,4.0
2026-07-25,MGR001,Mie goreng,2.0
2026-07-27,MGR001,Mie goreng,3.0
2024-02-20,MKE001,Mie eko,27.0
2024-02-26,MKE001,Mie eko,12.0
2024-02-28,MKE001,Mie eko,11.0
2024-03-18,MKE001,Mie eko,19.0
2024-03-24,MKE001,Mie Eko,17.0
2024-03-31,MKE001,Mie eko,15.0
2024-04-14,MKE001,Mie eko,15.0
2024-04-15,MKE001,Mie eko,26.0
2024-07-09,MKE001,Mie eko,20.0
2024-07-10,MKE001,Mie eko,21.0
2024-08-06,MKE001,Mie eko,24.0
2024-08-13,MKE001,Mie eko,11.0
2024-08-16,MKE001,Mie eko,4.0
2024-08-24,MKE001,Mie eko,11.0
2024-09-12,MKE001,Mie eko,10.0
2024-09-17,MKE001,Mie eko,11.0
2024-10-19,MKE001,Mie eko,34.0
2024-12-07,MKE001,Mie Eko,23.0
2024-12-17,MKE001,Mie eko,31.0
2025-10-16,MKE001,Mie Eko,40.0
2025-10-24,MKE001,Mie eko,4.0
2025-11-02,MKE001,Mie eko,10.0
2025-11-07,MKE001,Mie eko,10.0
2025-11-09,MKE001,Mie eko,15.0
2025-11-14,MKE001,Mie eko,2.0
2025-11-17,MKE001,Mie eko,10.0
2025-11-22,MKE001,Mie eko,3.0
2025-11-26,MKE001,Mie eko,5.0
2025-12-06,MKE001,Mie eko,8.0
2026-01-26,MKE001,Mie eko,13.0
2026-01-28,MKE001,Mie eko,10.0
2026-02-26,MKE001,Mie eko,2.0
2026-03-12,MKE001,Mie eko,3.0
2026-03-19,MKE001,Mie eko,1.0
2026-03-23,MKE001,Mie eko,4.0
2026-03-31,MKE001,Mie eko,15.0
2026-04-24,MKE001,Mie eko,10.0
2026-05-02,MKE001,Mie eko,4.0
2026-06-11,MKE001,Mie eko,1.0
2026-07-22,MKE001,Mie eko,2.0
2024-04-04,MKE02,Mie eko besar,11.0
2026-07-22,MKE02,Mie eko besar,1.0
204-07-22,MKH001,Mie kuah,30.0
2024-01-02,MKH001,Mie kuah,18.0
2024-01-03,MKH001,mie kuah,25.0
2024-01-05,MKH001,Mie Kuah,19.0
2024-01-18,MKH001,MIE KUAH,23.0
2024-01-20,MKH001,MIE KUAH,94.0
2024-01-21,MKH001,MIE KUAH,88.0
2024-01-22,MKH001,Mie Kuah,43.0
2024-01-27,MKH001,MIE KUAH,38.0
2024-01-28,MKH001,Mie kuah,70.0
2024-02-01,MKH001,Mie kuah,54.0
2024-02-02,MKH001,Mie kuah,30.0
2024-02-08,MKH001,MIE KUAH,38.0
2024-02-22,MKH001,Mie kuah,36.0
2024-03-08,MKH001,Mie kuah,44.0
2024-03-14,MKH001,Mie kuah,39.0
2024-03-17,MKH001,Mie kuah,40.0
2024-03-26,MKH001,Mie kuah,54.0
2024-03-29,MKH001,Mie kuah,39.0
2024-04-03,MKH001,Mie kuah,43.0
2024-04-06,MKH001,Mie kuah,60.0
2024-04-09,MKH001,Mie kuah,75.0
2024-04-15,MKH001,Mie kuah,43.0
2024-04-23,MKH001,Mie kuah,37.0
2024-05-01,MKH001,MIE KUAH,60.0
2024-05-07,MKH001,Mie kuah,43.0
2024-05-09,MKH001,Mie kuah,44.0
2024-05-11,MKH001,Mie kuah,30.0
2024-05-22,MKH001,Mie kuah,40.0
2024-05-24,MKH001,Mie kuah,43.0
2024-06-02,MKH001,Mie kuah,65.0
2024-06-10,MKH001,Mie kuah,30.0
2024-06-12,MKH001,Mie kuah,30.0
2024-06-13,MKH001,Mie kuah,65.0
2024-06-14,MKH001,Mie kuah,45.0
2024-06-21,MKH001,Mie kuah,43.0
2024-06-28,MKH001,Mie kuah,40.0
2024-07-04,MKH001,Mie kuah,30.0
2024-07-06,MKH001,Mie kuah,40.0
2024-07-08,MKH001,Mie kuah,47.0
2024-07-09,MKH001,Mie kuah,35.0
2024-07-10,MKH001,Mie kuah,30.0
2024-07-18,MKH001,Mie kuah,48.0
2024-07-20,MKH001,Mie kuah,54.0
2024-07-21,MKH001,Mie kuah,52.0
2024-07-23,MKH001,Mie kuah,20.0
2024-07-27,MKH001,Mie kuah,50.0
2024-07-28,MKH001,Mie kuah,40.0
2024-07-31,MKH001,Mie kuah,40.0
2024-08-07,MKH001,Mie kuah,30.0
2024-08-29,MKH001,Mie kuah,43.0
2024-08-31,MKH001,Mie kuah,41.0
2024-09-12,MKH001,Mie kuah,40.0
2024-09-13,MKH001,Mie kuah,42.0
2024-09-21,MKH001,Mie kuah,30.0
2024-09-22,MKH001,Mie kuah,30.0
2024-10-01,MKH001,Mie kuah,32.0
2024-10-03,MKH001,Mie kuah,42.0
2024-10-06,MKH001,Mie kuah,2.0
2024-10-11,MKH001,Mie kuah,40.0
2024-10-13,MKH001,Mie kuah,43.0
2024-10-16,MKH001,Mie kuah,50.0
2024-10-21,MKH001,Mie kuah,40.0
2024-11-03,MKH001,Mie kuah,54.0
2024-11-10,MKH001,Mie kuah,23.0
2024-11-16,MKH001,Mie kuah,32.0
2024-11-17,MKH001,Mie kuah,23.0
2024-11-22,MKH001,Mie kuah,32.0
2024-11-23,MKH001,Mie kuah,87.0
2024-11-24,MKH001,Mie kuah,76.0
2024-12-04,MKH001,Mie kuah,40.0
2024-12-05,MKH001,Mie Kuah,84.0
2024-12-10,MKH001,Mie kuah,40.0
2024-12-12,MKH001,Mie kuah,43.0
2024-12-13,MKH001,Mie kuah,15.0
2024-12-23,MKH001,Mie kuah,106.0
2024-12-24,MKH001,Mie kuah,42.0
2024-12-27,MKH001,Mie kuah,87.0
2025-10-14,MKH001,Mie Kuah,40.0
2025-10-15,MKH001,Mie Kuah,40.0
2025-10-17,MKH001,Mie kuah,40.0
2025-10-21,MKH001,Mie kuah,40.0
2025-10-23,MKH001,Mie kuah,1.0
2025-10-26,MKH001,Mie kuah,40.0
2025-10-28,MKH001,Mie kuah,40.0
2025-11-04,MKH001,Mie kuah,40.0
2025-11-08,MKH001,Mie kuah,40.0
2025-11-09,MKH001,Mie kuah,80.0
2025-11-17,MKH001,Mie kuah,2.0
2025-11-22,MKH001,Mie kuah,40.0
2025-11-23,MKH001,Mie kuah,40.0
2025-11-24,MKH001,Mie kuah,42.0
2025-12-01,MKH001,Mie kuah,100.0
2025-12-06,MKH001,Mie kuah,20.0
2025-12-14,MKH001,Mie kuah,20.0
2025-12-17,MKH001,Mie kuah,20.0
2025-12-20,MKH001,Mie kuah,20.0
2025-12-22,MKH001,Mie kuah,10.0
2025-12-26,MKH001,Mie kuah,40.0
2025-12-27,MKH001,Mie kuah,40.0
2025-12-28,MKH001,Mie kuah,10.0
2025-12-30,MKH001,Mie kuah,10.0
2026-01-02,MKH001,Mie kuah,10.0
2026-01-03,MKH001,Mie kuah,48.0
2026-01-04,MKH001,Mie kuah,40.0
2026-01-11,MKH001,Mie kuah,30.0
2026-01-15,MKH001,Mie kuah,30.0
2026-01-17,MKH001,Mie kuah,30.0
2026-01-18,MKH001,Mie kuah,107.0
2026-01-22,MKH001,Mie kuah,40.0
2026-01-23,MKH001,Mie kuah,61.0
2026-01-25,MKH001,Mie kuah,50.0
2026-01-26,MKH001,Mie kuah,79.0
2026-01-27,MKH001,Mie kuah,64.0
2026-01-28,MKH001,Mie kuah,30.0
2026-02-05,MKH001,Mie kuah,30.0
2026-02-07,MKH001,Mie kuah,40.0
2026-02-08,MKH001,Mie kuah,40.0
2026-02-09,MKH001,Mie kuah,40.0
2026-02-12,MKH001,Mie kuah,40.0
2026-02-13,MKH001,Mie kuah,40.0
2026-02-15,MKH001,Mie kuah,40.0
2026-02-16,MKH001,Mie kuah,40.0
2026-02-17,MKH001,Mie kuah,40.0
2026-02-19,MKH001,Mie kuah,50.0
2026-02-24,MKH001,Mie kuah,40.0
2026-02-25,MKH001,Mie kuah,40.0
2026-02-26,MKH001,Mie kuah,40.0
2026-03-01,MKH001,Mie kuah,40.0
2026-03-12,MKH001,Mie kuah,40.0
2026-03-30,MKH001,Mie kuah,40.0
2026-04-04,MKH001,Mie kuah,40.0
2026-04-07,MKH001,Mie kuah,40.0
2026-04-13,MKH001,Mie kuah,40.0
2026-04-15,MKH001,Mie kuah,40.0
2026-04-16,MKH001,Mie kuah,40.0
2026-04-25,MKH001,Mie kuah,40.0
2026-04-27,MKH001,Mie kuah,40.0
2026-05-02,MKH001,Mie kuah,40.0
2026-05-06,MKH001,Mie kuah,40.0
2026-05-07,MKH001,Mie kuah,40.0
2026-05-22,MKH001,Mie kuah,42.0
2026-05-25,MKH001,Mie kuah,42.0
2026-05-28,MKH001,Mie kuah,30.0
2026-06-03,MKH001,Mie kuah,40.0
2026-06-05,MKH001,Mie kuah,43.0
2026-06-09,MKH001,Mie kuah,50.0
2026-06-13,MKH001,Mie kuah,40.0
2026-06-18,MKH001,Mie kuah,1.0
2026-06-25,MKH001,Mie kuah,1.0
2026-06-30,MKH001,Mie kuah,5.0
2026-07-05,MKH001,Mie kuah,1.0
2026-07-07,MKH001,Mie kuah,2.0
2026-07-11,MKH001,Mie kuah,1.0
2026-07-22,MKH001,Mie kuah,5.0
2026-07-23,MKH001,Mie kuah,1.0
2026-07-26,MKH001,Mie kuah,1.0
2026-07-27,MKH001,Mie kuah,1.0
2024-01-08,MLG001,madu lumbang,8.0
2024-03-20,MLG001,Madu Lumbang,2.0
2024-03-29,MLG001,Madu Lumbang,2.0
2024-05-27,MLG001,Madu Lumbang,10.0
2024-01-05,MLK01,Malkist kecil,72.0
2024-01-06,MLK01,Malkist kecil,38.0
2024-01-11,MLK01,Malkist kecil,2.0
2024-03-05,MLK01,Malkist kecil,38.0
2024-03-31,MLK01,Malkist kecil,24.0
2024-05-03,MLK01,Malkist kecil,33.0
2024-05-14,MLK01,Malkist kecil,19.0
2024-08-30,MLK01,Malkist kecil,53.0
2025-10-25,MLK01,Malkist kecil,5.0
2026-04-05,MLK01,Malkist kecil,1.0
2024-01-05,MLK02,Malkist Besar,25.0
2024-01-07,MLK02,Malkist besar,2.0
2024-02-16,MLK02,Malkist besar,8.0
2024-02-29,MLK02,Malkist besar,21.0
2024-03-30,MLK02,Malkist besar,10.0
2024-04-26,MLK02,Malkist besar,13.0
2024-08-31,MLK02,Malkist besar,9.0
2024-09-21,MLK02,Malkist besar,31.0
2025-12-07,MLK02,Malkist besar,1.0
2026-02-15,MLK02,Malkist besar,1.0
2026-04-06,MLK02,Malkist besar,1.0
2026-05-05,MLK02,Malkist besar,1.0
2024-03-05,MLT001,Molto,40.0
2024-03-14,MLT001,Molto,38.0
2024-03-18,MLT001,Molto,20.0
2024-03-23,MLT001,Molto,29.0
2024-04-21,MLT001,Molto,40.0
2024-07-31,MLT001,Molto,65.0
2024-08-11,MLT001,Molto,30.0
2024-08-25,MLT001,Molto,44.0
2025-12-06,MLT001,Molto,12.0
2025-12-23,MLT001,Molto,12.0
2026-03-01,MLT001,Molto,1.0
2026-03-18,MLT001,Molto,20.0
2026-03-31,MLT001,Molto,10.0
2026-05-01,MLT001,Molto,10.0
2024-01-27,MMJ001,Mie menjangan,11.0
2024-05-25,MMJ001,Mie menjangan,20.0
2024-01-03,MP001,Mie Panda,27.0
2024-01-27,MP001,Mie panda,12.0
2024-02-12,MP001,mie panda,11.0
2024-03-24,MP001,Mie panda,11.0
2024-03-26,MP001,Mie panda,21.0
2024-04-02,MP001,Mie panda,12.0
2024-05-06,MP001,Mie panda,21.0
2024-05-20,MP001,Mie panda,10.0
2024-05-21,MP001,Mie panda,10.0
2024-05-28,MP001,Mie panda,10.0
2024-10-24,MP001,Mie panda,12.0
2024-10-25,MP001,Mie panda,23.0
2024-11-15,MP001,Mie panda,18.0
2024-12-21,MP001,Mie panda,12.0
2025-11-09,MP001,Mie panda,15.0
2025-11-20,MP001,Mie panda,12.0
2026-06-17,MP001,Mie panda,1.0
2026-06-18,MP001,Mie panda,1.0
2026-07-05,MP001,Mie panda,1.0
2026-05-01,MRC001,Merica 500,4.0
2024-06-10,MRN001,Marinasi,12.0
2024-06-14,MRN001,Marinasi,30.0
2024-07-19,MRN001,Marinasi,17.0
2024-08-16,MRN001,Marinasi,30.0
2024-09-19,MRN001,Marinasi,31.0
2024-09-21,MRN001,Marinasi,13.0
2025-10-16,MRN001,Marinasi,10.0
2025-10-22,MRN001,Marinasi,1.0
2025-10-26,MRN001,Marinasi,2.0
2025-11-04,MRN001,Marinasi,2.0
2026-01-18,MRN001,Marinasi,30.0
2026-02-02,MRN001,Marinasi,10.0
2026-02-08,MRN001,Marinasi,10.0
2026-03-17,MRN001,Marinasi,2.0
2026-03-23,MRN001,Marinasi,1.0
2026-04-12,MRN001,Marinasi,1.0
2026-05-03,MRN001,Marinasi,1.0
2026-05-06,MRN001,Marinasi,2.0
2026-07-23,MRN001,Marinasi,1.0
2024-01-23,MRS001,MIE RICIES,19.0
2024-01-24,MS001,MILO SACHET,18.0
2024-02-10,MS001,Milo sachet,21.0
2024-02-16,MS001,Milo sachet,28.0
2024-03-07,MS001,Milo sachet,31.0
2024-03-15,MS001,Milo sachet,19.0
204-04-14,MSK001,Masako,70.0
2024-01-01,MSK001,Masako,35.0
2024-01-03,MSK001,Masako,15.0
2024-01-13,MSK001,Masako,23.0
2024-01-20,MSK001,Masako,48.0
2024-01-29,MSK001,Masako,24.0
2024-01-31,MSK001,Masako,19.0
2024-02-01,MSK001,Masako,34.0
2024-02-08,MSK001,Masako,17.0
2024-02-09,MSK001,Masako,36.0
2024-02-11,MSK001,Masako,21.0
2024-02-16,MSK001,Masako,33.0
2024-02-18,MSK001,Masako,38.0
2024-02-19,MSK001,Masako,21.0
2024-03-06,MSK001,Masako,39.0
2024-03-07,MSK001,Masako,37.0
2024-03-13,MSK001,Masako,39.0
2024-03-14,MSK001,Masako,30.0
2024-03-18,MSK001,Masako,1.0
2024-03-20,MSK001,Masako,30.0
2024-04-01,MSK001,Masako,12.0
2024-04-04,MSK001,Masako,39.0
2024-04-07,MSK001,Masako,35.0
2024-04-09,MSK001,Masako,107.0
2024-04-11,MSK001,Masako,21.0
2024-04-14,MSK001,Masako,35.0
2024-04-16,MSK001,Masako,30.0
2024-04-18,MSK001,Masako,43.0
2024-04-23,MSK001,Masako,10.0
2024-05-07,MSK001,Masako,30.0
2024-05-27,MSK001,Masako,41.0
2024-06-02,MSK001,Masako,30.0
2024-06-06,MSK001,Masako,30.0
2024-06-07,MSK001,Masako,28.0
2024-06-10,MSK001,Masako,24.0
2024-06-13,MSK001,masako,46.0
2024-06-14,MSK001,Masako,59.0
2024-06-24,MSK001,Masako,30.0
2024-07-03,MSK001,Masako,32.0
2024-07-04,MSK001,Masako,30.0
2024-07-09,MSK001,Masako,20.0
2024-07-19,MSK001,Masako,20.0
2024-07-25,MSK001,Masako,30.0
2024-07-30,MSK001,Masako,10.0
2024-08-02,MSK001,Masako,65.0
2024-08-12,MSK001,Masako,20.0
2024-08-13,MSK001,Masako,30.0
2024-09-04,MSK001,Masako,44.0
2024-09-26,MSK001,Masako,32.0
2024-09-29,MSK001,Masako,10.0
2024-10-03,MSK001,Masako,53.0
2024-10-14,MSK001,Masako,31.0
2024-10-21,MSK001,Masako,54.0
2024-10-28,MSK001,Masako,32.0
2024-11-03,MSK001,Masako,23.0
2024-11-11,MSK001,Masako,54.0
2024-11-21,MSK001,Masako,23.0
2024-11-27,MSK001,Masako,30.0
2024-12-01,MSK001,Masako,31.0
2024-12-05,MSK001,Masako,31.0
2024-12-12,MSK001,Masako,42.0
2025-10-11,MSK001,Masako,50.0
2025-10-13,MSK001,Masako,20.0
2025-10-14,MSK001,Masako,20.0
2025-10-24,MSK001,Masako,3.0
2025-10-30,MSK001,Masako,2.0
2025-11-07,MSK001,Masako,3.0
2025-11-12,MSK001,Masako,2.0
2025-11-17,MSK001,Masako,3.0
2025-12-01,MSK001,Masako,6.0
2025-12-17,MSK001,Masako,1.0
2025-12-22,MSK001,Masako,2.0
2026-01-02,MSK001,Masako,20.0
2026-01-06,MSK001,Masako,30.0
2026-01-10,MSK001,Masako,20.0
2026-01-11,MSK001,Masako,20.0
2026-01-12,MSK001,Masako,38.0
2026-01-17,MSK001,Masako,30.0
2026-01-18,MSK001,Masako,40.0
2026-01-26,MSK001,Masako,67.0
2026-02-08,MSK001,Masako,20.0
2026-02-21,MSK001,Masako,20.0
2026-02-28,MSK001,Masako,10.0
2026-03-01,MSK001,Masako,10.0
2026-03-04,MSK001,Masako,2.0
2026-03-17,MSK001,Masako,3.0
2026-03-18,MSK001,Masako,2.0
2026-03-19,MSK001,Masako,2.0
2026-03-20,MSK001,Masako,20.0
2026-04-14,MSK001,Masako,10.0
2026-05-14,MSK001,Masako,7.0
2026-05-21,MSK001,Masako,4.0
2026-05-24,MSK001,Masako,3.0
2026-05-30,MSK001,Masako,1.0
2026-06-07,MSK001,Masako,1.0
2026-06-14,MSK001,Masako,2.0
2026-06-21,MSK001,Masako,2.0
2026-06-25,MSK001,Masako,4.0
2026-07-01,MSK001,Masako,1.0
2026-07-11,MSK001,Masako,1.0
2026-07-21,MSK001,Masako,2.0
2026-07-22,MSK001,Masako,3.0
2026-07-26,MSK001,Masako,2.0
2024-09-06,MTA001,Montea,22.0
2024-11-08,MTA001,Montea,11.0
2026-04-17,MTA001,Montea,2.0
2026-06-28,MTA001,Montea,5.0
2024-02-03,MTY001,OKKY MONTY 2,15.0
2024-06-18,MTY001,Okky mounty 1,37.0
2024-09-29,MTY001,Okky monty 2,31.0
2024-10-01,MTY001,Okky monty 2,32.0
2024-10-08,MTY001,Okky mounty 1,53.0
2024-10-14,MTY001,Okky mounty 1,64.0
2024-10-28,MTY001,Okky mounty 1,21.0
2026-05-20,MTY001,Okky monty 2,2.0
2026-05-22,MTY001,Okky monty 2,2.0
2026-05-31,MTY001,Okky mounty 1,3.0
2026-06-07,MTY001,Okky mounty 1,2.0
2026-06-21,MTY001,Okky mounty 1,1.0
2024-09-28,MYF001,Minyak Filma,10.0
2024-10-17,MYF001,Minyak Filma,13.0
2026-05-19,MYF001,Minyak Filma,10.0
2026-06-10,MYF001,Minyak Filma,10.0
2024-01-22,MYK001,Minyak Kita,11.0
2024-01-29,MYK001,Minyak kita,3.0
2024-02-09,MYK001,Minyak kita,5.0
2024-02-19,MYK001,Minyak kita,11.0
2024-02-22,MYK001,Minyak kita,9.0
2024-02-24,MYK001,Minyak kita,11.0
2024-02-26,MYK001,Minyak kita,11.0
2024-03-01,MYK001,Minyak kita,6.0
2024-03-09,MYK001,Minyak kita,19.0
2024-03-13,MYK001,Minyak kita,11.0
2024-03-14,MYK001,Minyak kita,10.0
2024-03-18,MYK001,Minyak kita,10.0
2024-03-30,MYK001,Minyak kita,10.0
2024-04-12,MYK001,Minyak kita,10.0
2024-04-26,MYK001,Minyak kita,10.0
2024-02-28,MYR01,Minyak risky,9.0
2024-01-28,MZ001,MINYAK RIZKY,6.0
2024-04-01,MZ001,Minyak rizky,10.0
2024-04-02,MZ001,Minyak rizky,8.0
2024-04-11,MZ001,Minyak Rizky,8.0
2024-04-18,MZ001,Minyak Rizky,11.0
2024-05-06,MZ001,Minyak Rizky,11.0
2024-05-26,MZ001,Minyak rizky,10.0
2024-01-28,NO001,NEO MINERAL,9.0
2024-03-22,NO001,Neo mineral,5.0
2024-03-23,NO001,Neo mineral,8.0
2024-03-27,NO001,Neo mineral,8.0
2024-04-12,NO001,Neo mineral,8.0
2024-04-14,NO001,Neo mineral,17.0
2024-01-16,NTJ001,NUTRIJELL,33.0
2026-04-13,NTJ001,Nutrijell,1.0
2024-01-01,NTS001,Nutrisari,40.0
2024-01-02,NTS001,Nutrisari,12.0
2024-01-05,NTS001,Nutrisari,64.0
2024-01-09,NTS001,Nutrisari,120.0
2024-01-10,NTS001,Nutrisari,33.0
2024-01-13,NTS001,Nutrisari,19.0
2024-01-14,NTS001,Nutrisari,40.0
2024-01-22,NTS001,Nutrisari,21.0
2024-02-16,NTS001,Nutrisari,12.0
2024-02-17,NTS001,Nutrisari,30.0
2024-02-19,NTS001,Nutrisari,20.0
2024-02-21,NTS001,Nutrisari,18.0
2024-03-18,NTS001,Nutrisari,22.0
2024-03-30,NTS001,Nutrisari,33.0
2024-03-31,NTS001,Nutrisari,32.0
2024-04-06,NTS001,Nutrisari,30.0
2024-04-07,NTS001,Nutrisari,11.0
2024-04-24,NTS001,Nutrisari,25.0
2024-05-12,NTS001,Nutrisari,30.0
2024-05-14,NTS001,Nutrisari,10.0
2024-05-17,NTS001,Nutrisari,20.0
2024-05-19,NTS001,Nutrisari,10.0
2024-06-13,NTS001,Nutrisari,20.0
2024-07-17,NTS001,Nutrisari,30.0
2024-07-26,NTS001,Nutrisari,30.0
2024-09-18,NTS001,Nutrisari,31.0
2024-09-21,NTS001,Nutrisari,32.0
2024-09-30,NTS001,Nutrisari,21.0
2024-10-05,NTS001,Nutrisari,43.0
2024-12-18,NTS001,Nutrisari,21.0
2025-11-16,NTS001,Nutrisari,5.0
2025-12-06,NTS001,Nutrisari,2.0
2025-12-28,NTS001,Nutrisari,3.0
2025-12-31,NTS001,Nutrisari,5.0
2026-02-07,NTS001,Nutrisari,10.0
2026-02-22,NTS001,Nutrisari,2.0
2026-03-27,NTS001,Nutrisari,1.0
2026-05-03,NTS001,Nutrisari,1.0
2026-05-06,NTS001,Nutrisari,10.0
2026-05-21,NTS001,Nutrisari,3.0
2026-05-27,NTS001,Nutrisari,4.0
2026-07-09,NTS001,Nutrisari,1.0
2026-07-11,NTS001,Nutrisari,2.0
2026-07-25,NTS001,Nutrisari,2.0
2024-06-16,OKJ1,Okky jelly 1,87.0
2024-07-23,OKJ1,Okky jelly 1,30.0
2024-09-01,OKJ1,Okky jelly 1,32.0
2024-10-02,OKJ1,Okky jelly 1,22.0
2024-11-23,OKJ1,Okky jelly 1,53.0
2024-12-23,OKJ1,Okky jelly 1,15.0
2025-10-21,OKJ1,Okky jelly 1,2.0
2025-11-15,OKJ1,Okky jelly 1,2.0
2025-11-17,OKJ1,Okky jelly 1,3.0
2025-11-23,OKJ1,Okky jelly 1,2.0
2025-12-06,OKJ1,Okky jelly 1,2.0
2025-12-12,OKJ1,Okky jelly 1,3.0
2025-12-13,OKJ1,Okky jelly 1,1.0
2025-12-16,OKJ1,Okky jelly 1,1.0
2025-12-22,OKJ1,Okky jelly 1,1.0
2025-12-25,OKJ1,Okky jelly 1,1.0
2025-12-26,OKJ1,Okky jelly 1,2.0
2025-12-30,OKJ1,Okky jelly 1,1.0
2026-01-04,OKJ1,Okky jelly 1,20.0
2026-02-18,OKJ1,Okky jelly 1,2.0
2026-02-22,OKJ1,Okky jelly 1,1.0
2026-04-09,OKJ1,Okky jelly 1,2.0
2026-05-23,OKJ1,Okky jelly 1,2.0
2026-05-29,OKJ1,Okky jelly 1,2.0
2026-07-25,OKJ1,Okky jelly 1,3.0
2026-07-27,OKJ1,Okky jelly 1,3.0
204-08-28,OKJ2,Okky Jelly 2,43.0
2024-04-09,OKJ2,Okky jelly 2,19.0
2024-06-08,OKJ2,Okky jelly 2,29.0
2024-07-23,OKJ2,Okky jelly 2,19.0
2024-07-26,OKJ2,Okky Jelly 2,50.0
2024-08-19,OKJ2,Okky jelly 2,49.0
2024-08-24,OKJ2,Okky jelly 2,54.0
2024-08-31,OKJ2,Okky jelly 2,12.0
2024-12-01,OKJ2,Okky jelly 2,22.0
2024-12-04,OKJ2,Okky jelly 2,21.0
2024-12-08,OKJ2,Okky jelly 2,42.0
2024-12-23,OKJ2,Okky jelly 2,22.0
2024-12-30,OKJ2,Okky jelly 2,12.0
2025-10-19,OKJ2,Okky jelly 2,3.0
2025-10-27,OKJ2,Okky jelly 2,24.0
2025-11-03,OKJ2,Okky jelly 2,2.0
2025-11-23,OKJ2,Okky jelly 2,2.0
2025-12-06,OKJ2,Okky jelly 2,4.0
2025-12-08,OKJ2,Okky jelly 2,1.0
2025-12-12,OKJ2,Okky jelly 2,3.0
2025-12-16,OKJ2,Okky jelly 2,1.0
2025-12-22,OKJ2,Okky jelly 2,1.0
2025-12-25,OKJ2,Okky jelly 2,1.0
2025-12-26,OKJ2,Okky jelly 2,4.0
2025-12-27,OKJ2,Okky jelly 2,2.0
2025-12-31,OKJ2,Okky jelly 2,1.0
2026-01-13,OKJ2,Okky jelly 2,33.0
2026-01-16,OKJ2,Okky jelly 2,20.0
2026-02-15,OKJ2,Okky jelly 2,3.0
2026-02-18,OKJ2,Okky jelly 2,1.0
2026-02-22,OKJ2,Okky Jelly 2,1.0
2026-02-24,OKJ2,Okky jelly 2,1.0
2026-02-26,OKJ2,Okky jelly 2,2.0
2026-03-27,OKJ2,Okky jelly 2,4.0
2026-03-30,OKJ2,Okky jelly 2,2.0
2026-04-03,OKJ2,Okky Jelly 2,2.0
2026-04-06,OKJ2,Okky jelly 2,2.0
204-08-28,OREO001,Oreo,34.0
2024-02-02,OREO001,OREO,12.0
2024-04-19,OREO001,Oreo,31.0
2024-06-18,OREO001,Oreo,20.0
2024-06-23,OREO001,Oreo,30.0
2024-06-27,OREO001,Oreo,33.0
2024-06-29,OREO001,Oreo,49.0
2024-07-13,OREO001,Oreo,36.0
2024-07-14,OREO001,OREO,30.0
2024-07-15,OREO001,Oreo,10.0
2024-08-04,OREO001,Oreo,54.0
2024-08-13,OREO001,Oreo,40.0
2024-08-17,OREO001,Oreo,65.0
2024-08-18,OREO001,Oreo,40.0
2024-08-19,OREO001,Oreo,64.0
2024-08-20,OREO001,Oreo,44.0
2024-08-21,OREO001,Oreo,40.0
2024-08-24,OREO001,Oreo,56.0
2024-08-25,OREO001,Oreo,30.0
2024-08-31,OREO001,Oreo,22.0
2024-09-02,OREO001,Oreo,53.0
2024-09-19,OREO001,Oreo,12.0
2024-09-20,OREO001,Oreo,22.0
2024-09-22,OREO001,Oreo,43.0
2024-09-23,OREO001,Oreo,21.0
2024-10-08,OREO001,Oreo,45.0
2024-10-10,OREO001,Oreo,28.0
2024-10-13,OREO001,Oreo,31.0
2024-10-18,OREO001,Oreo,63.0
2024-10-20,OREO001,Oreo,43.0
2024-10-23,OREO001,Oreo,32.0
2024-11-02,OREO001,Oreo,100.0
2024-11-08,OREO001,Oreo,42.0
2024-11-10,OREO001,Oreo,54.0
2024-11-14,OREO001,Oreo,21.0
2026-02-01,OREO001,Oreo,10.0
2026-02-02,OREO001,Oreo,20.0
2026-02-03,OREO001,OREO,3.0
2026-02-05,OREO001,Oreo,10.0
2026-02-06,OREO001,Oreo,3.0
2026-02-10,OREO001,Oreo,3.0
2026-02-11,OREO001,Oreo,2.0
2026-02-14,OREO001,Oreo,2.0
2026-03-10,OREO001,Oreo,3.0
2026-03-20,OREO001,Oreo,3.0
2026-03-24,OREO001,Oreo,10.0
2026-03-25,OREO001,Oreo,1.0
2026-03-26,OREO001,Oreo,2.0
2026-03-27,OREO001,Oreo,1.0
2026-03-28,OREO001,Oreo,1.0
2026-03-29,OREO001,Oreo,3.0
2026-03-30,OREO001,Oreo,1.0
2026-04-01,OREO001,Oreo,1.0
2026-04-03,OREO001,Oreo,2.0
2026-04-05,OREO001,Oreo,1.0
2026-04-10,OREO001,Oreo,10.0
2026-05-04,OREO001,Oreo,2.0
2026-05-05,OREO001,Oreo,3.0
2026-05-08,OREO001,Oreo,1.0
2026-05-09,OREO001,Oreo,2.0
2026-05-18,OREO001,Oreo,1.0
2026-05-31,OREO001,Oreo,1.0
2026-06-01,OREO001,Oreo,1.0
2026-06-06,OREO001,Oreo,2.0
2026-06-10,OREO001,Oreo,2.0
2026-06-12,OREO001,Oreo,3.0
2026-06-16,OREO001,Oreo,2.0
2026-06-18,OREO001,Oreo,3.0
2026-06-24,OREO001,Oreo,2.0
2026-06-25,OREO001,Oreo,1.0
2026-06-28,OREO001,Oreo,4.0
2026-06-29,OREO001,Oreo,1.0
2026-07-04,OREO001,Oreo,1.0
2026-07-19,OREO001,Oreo,2.0
2026-07-22,OREO001,Oreo,1.0
2026-07-23,OREO001,Oreo,1.0
2026-07-25,OREO001,Oreo,1.0
2024-02-01,PB001,Permen bola,15.0
2024-02-04,PB001,Permen bola,50.0
2024-02-16,PB001,Permen bola,19.0
2024-04-01,PB001,Permen bola,10.0
2024-05-11,PB001,Permen bola,30.0
2024-05-29,PB001,Permen bola,20.0
2024-01-27,PC001,PROCHIZ LEMBAR,15.0
2024-03-18,PC001,Prochiz lembar,21.0
2024-03-25,PC001,Prochiz lembar,13.0
2024-03-26,PC001,Prochiz lembar,11.0
2024-04-14,PDK001,Pepsodent kecil,22.0
2024-04-24,PDK001,Pepsodent kecil,10.0
2024-05-29,PDK001,PEPSODENT KECIL,11.0
2024-08-23,PDS001,Pepsodent siwak,7.0
2024-09-23,PDS001,Pepsodent siwak,9.0
2024-10-27,PDS001,Pepsodent siwak,32.0
2025-11-22,PDS001,Pepsodent siwak,2.0
2025-12-31,PDS001,Pepsodent siwak,1.0
2026-02-06,PDS001,Pepsodent siwak,1.0
2026-03-30,PDS001,Pepsodent siwak,1.0
2026-05-10,PDS001,Pepsodent siwak,1.0
2026-06-21,PDS001,Pepsodent siwak,1.0
2024-06-23,PJ001,Permen jumbo,16.0
2024-10-18,PJ001,Permen jumbo,34.0
2024-10-19,PJ001,Permen jumbo,23.0
2024-10-28,PJ001,Permen jumbo,12.0
2024-11-01,PJ001,Permen jumbo,34.0
2026-06-10,PJ001,Permen jumbo,2.0
2026-06-12,PJ001,Permen jumbo,1.0
2026-06-21,PJ001,Permen jumbo,1.0
2026-06-24,PJ001,Permen jumbo,2.0
2026-07-18,PJ001,Permen jumbo,1.0
2026-07-25,PJ001,Permen jumbo,2.0
2024-03-07,PJR01,Permen jeruk,20.0
2024-02-01,PKK001,PERMEN KOPIKO,20.0
2024-12-21,PKK001,Permen kopiko,5.0
2025-11-18,PKK001,Permen kopiko,5.0
2026-01-28,PKK001,Permen kopiko,41.0
2026-02-15,PKK001,Permen kopiko,6.0
2024-01-07,PLP001,pilus pop,43.0
2024-06-02,PLP001,Pilus POP,30.0
2024-07-01,PLP001,Pilus POP,29.0
2024-07-08,PLP001,Pilus POP,30.0
2024-07-11,PLP001,Pilus POP,20.0
2024-07-12,PLP001,Pilus POP,30.0
2024-11-20,PLP001,Pilus POP,34.0
2024-11-24,PLP001,Pilus POP,31.0
2025-12-16,PLP001,Pilus POP,1.0
2025-12-20,PLP001,Pilus POP,1.0
2026-01-02,PLP001,Pilus POP,34.0
2026-01-04,PLP001,Pilus POP,32.0
2026-01-25,PLP001,Pilus POP,67.0
2026-01-28,PLP001,Pilus POP,20.0
2026-01-31,PLP001,Pilus POP,153.0
2024-01-02,PLS002,pilus,20.0
2024-01-03,PLS002,Pilus,25.0
2024-01-07,PLS002,Pilus,25.0
2024-01-09,PLS002,pilus,28.0
2024-01-10,PLS002,Pilus,48.0
2024-01-14,PLS002,Pilus,24.0
2024-01-21,PLS002,Pilus,27.0
2024-02-08,PLS002,Pilus,30.0
2024-02-11,PLS002,Pilus,33.0
2024-02-12,PLS002,Pilus,37.0
2024-02-20,PLS002,Pilus,30.0
2024-02-21,PLS002,Pilus,34.0
2024-02-24,PLS002,Pilus,20.0
2024-03-05,PLS002,Pilus,38.0
2024-03-20,PLS002,Pilus,30.0
2024-03-26,PLS002,Pilus,18.0
2024-04-01,PLS002,Pilus,25.0
2024-04-05,PLS002,Pilus,39.0
2024-04-06,PLS002,Pilus,12.0
2024-04-09,PLS002,Pilus,30.0
2024-04-10,PLS002,Pilus,30.0
2024-04-12,PLS002,Pilus,8.0
2024-04-14,PLS002,Pilus,45.0
2024-04-19,PLS002,Pilus,43.0
2024-05-20,PLS002,Pilus,30.0
2024-05-21,PLS002,Pilus,30.0
2024-05-23,PLS002,Pilus,30.0
2024-06-01,PLS002,Pilus,31.0
2024-06-02,PLS002,Pilus,30.0
2024-06-13,PLS002,Pilus,43.0
2024-06-16,PLS002,Pilus,30.0
2024-06-21,PLS002,Pilus,20.0
2024-06-23,PLS002,Pilus,22.0
2024-06-24,PLS002,Pilus,43.0
2024-06-30,PLS002,Pilus,46.0
2024-07-01,PLS002,Pilus,54.0
2024-07-17,PLS002,Pilus,30.0
2024-07-18,PLS002,Pilus,30.0
2024-07-24,PLS002,Pilus,20.0
2024-07-25,PLS002,Pilus,59.0
2024-07-29,PLS002,Pilus,20.0
2024-08-03,PLS002,Pilus,44.0
2024-08-05,PLS002,Pilus,43.0
2024-08-10,PLS002,Pilus,20.0
2024-08-18,PLS002,Pilus,42.0
2024-08-20,PLS002,Pilus,30.0
2024-08-22,PLS002,Pilus,30.0
2024-08-29,PLS002,Pilus,21.0
2024-09-01,PLS002,Pilus,43.0
2024-09-06,PLS002,Pilus,77.0
2024-09-11,PLS002,Pilus,32.0
2024-09-16,PLS002,Pilus,63.0
2024-09-18,PLS002,Pilus,11.0
2024-09-21,PLS002,Pilus,42.0
2024-09-22,PLS002,Pilus,32.0
2024-09-24,PLS002,Pilus,23.0
2024-09-27,PLS002,Pilus,21.0
2024-10-04,PLS002,Pilus,54.0
2024-10-05,PLS002,Pilus,32.0
2024-10-06,PLS002,Pilus,31.0
2024-10-09,PLS002,Pilus,21.0
2024-10-11,PLS002,Pilus,11.0
2024-10-16,PLS002,Pilus,32.0
2024-10-22,PLS002,Pilus,29.0
2024-10-23,PLS002,Pilus,43.0
2024-10-24,PLS002,Pilus,34.0
2024-10-26,PLS002,Pilus,21.0
2024-10-31,PLS002,Pilus,32.0
2024-11-01,PLS002,Pilus,43.0
2024-11-03,PLS002,Pilus,24.0
2024-11-16,PLS002,Pilus,42.0
2024-11-19,PLS002,Pilus,22.0
2024-11-21,PLS002,Pilus,42.0
2024-12-13,PLS002,Pilus,21.0
2024-12-21,PLS002,Pilus,3.0
2024-12-27,PLS002,Pilus,29.0
2025-10-19,PLS002,Pilus,40.0
2025-10-25,PLS002,Pilus,2.0
2025-11-01,PLS002,Pilus,6.0
2025-11-09,PLS002,Pilus,5.0
2025-11-19,PLS002,Pilus,3.0
2025-11-23,PLS002,Pilus,2.0
2025-11-26,PLS002,Pilus,12.0
2025-11-30,PLS002,Pilus,2.0
2025-12-02,PLS002,Pilus,3.0
2025-12-07,PLS002,Pilus,2.0
2025-12-09,PLS002,Pilus,2.0
2025-12-12,PLS002,Pilus,1.0
2025-12-16,PLS002,Pilus,2.0
2025-12-20,PLS002,Pilus,10.0
2025-12-21,PLS002,Pilus,3.0
2025-12-22,PLS002,Pilus,1.0
2025-12-28,PLS002,Pilus,1.0
2026-01-01,PLS002,Pilus,43.0
2026-01-02,PLS002,Pilus,20.0
2026-01-11,PLS002,Pilus,20.0
2026-01-16,PLS002,Pilus,39.0
2026-01-23,PLS002,Pilus,40.0
2026-01-31,PLS002,Pilus,24.0
2026-02-06,PLS002,Pilus,3.0
2026-02-07,PLS002,Pilus,20.0
2026-02-19,PLS002,Pilus,2.0
2026-02-21,PLS002,Pilus,4.0
2026-02-26,PLS002,Pilus,2.0
2026-02-27,PLS002,Pilus,2.0
2026-03-02,PLS002,Pilus,3.0
2026-03-06,PLS002,Pilus,2.0
2026-03-10,PLS002,Pilus,1.0
2026-03-16,PLS002,Pilus,2.0
2026-03-26,PLS002,Pilus,1.0
2026-03-27,PLS002,Pilus,1.0
2026-03-28,PLS002,Pilus,3.0
2026-03-29,PLS002,Pilus,1.0
2026-04-03,PLS002,Pilus,1.0
2026-04-08,PLS002,Pilus,10.0
2026-04-17,PLS002,Pilus,3.0
2026-04-18,PLS002,Pilus,7.0
2026-04-23,PLS002,Pilus,1.0
2026-04-30,PLS002,Pilus,1.0
2026-05-01,PLS002,Pilus,4.0
2026-05-02,PLS002,Pilus,1.0
2026-05-03,PLS002,Pilus,1.0
2026-05-05,PLS002,Pilus,1.0
2026-05-08,PLS002,Pilus,1.0
2026-05-11,PLS002,Pilus,1.0
2026-05-15,PLS002,Pilus,2.0
2026-05-26,PLS002,Pilus,3.0
2026-05-27,PLS002,Pilus,1.0
2026-05-29,PLS002,Pilus,1.0
2026-06-01,PLS002,Pilus,2.0
2026-06-03,PLS002,Pilus,2.0
2026-06-08,PLS002,Pilus,2.0
2026-06-14,PLS002,Pilus,1.0
2026-06-17,PLS002,Pilus,1.0
2026-06-20,PLS002,Pilus,1.0
2026-06-23,PLS002,Pilus,1.0
2026-06-24,PLS002,Pilus,6.0
2026-06-25,PLS002,Pilus,2.0
2026-07-06,PLS002,Pilus,1.0
2026-07-11,PLS002,Pilus,1.0
204-08-28,POK001,Permen okky,24.0
2024-06-10,POK001,Permen okky,10.0
2024-06-13,POK001,Permen okky,28.0
2024-06-28,POK001,Permen okky,22.0
2024-07-06,POK001,Permen okky,42.0
2024-07-09,POK001,Permen okky,31.0
2024-07-10,POK001,Permen okky,32.0
2024-07-14,POK001,Permen okky,51.0
2024-07-18,POK001,Permen okky,30.0
2024-07-21,POK001,Permen okky,30.0
2024-08-20,POK001,Permen okky,30.0
2024-08-23,POK001,Permen okky,30.0
2024-08-24,POK001,Permen okky,40.0
2024-08-25,POK001,Permen okky,30.0
2024-09-02,POK001,Permen okky,21.0
2024-09-03,POK001,Permen okky,30.0
2024-09-29,POK001,Permen Okky,31.0
2024-10-21,POK001,Permen okky,45.0
2024-10-27,POK001,Permen okky,34.0
2024-11-08,POK001,Permen okky,23.0
2024-11-11,POK001,Permen okky,13.0
2024-11-14,POK001,Permen okky,53.0
2026-01-18,POK001,Permen okky,13.0
2026-01-20,POK001,Permen okky,79.0
2026-01-22,POK001,Permen okky,28.0
2026-01-28,POK001,Permen okky,16.0
2026-02-03,POK001,Permen okky,20.0
2026-02-07,POK001,Permen okky,13.0
2026-02-16,POK001,Permen okky,3.0
2026-03-28,POK001,Permen okky,2.0
2026-03-29,POK001,Permen okky,1.0
2026-03-30,POK001,Permen okky,4.0
2026-04-01,POK001,Permen okky,2.0
2026-04-03,POK001,Permen okky,2.0
2026-04-09,POK001,Permen okky,4.0
2026-04-12,POK001,Permen okky,4.0
2026-05-19,POK001,Permen Okky,2.0
2026-06-13,POK001,Permen okky,1.0
2026-06-21,POK001,Permen okky,3.0
2026-06-28,POK001,Permen okky,1.0
2026-06-30,POK001,Permen okky,1.0
2026-07-03,POK001,Permen okky,2.0
2026-07-18,POK001,Permen okky,1.0
2026-07-24,POK001,Permen okky,2.0
2024-01-09,PSD001,pepsodent,28.0
2024-10-26,PSD001,Pepsodent,10.0
2025-10-20,PSD001,Pepsodent,1.0
2025-11-16,PSD001,Pepsodent,2.0
2025-11-29,PSD001,Pepsodent,2.0
2026-06-18,PSD001,Pepsodent,2.0
2026-06-20,PSD001,Pepsodent,1.0
2026-07-09,PSD001,Pepsodent,1.0
2024-01-09,PT001,petis 1/4,9.0
2024-05-30,PT001,PETIS 1/4,3.0
2024-06-15,PT001,PETIS 1/4,3.0
2024-06-27,PT001,Petis 1/4,2.0
2024-10-24,PT001,Petis 1/4,1.0
2024-11-09,PT001,Petis 1/4,5.0
2024-12-14,PT001,Petis 1/4,9.0
2025-10-24,PT001,Petis 1/4,20.0
2025-11-11,PT001,Petis 1/4,20.0
2026-06-17,PT001,Petis 1/4,1.0
2026-06-29,PT001,Petis 1/4,1.0
2024-09-16,PT002,Petis 8ons,1.0
2024-09-25,PT002,Petis 8ons,1.0
2026-03-24,PT002,Petis 1/2,1.0
2026-03-29,PT002,Petis 1/2,1.0
2026-04-12,PT002,Petis 1/2,1.0
2026-05-12,PT002,Petis 8ons,1.0
2026-02-06,PT003,Petis 1kg,1.0
2024-01-19,PT1/2,PLASTIK 1/2,43.0
2024-02-25,PT1/2,Plastik 1/2,10.0
2024-02-26,PT1/2,Plastik 1/2,9.0
2024-09-16,PT1/2,Plastik 1/2,10.0
2025-10-16,PT1/2,Plastik 1/2,110.0
2025-12-29,PT1/2,Plastik 1/2,10.0
2026-01-21,PT1/2,Plastik 1/2,19.0
2026-04-30,PT1/2,Plastik 1/2,1.0
2024-02-24,PT1/4,Plastik 1/4,10.0
2024-03-01,PT1/4,Plastik 1/4,10.0
2024-03-23,PT1/4,Plastik 1/4,10.0
2024-07-12,PT1/4,Plastik 1/4,10.0
2024-09-16,PT1/4,Plastik 1/4,32.0
2024-09-28,PT1/4,Plastik 1/4,30.0
2025-10-23,PT1/4,Plastik 1/4,8.0
2025-11-05,PT1/4,Plastik 1/4,10.0
2026-01-21,PT1/4,Plastik 1/4,18.0
2026-01-31,PT1/4,Plastik 1/4,10.0
2026-04-30,PT1/4,Plastik 1/4,1.0
2026-05-17,PT1/4,Plastik 1/4,1.0
2024-01-21,PT1/4.T,PLASTIK 1/4 TEBAL,7.0
2024-02-10,PT1/4.T,PLASTIK 1/4 TEBAL,6.0
2024-02-27,PT1001,Plastik 1kg,11.0
2024-03-23,PT1001,Plastik 1kg,15.0
2024-11-18,PT1001,Plastik 1kg,22.0
2026-07-08,PT1001,Plastik 1kg,1.0
2024-02-03,PTB001,POTABE,12.0
2024-06-23,PTB001,Potabe,20.0
2024-10-23,PTB001,Potabe,45.0
2024-10-26,PTB001,Potabe,55.0
2024-11-01,PTB001,Potabe,33.0
2024-11-02,PTB001,Potabe,45.0
2024-11-13,PTB001,Potabe,23.0
2026-06-17,PTB001,Potabe,1.0
2026-06-19,PTB001,Potabe,4.0
2026-06-20,PTB001,Potabe,2.0
2026-06-24,PTB001,Potabe,1.0
2026-06-25,PTB001,Potabe,7.0
2026-07-03,PTB001,Potabe,1.0
2026-07-15,PTB001,Potabe,1.0
2026-07-19,PTB001,Potabe,5.0
2026-07-22,PTB001,Potabe,1.0
2026-07-24,PTB001,Potabe,2.0
2024-09-06,PTL001,Potato lite,32.0
2024-09-08,PTL001,Potato lite,32.0
2026-04-17,PTL001,Potato lite,1.0
2026-04-19,PTL001,Potato lite,10.0
2024-01-04,PTN001,Pantene,35.0
2024-01-05,PTN001,Pantene,39.0
2024-05-16,PTN001,Pantene,20.0
2024-06-25,PTN001,Pantene,60.0
2024-11-04,PTN001,Pantene,53.0
2026-06-26,PTN001,Pantene,2.0
2024-06-02,PTS001,Piattos,20.0
2024-07-01,PTS001,Piattos,43.0
2024-07-07,PTS001,Piattos,10.0
2024-08-05,PTS001,Piattos,22.0
2024-08-29,PTS001,Piattos,42.0
2024-09-09,PTS001,Piattos,64.0
2024-09-11,PTS001,Piattos,35.0
2024-09-20,PTS001,Piattos,13.0
2024-09-24,PTS001,Piattos,31.0
2024-09-27,PTS001,Piattos,21.0
2024-09-28,PTS001,Piattos,21.0
2024-11-21,PTS001,Piattos,21.0
2024-12-14,PTS001,Piattos,21.0
2024-12-25,PTS001,Piattos,33.0
2024-12-27,PTS001,Piattos,44.0
2025-11-09,PTS001,Piattos,2.0
2025-11-12,PTS001,Piattos,2.0
2025-11-26,PTS001,Piattos,2.0
2025-11-27,PTS001,Piattos,2.0
2025-11-30,PTS001,Piattos,1.0
2025-12-01,PTS001,Piattos,1.0
2025-12-14,PTS001,Piattos,1.0
2025-12-28,PTS001,Piattos,1.0
2026-01-02,PTS001,Piattos,11.0
2026-01-20,PTS001,Piattos,33.0
2026-01-24,PTS001,Piattos,20.0
2026-03-10,PTS001,Piattos,1.0
2026-04-03,PTS001,Piattos,1.0
2026-04-21,PTS001,Piattos,4.0
2026-04-23,PTS001,Piattos,2.0
2026-05-05,PTS001,Piattos,1.0
2026-05-11,PTS001,Piattos,4.0
2026-05-16,PTS001,Piattos,1.0
2026-05-17,PTS001,Piattos,2.0
2024-01-18,PTT001,PERMEN TINGTING,74.0
2024-06-05,PTT001,Permen tingting,36.0
2024-06-28,PTT001,Permen tingting,39.0
2024-07-02,PTT001,Permen tingting,43.0
2024-07-12,PTT001,Permen tingting,32.0
2024-10-26,PTT001,Permen tingting,21.0
2024-11-11,PTT001,Permen tingting,21.0
2024-11-18,PTT001,Permen tingting,23.0
2024-11-30,PTT001,Permen tingting,32.0
2024-12-26,PTT001,Permen tingting,43.0
2025-10-31,PTT001,Permen tingting,6.0
2025-11-03,PTT001,Permen tingting,5.0
2025-11-12,PTT001,Permen tingting,3.0
2025-11-28,PTT001,Permen tingting,6.0
2025-12-30,PTT001,Permen tingting,1.0
2026-01-09,PTT001,Permen tingting,30.0
2026-01-31,PTT001,Permen tingting,10.0
2026-04-12,PTT001,Permen tingting,8.0
2026-06-19,PTT001,Permen tingting,4.0
2026-06-30,PTT001,Permen tingting,4.0
2026-07-08,PTT001,Permen tingting,1.0
2026-07-09,PTT001,Permen tingting,4.0
2026-07-10,PTT001,Permen tingting,4.0
2026-07-25,PTT001,Permen tingting,1.0
2026-07-26,PTT001,Permen tingting,2.0
2024-01-18,QKR001,QUAKER OAT,25.0
2024-06-12,QKR001,Quaker oat,11.0
2024-07-31,QKR001,Quaker oat,16.0
2025-10-21,QKR001,Quaker oat,2.0
2026-01-27,QKR001,Quaker oat,9.0
2026-03-01,QKR001,Quaker oat,4.0
2026-03-02,QKR001,Quaker oat,1.0
2025-10-25,QTL001,Qtela,2.0
2024-01-03,RCK001,racik,11.0
2024-01-24,RCK001,Racik,33.0
2024-01-25,RCK001,Racik,11.0
2024-02-07,RCK001,Racik,19.0
2024-02-16,RCK001,Racik,15.0
2024-02-22,RCK001,Racik,20.0
2024-02-26,RCK001,Racik,5.0
2024-03-06,RCK001,Racik,26.0
2024-03-23,RCK001,Racik,27.0
2024-03-31,RCK001,Racik,12.0
2024-04-17,RCK001,Racik,21.0
2024-04-18,RCK001,Racik,31.0
2024-04-23,RCK001,Racik,32.0
2024-04-27,RCK001,Racik,25.0
2024-04-30,RCK001,Racik,32.0
2024-05-09,RCK001,Racik,13.0
2024-06-03,RCK001,Racik,11.0
2024-06-08,RCK001,Racik,29.0
2024-07-06,RCK001,Racik,20.0
2024-07-13,RCK001,Racik,11.0
2024-08-25,RCK001,Racik,40.0
2024-09-10,RCK001,Racik,42.0
2024-09-14,RCK001,Racik,42.0
2024-09-15,RCK001,Racik,21.0
2024-09-17,RCK001,Racik,20.0
2024-09-19,RCK001,Racik,22.0
2024-09-21,RCK001,Racik,21.0
2024-09-23,RCK001,Racik,12.0
2024-10-13,RCK001,Racik,19.0
2024-10-17,RCK001,Racik,43.0
2024-11-04,RCK001,Racik,10.0
2024-11-26,RCK001,Racik,24.0
2024-12-02,RCK001,Racik,55.0
2024-12-27,RCK001,Racik,10.0
2024-12-29,RCK001,Racik,10.0
2025-10-16,RCK001,Racik,10.0
2025-10-22,RCK001,Racik,4.0
2025-10-25,RCK001,Racik,2.0
2025-10-26,RCK001,Racik,2.0
2025-11-05,RCK001,Racik,1.0
2025-11-20,RCK001,Racik,2.0
2025-11-22,RCK001,Racik,3.0
2025-12-01,RCK001,Racik,1.0
2025-12-02,RCK001,Racik,2.0
2025-12-07,RCK001,Racik,1.0
2025-12-09,RCK001,Racik,1.0
2025-12-12,RCK001,Racik,1.0
2025-12-14,RCK001,Racik,1.0
2025-12-28,RCK001,Racik,1.0
2026-01-05,RCK001,Racik,11.0
2026-01-14,RCK001,Racik,64.0
2026-01-22,RCK001,Racik,31.0
2026-01-28,RCK001,Racik,30.0
2026-02-02,RCK001,Racik,1.0
2026-02-26,RCK001,Racik,1.0
2026-04-01,RCK001,Racik,1.0
2026-04-14,RCK001,Racik,1.0
2026-04-22,RCK001,Racik,1.0
2026-04-28,RCK001,Racik,10.0
2026-04-30,RCK001,Racik,3.0
2026-05-02,RCK001,Racik,1.0
2026-05-04,RCK001,Racik,1.0
2026-05-07,RCK001,Racik,1.0
2026-05-10,RCK001,Racik,1.0
2026-05-13,RCK001,Racik,2.0
2026-06-05,RCK001,Racik,1.0
2026-06-09,RCK001,Racik,1.0
2026-06-26,RCK001,Racik,2.0
2024-01-22,RDR001,ROMA DURIAN,12.0
2024-01-24,RDR001,ROMA DURIAN,12.0
2024-06-03,RDR001,Roma durian,8.0
2024-08-16,RDR001,Roma durian,10.0
2024-09-10,RDR001,Roma durian,9.0
2024-09-28,RDR001,Roma durian,9.0
2024-09-30,RDR001,Roma durian,4.0
2024-11-13,RDR001,Roma durian,54.0
2024-11-25,RDR001,Roma durian,3.0
2025-12-19,RDR001,Roma durian,1.0
2025-12-30,RDR001,Roma durian,1.0
2026-01-05,RDR001,Roma durian,10.0
2026-02-11,RDR001,Roma durian,1.0
2026-03-23,RDR001,Roma durian,1.0
2026-04-22,RDR001,Roma durian,1.0
2026-05-17,RDR001,Roma durian,1.0
2026-05-22,RDR001,Roma durian,1.0
2026-07-02,RDR001,Roma durian,1.0
2024-02-01,RIS001,ROTI ISI SELAI,21.0
2024-12-15,RIS001,Roti isi selai,10.0
2024-12-18,RIS001,Roti isi selai,8.0
2025-11-08,RIS001,Roti isi selai,4.0
2025-11-11,RIS001,Roti isi selai,3.0
2025-11-16,RIS001,Roti isi selai,3.0
2024-01-07,RK001,Roma kelapa,23.0
2024-01-08,RK001,Roma kelapa,24.0
2024-02-09,RK001,Roma kelapa,10.0
2024-05-18,RK001,Roma kelapa,40.0
2024-05-20,RK001,Roma kelapa,10.0
2024-01-30,RMB001,RAMBAK,3.0
2024-04-07,RMB001,Rambak,3.0
2024-04-16,RMB001,Rambak,4.0
2024-04-20,RMB001,Rambak,4.0
2024-08-10,RMB001,Rambak,2.0
2024-09-16,RMB001,Rambak,3.0
2026-03-17,RMB001,Rambak,1.0
2026-04-30,RMB001,Rambak,1.0
204-04-14,RPK001,Rapika,40.0
2024-01-18,RPK001,RAPIKA,45.0
2024-01-21,RPK001,RAPIKA,29.0
2024-02-07,RPK001,RAPIKA,8.0
2024-04-09,RPK001,Rapika,20.0
2024-06-07,RPK001,Rapika,10.0
2024-06-25,RPK001,Rapika,27.0
2024-07-08,RPK001,Rapika,30.0
2024-07-13,RPK001,Rapika,14.0
2024-08-06,RPK001,Rapika,40.0
2024-08-11,RPK001,Rapika,10.0
2024-08-25,RPK001,Rapika,17.0
2024-09-03,RPK001,Rapika,32.0
2024-09-07,RPK001,Rapika,32.0
2024-09-09,RPK001,Rapika,3.0
2024-09-12,RPK001,Rapika,10.0
2024-09-15,RPK001,Rapika,10.0
2024-09-16,RPK001,Rapika,44.0
2024-09-18,RPK001,Rapika,13.0
2024-10-19,RPK001,Rapika,21.0
2024-11-04,RPK001,Rapika,10.0
2025-10-13,RPK001,Rapika,10.0
2025-10-26,RPK001,Rapika,10.0
2025-11-02,RPK001,Rapika,10.0
2025-11-10,RPK001,Rapika,10.0
2025-11-16,RPK001,Rapika,10.0
2025-11-30,RPK001,Rapika,1.0
2025-12-01,RPK001,Rapika,1.0
2025-12-15,RPK001,Rapika,1.0
2025-12-26,RPK001,Rapika,3.0
2026-01-12,RPK001,Rapika,39.0
2026-01-16,RPK001,Rapika,17.0
2026-01-25,RPK001,Rapika,10.0
2026-02-01,RPK001,Rapika,1.0
2026-03-11,RPK001,Rapika,1.0
2026-03-18,RPK001,Rapika,5.0
2026-03-20,RPK001,Rapika,1.0
2026-04-01,RPK001,Rapika,1.0
2026-04-13,RPK001,Rapika,1.0
2026-04-18,RPK001,Rapika,1.0
2026-04-21,RPK001,Rapika,1.0
2026-04-24,RPK001,Rapika,2.0
2026-04-29,RPK001,Rapika,1.0
2026-04-30,RPK001,Rapika,1.0
2026-05-03,RPK001,Rapika,5.0
2026-06-11,RPK001,Rapika,1.0
2026-06-26,RPK001,Rapika,1.0
2026-07-16,RPK001,Rapika,1.0
2026-07-22,RPK001,Rapika,1.0
2024-01-21,RSB001,RINSO BUBUK,22.0
2024-09-13,RSB001,Rinso bubuk,34.0
2025-10-16,RSB001,Rinso Bubuk,20.0
2026-04-26,RSB001,Rinso bubuk,2.0
2024-01-13,RST001,ROASTA,27.0
2024-01-24,RST001,Roasta,34.0
2024-02-07,RST001,ROASTA,20.0
2024-02-20,RST001,Roasta,31.0
2024-02-27,RST001,Roasta,16.0
2024-03-01,RST001,Roasta,30.0
2024-04-03,RST001,Roasta,30.0
2024-04-12,RST001,Roasta,8.0
2024-04-16,RST001,Roasta,24.0
2024-04-18,RST001,Roasta,43.0
2024-05-01,RST001,Roasta,24.0
2024-05-26,RST001,Roasta,31.0
2024-07-27,RST001,Roasta,20.0
2024-07-29,RST001,Roasta,32.0
2024-08-02,RST001,Roasta,44.0
2024-08-16,RST001,Roasta,33.0
2024-08-20,RST001,Roasta,30.0
2024-08-30,RST001,Roasta,11.0
2024-09-06,RST001,Roasta,43.0
2024-09-30,RST001,Roasta,21.0
2024-10-05,RST001,Roasta,23.0
2024-10-21,RST001,Roasta,21.0
2024-11-07,RST001,Roasta,52.0
2024-11-13,RST001,Roasta,21.0
2024-12-21,RST001,Roasta,3.0
2025-10-29,RST001,Roasta,2.0
2025-11-18,RST001,Roasta,3.0
2026-02-23,RST001,Roasta,10.0
2026-02-27,RST001,Roasta,8.0
2026-03-02,RST001,Roasta,3.0
2026-03-04,RST001,Roasta,1.0
2026-03-23,RST001,Roasta,2.0
2026-03-28,RST001,Roasta,2.0
2026-04-05,RST001,Roasta,1.0
2026-04-18,RST001,Roasta,7.0
2026-05-22,RST001,Roasta,1.0
2026-05-27,RST001,Roasta,1.0
2026-06-13,RST001,Roasta,1.0
2026-06-28,RST001,Roasta,1.0
2026-07-03,RST001,Roasta,1.0
2026-07-10,RST001,Roasta,1.0
2026-07-15,RST001,Roasta,1.0
2026-07-22,RST001,Roasta,1.0
2024-03-24,RST02,Roasta besar,29.0
2024-03-29,RST02,Roasta besar,29.0
2024-03-31,RST02,Roasta besar,29.0
2024-04-16,RST02,Roasta besar,39.0
2024-04-19,RST02,Roasta besar,19.0
2024-05-05,RST02,Roasta besar,20.0
2024-05-07,RST02,Roasta besar,20.0
2024-05-21,RST02,Roasta besar,10.0
2024-05-22,RST02,Roasta besar,10.0
2024-07-11,RST02,Roasta besar,21.0
2024-12-13,RST02,Roasta besar,32.0
2025-11-09,RST02,Roasta besar,2.0
2026-01-28,RST02,Roasta besar,10.0
2024-01-22,RTG001,ROTI GERY,12.0
2024-06-03,RTG001,Roti gery,10.0
2024-06-04,RTG001,Roti gery,20.0
2024-06-10,RTG001,Roti gery,10.0
2024-07-06,RTG001,Roti gery,20.0
2024-07-07,RTG001,Roti gery,30.0
2024-07-30,RTG001,Roti gery,2.0
2024-11-23,RTG001,Roti gery,18.0
2024-11-25,RTG001,Roti gery,42.0
2024-11-27,RTG001,Roti gery,42.0
2024-11-28,RTG001,Roti gery,31.0
2024-12-02,RTG001,Roti gery,23.0
2024-12-21,RTG001,Roti gery,2.0
2024-12-29,RTG001,Roti gery,23.0
2025-11-19,RTG001,Roti gery,2.0
2025-12-04,RTG001,Roti gery,1.0
2025-12-06,RTG001,Roti gery,5.0
2025-12-13,RTG001,Roti gery,1.0
2025-12-14,RTG001,Roti gery,2.0
2025-12-17,RTG001,Roti gery,6.0
2025-12-23,RTG001,Roti gery,1.0
2025-12-24,RTG001,Roti gery,1.0
2025-12-31,RTG001,Roti gery,2.0
2026-01-03,RTG001,Roti gery,13.0
2026-01-05,RTG001,Roti gery,22.0
2026-01-06,RTG001,Roti gery,20.0
2026-01-07,RTG001,Roti gery,22.0
2026-01-15,RTG001,Roti gery,10.0
2026-01-18,RTG001,Roti gery,22.0
2026-01-22,RTG001,Roti gery,9.0
2026-01-23,RTG001,Roti gery,10.0
2026-02-12,RTG001,Roti gery,10.0
2026-02-17,RTG001,Roti gery,10.0
2026-03-01,RTG001,Roti gery,2.0
2024-01-01,RTP001,roti pia,20.0
2024-01-21,RTP001,ROTI PIA,19.0
2024-04-09,RTP001,Roti pia,9.0
2024-05-31,RTP001,ROTI PIA,9.0
2024-06-02,RTP001,Roti pia,12.0
2024-06-03,RTP001,Roti pia,9.0
2024-06-07,RTP001,Roti pia,9.0
2024-06-08,RTP001,Roti pia,16.0
2024-06-10,RTP001,Roti pia,11.0
2024-06-18,RTP001,Roti pia,9.0
2024-06-23,RTP001,Roti pia,9.0
2024-06-24,RTP001,Roti pia,10.0
2024-06-25,RTP001,Roti pia,9.0
2024-06-27,RTP001,Roti pia,9.0
2024-06-28,RTP001,Roti pia,8.0
2024-07-04,RTP001,Roti pia,2.0
2024-07-06,RTP001,Roti pia,10.0
2024-07-07,RTP001,Roti pia,11.0
2024-07-17,RTP001,Roti pia,19.0
2024-07-20,RTP001,Roti pia,20.0
2024-08-01,RTP001,Roti pia,9.0
2024-08-02,RTP001,Roti pia,18.0
2024-09-04,RTP001,Roti pia,9.0
2024-09-10,RTP001,Roti pia,7.0
2024-09-13,RTP001,Roti pia,31.0
2024-09-14,RTP001,Roti pia,10.0
2024-09-16,RTP001,Roti pia,10.0
2024-09-19,RTP001,Roti pia,31.0
2024-09-20,RTP001,Roti pia,32.0
2024-09-25,RTP001,Roti pia,21.0
2024-09-29,RTP001,Roti pia,20.0
2024-09-30,RTP001,Roti pia,31.0
2024-10-02,RTP001,Roti pia,12.0
2024-10-05,RTP001,Roti pia,9.0
2024-10-07,RTP001,Roti pia,9.0
2024-10-08,RTP001,Roti pia,32.0
2024-10-14,RTP001,Roti pia,10.0
2024-10-17,RTP001,Roti pia,2.0
2024-10-20,RTP001,Roti pia,32.0
2024-10-21,RTP001,Roti pia,8.0
2024-10-27,RTP001,Roti pia,32.0
2024-11-02,RTP001,Roti pia,8.0
2024-11-03,RTP001,Roti pia,34.0
2024-11-04,RTP001,Roti pia,8.0
2024-11-05,RTP001,Roti pia,6.0
2024-11-06,RTP001,Roti pia,8.0
2024-11-09,RTP001,Roti pia,17.0
2024-11-11,RTP001,Roti pia,11.0
2024-11-12,RTP001,Roti pia,54.0
2024-11-17,RTP001,Roti pia,10.0
2024-11-22,RTP001,Roti pia,18.0
2024-11-24,RTP001,Roti pia,9.0
2024-11-25,RTP001,Roti pia,13.0
2024-12-01,RTP001,Roti pia,10.0
2024-12-02,RTP001,Roti pia,10.0
2024-12-07,RTP001,Roti Pia,11.0
2024-12-11,RTP001,Roti pia,22.0
2024-12-18,RTP001,Roti pia,22.0
2024-12-20,RTP001,Roti pia,9.0
2024-12-25,RTP001,Roti pia,9.0
2024-12-26,RTP001,Roti pia,22.0
2024-12-28,RTP001,Roti pia,18.0
2024-12-29,RTP001,Roti pia,17.0
2025-10-09,RTP001,Roti Pia,10.0
2025-10-12,RTP001,Roti Pia,20.0
2025-10-15,RTP001,Roti Pia,10.0
2025-10-16,RTP001,Roti Pia,50.0
2025-10-18,RTP001,Roti pia,15.0
2025-10-21,RTP001,Roti pia,4.0
2025-10-23,RTP001,Roti pia,1.0
2025-10-25,RTP001,Roti pia,10.0
2025-10-26,RTP001,Roti pia,4.0
2025-10-28,RTP001,Roti pia,2.0
2025-10-29,RTP001,Roti pia,10.0
2025-10-31,RTP001,Roti pia,3.0
2025-11-03,RTP001,Roti pia,5.0
2025-11-06,RTP001,Roti pia,3.0
2025-11-08,RTP001,Roti pia,2.0
2025-11-12,RTP001,Roti pia,2.0
2025-11-16,RTP001,Roti pia,2.0
2025-11-18,RTP001,Roti pia,5.0
2025-11-23,RTP001,Roti pia,2.0
2025-11-26,RTP001,Roti pia,3.0
2025-11-27,RTP001,Roti pia,4.0
2025-11-28,RTP001,Roti pia,2.0
2025-12-03,RTP001,Roti pia,7.0
2025-12-04,RTP001,Roti pia,4.0
2025-12-06,RTP001,Roti pia,2.0
2025-12-13,RTP001,Roti pia,8.0
2025-12-14,RTP001,Roti pia,2.0
2025-12-16,RTP001,Roti pia,5.0
2025-12-17,RTP001,Roti pia,9.0
2025-12-20,RTP001,Roti pia,2.0
2025-12-23,RTP001,Roti pia,5.0
2025-12-25,RTP001,Roti pia,2.0
2025-12-30,RTP001,Roti pia,4.0
2026-01-02,RTP001,Roti pia,7.0
2026-01-04,RTP001,Roti pia,17.0
2026-01-05,RTP001,Roti pia,18.0
2026-01-12,RTP001,Roti pia,20.0
2026-01-13,RTP001,Roti pia,10.0
2026-01-14,RTP001,Roti pia,15.0
2026-01-17,RTP001,Roti pia,11.0
2026-01-18,RTP001,Roti pia,18.0
2026-01-22,RTP001,Roti pia,6.0
2026-01-24,RTP001,Roti pia,10.0
2026-02-01,RTP001,Roti pia,1.0
2026-02-06,RTP001,Roti pia,10.0
2026-02-10,RTP001,Roti pia,5.0
2026-02-17,RTP001,Roti pia,20.0
2026-03-01,RTP001,Roti pia,2.0
2026-03-03,RTP001,Roti pia,3.0
2026-03-04,RTP001,Roti pia,3.0
2026-04-13,RTP001,Roti pia,3.0
2026-04-15,RTP001,Roti pia,2.0
2026-04-22,RTP001,Roti pia,7.0
2026-04-26,RTP001,Roti pia,3.0
2026-04-27,RTP001,Roti pia,2.0
2026-04-29,RTP001,Roti pia,2.0
2026-05-01,RTP001,Roti pia,2.0
2026-05-04,RTP001,Roti pia,2.0
2026-05-05,RTP001,Roti pia,1.0
2026-05-12,RTP001,Roti pia,4.0
2026-05-20,RTP001,Roti pia,1.0
2026-05-21,RTP001,Roti pia,10.0
2026-05-22,RTP001,Roti pia,6.0
2026-05-24,RTP001,Roti pia,5.0
2026-05-27,RTP001,Roti pia,2.0
2026-05-30,RTP001,Roti pia,1.0
2026-05-31,RTP001,Roti pia,1.0
2026-06-07,RTP001,Roti pia,2.0
2026-06-09,RTP001,Roti pia,1.0
2026-06-12,RTP001,Roti pia,3.0
2026-06-13,RTP001,Roti pia,1.0
2026-06-20,RTP001,Roti pia,3.0
2026-06-24,RTP001,Roti pia,2.0
2026-06-25,RTP001,Roti pia,3.0
2026-06-26,RTP001,Roti pia,3.0
2026-06-27,RTP001,Roti pia,1.0
2026-06-29,RTP001,Roti pia,3.0
2026-06-30,RTP001,Roti pia,1.0
2026-07-02,RTP001,Roti pia,4.0
2026-07-08,RTP001,Roti pia,5.0
2026-07-13,RTP001,Roti pia,5.0
2026-07-18,RTP001,Roti pia,1.0
2026-07-19,RTP001,Roti pia,4.0
2026-04-17,RXN001,Rexona,1.0
204-07-22,RY001,Roma kopyor,5.0
2024-01-14,RY001,Roma kopyor,11.0
2024-01-28,RY001,Roma kopyor,16.0
2024-01-31,RY001,Roma kopyor,7.0
2024-02-07,RY001,Roma kopyor,6.0
2024-02-11,RY001,Roma kopyor,11.0
2024-02-14,RY001,Roma kopyor,7.0
2024-02-19,RY001,Roma kopyor,10.0
2024-03-05,RY001,Roma kopyor,9.0
2024-03-07,RY001,Roma kopyor,9.0
2024-03-26,RY001,Roma kopyor,11.0
2024-04-15,RY001,Roma Kopyor,19.0
2024-04-19,RY001,Roma kopyor,5.0
2024-06-05,RY001,Roma kopyor,9.0
2024-06-18,RY001,Roma kopyor,22.0
2024-07-02,RY001,Roma kopyor,5.0
2024-07-27,RY001,Roma kopyor,9.0
2024-08-16,RY001,Roma kopyor,4.0
2024-09-03,RY001,Roma kopyor,5.0
2024-09-12,RY001,Roma kopyor,9.0
2024-09-22,RY001,Roma kopyor,12.0
2024-09-28,RY001,Roma kopyor,2.0
2024-10-09,RY001,Roma kopyor,42.0
2024-10-17,RY001,Roma kopyor,32.0
2024-10-20,RY001,Roma kopyor,45.0
2024-10-24,RY001,Roma kopyor,23.0
2024-10-29,RY001,Roma kopyor,12.0
2024-10-30,RY001,Roma kopyor,9.0
2024-11-13,RY001,Roma kopyor,21.0
2024-11-17,RY001,Roma kopyor,22.0
2024-11-30,RY001,Roma kopyor,10.0
2024-12-03,RY001,Roma kopyor,8.0
2024-12-15,RY001,Roma kopyor,11.0
2025-11-02,RY001,Roma kopyor,6.0
2025-11-12,RY001,Roma kopyor,4.0
2025-11-15,RY001,Roma kopyor,3.0
2025-12-09,RY001,Roma kopyor,1.0
2026-01-09,RY001,Roma kopyor,10.0
2026-01-15,RY001,Roma kopyor,10.0
2026-01-21,RY001,Roma Kopyor,10.0
2026-02-01,RY001,Roma kopyor,1.0
2026-02-11,RY001,Roma kopyor,2.0
2026-02-17,RY001,Roma kopyor,1.0
2026-02-24,RY001,Roma kopyor,1.0
2026-03-23,RY001,Roma kopyor,1.0
2026-04-12,RY001,Roma kopyor,1.0
2026-04-24,RY001,Roma kopyor,1.0
2026-05-08,RY001,Roma kopyor,1.0
2026-05-17,RY001,Roma kopyor,1.0
2026-05-31,RY001,Roma kopyor,1.0
2026-06-01,RY001,Roma kopyor,1.0
2026-06-09,RY001,Roma kopyor,1.0
2026-06-13,RY001,Roma kopyor,1.0
2026-06-17,RY001,Roma kopyor,1.0
2026-06-22,RY001,Roma kopyor,1.0
2026-06-23,RY001,Roma kopyor,1.0
2026-07-03,RY001,Roma kopyor,1.0
2026-07-07,RY001,Roma kopyor,1.0
2026-07-08,RY001,Roma kopyor,1.0
2026-07-14,RY001,Roma kopyor,3.0
2026-07-20,RY001,Roma kopyor,1.0
2026-07-22,RY001,Roma kopyor,2.0
2026-07-26,RY001,Roma kopyor,1.0
2026-07-27,RY001,Roma kopyor,1.0
2024-01-02,RYC001,Royco,24.0
2024-01-05,RYC001,Royco,33.0
2024-01-06,RYC001,Royco,30.0
2024-01-08,RYC001,royco,40.0
2024-01-22,RYC001,Royco,22.0
2024-02-22,RYC001,Royco,22.0
2024-02-29,RYC001,Royco,22.0
2024-03-10,RYC001,Royco,52.0
2024-03-27,RYC001,Royco,40.0
2024-03-28,RYC001,Royco,34.0
2024-04-11,RYC001,Royco,30.0
2024-04-15,RYC001,Royco,14.0
2024-04-26,RYC001,Royco,43.0
2024-05-19,RYC001,Royco,21.0
2024-06-16,RYC001,Royco,30.0
2024-06-22,RYC001,Royco,48.0
2024-07-21,RYC001,Royco,32.0
2024-07-28,RYC001,Royco,30.0
2024-08-17,RYC001,Royco,40.0
2024-08-23,RYC001,Royco,44.0
2024-08-31,RYC001,Royco,31.0
2024-09-29,RYC001,Royco,44.0
2024-10-03,RYC001,Royco,31.0
2024-10-12,RYC001,Royco,47.0
2024-10-15,RYC001,Royco,45.0
2024-10-16,RYC001,Royco,21.0
2024-11-28,RYC001,Royco,33.0
2024-12-07,RYC001,Royco,43.0
2024-12-22,RYC001,Royco,54.0
2025-10-16,RYC001,Royco,20.0
2025-10-21,RYC001,Royco,1.0
2025-10-23,RYC001,Royco,10.0
2025-10-27,RYC001,Royco,10.0
2025-11-11,RYC001,Royco,2.0
2025-11-22,RYC001,Royco,6.0
2025-12-18,RYC001,Royco,10.0
2025-12-19,RYC001,Royco,10.0
2025-12-29,RYC001,Royco,2.0
2025-12-31,RYC001,Royco,1.0
2026-01-08,RYC001,Royco,30.0
2026-02-15,RYC001,Royco,20.0
2026-02-17,RYC001,Royco,10.0
2026-02-25,RYC001,Royco,10.0
2026-02-26,RYC001,Royco,2.0
2026-03-24,RYC001,Royco,20.0
2026-03-30,RYC001,Royco,10.0
2026-04-04,RYC001,Royco,10.0
2026-04-05,RYC001,Royco,4.0
2026-05-19,RYC001,Royco,2.0
2026-05-24,RYC001,Royco,5.0
2026-05-29,RYC001,Royco,1.0
2026-06-04,RYC001,Royco,3.0
2026-06-08,RYC001,Royco,4.0
2026-06-09,RYC001,Royco,5.0
2026-07-14,RYC001,Royco,3.0
204-04-14,SAR001,Saori,54.0
2024-01-05,SAR001,Saori,10.0
2024-01-06,SAR001,Saori,55.0
2024-01-22,SAR001,Saori,12.0
2024-01-26,SAR001,Saori,10.0
2024-01-28,SAR001,Saori,27.0
2024-02-07,SAR001,Saori,10.0
2024-02-16,SAR001,Saori,22.0
2024-02-23,SAR001,Saori,20.0
2024-03-01,SAR001,Saori,11.0
2024-03-13,SAR001,Saori,22.0
2024-03-20,SAR001,Saori,12.0
2024-04-03,SAR001,Saori,10.0
2024-04-07,SAR001,Saori,15.0
2024-04-08,SAR001,Saori,20.0
2024-04-13,SAR001,Saori,25.0
2024-04-17,SAR001,Saori,20.0
2024-06-10,SAR001,Saori,11.0
2024-06-16,SAR001,Saori,39.0
2024-07-09,SAR001,Saori,21.0
2024-07-20,SAR001,Saori,20.0
2024-07-31,SAR001,Saori,19.0
2024-08-12,SAR001,Saori,22.0
2024-08-16,SAR001,Saori,45.0
2024-08-31,SAR001,Saori,10.0
2024-09-08,SAR001,Saori,32.0
2024-09-17,SAR001,Saori,42.0
2024-10-13,SAR001,Saori,12.0
2024-10-24,SAR001,Saori,34.0
2024-11-05,SAR001,Saori,10.0
2024-11-12,SAR001,Saori,31.0
2024-11-16,SAR001,Saori,23.0
2024-12-12,SAR001,Saori,20.0
2025-10-08,SAR001,Saori,32.0
2025-10-21,SAR001,Saori,1.0
2025-11-08,SAR001,Saori,2.0
2025-12-22,SAR001,Saori,1.0
2025-12-24,SAR001,Saori,1.0
2025-12-26,SAR001,Saori,1.0
2026-01-18,SAR001,Saori,10.0
2026-01-26,SAR001,Saori,33.0
2026-02-09,SAR001,Saori,20.0
2026-03-01,SAR001,Saori,2.0
2026-03-18,SAR001,Saori,2.0
2026-03-20,SAR001,Saori,1.0
2026-03-23,SAR001,Saori,1.0
2026-04-05,SAR001,Saori,1.0
2026-04-20,SAR001,Saori,1.0
2026-05-02,SAR001,Saori,1.0
2026-05-29,SAR001,Saori,1.0
2026-06-05,SAR001,Saori,2.0
2026-06-17,SAR001,Saori,1.0
2026-06-26,SAR001,Saori,1.0
2026-07-01,SAR001,Saori,1.0
2026-07-06,SAR001,Saori,1.0
2026-07-11,SAR001,Saori,1.0
2026-07-18,SAR001,Saori,1.0
2026-07-20,SAR001,Saori,1.0
2024-02-03,SB001,STIK BAWANG,2.0
2024-08-15,SB001,Stik bawang,3.0
2026-03-21,SB001,Stik bawang,1.0
2024-01-08,SBE001,ekonomi colek,39.0
2024-02-22,SBE001,Ekonomi colek,48.0
2024-02-28,SBE001,Ekonomi colek,21.0
2024-03-01,SBE001,Ekonomi colek,20.0
2024-03-02,SBE001,Ekonomi colek,40.0
2024-03-10,SBE001,Ekonomi colek,38.0
2024-03-17,SBE001,Ekonomi colek,11.0
2024-03-18,SBE001,Ekonomi colek,10.0
2024-03-23,SBE001,Ekonomi colek,28.0
2024-04-09,SBE001,Ekonomi colek,20.0
2024-04-19,SBE001,Ekonomi colek,14.0
2024-05-01,SBE001,Ekonomi colek,10.0
2024-05-08,SBE001,Ekonomi colek,12.0
2024-05-16,SBE001,Ekonomi colek,19.0
2024-05-26,SBE001,Ekonomi colek,30.0
2024-06-02,SBE001,Ekonomi colek,11.0
2024-06-13,SBE001,EKONOMI COLEK,29.0
2024-06-14,SBE001,EKONOMI COLEK,28.0
2024-06-17,SBE001,EKONOMI COLEK,30.0
2024-06-18,SBE001,EKONOMI COLEK,60.0
2024-06-25,SBE001,Ekonomi colek,29.0
2024-07-01,SBE001,Ekonomi colek,30.0
2024-07-06,SBE001,Ekonomi colek,30.0
2024-08-07,SBE001,Ekonomi colek,20.0
2024-09-01,SBE001,Ekonomi colek,31.0
2024-09-05,SBE001,Ekonomi colek,20.0
2024-09-07,SBE001,Ekonomi colek,24.0
2024-09-12,SBE001,Ekonomi colek,24.0
2024-09-24,SBE001,Ekonomi colek,12.0
2024-09-26,SBE001,Ekonomi colek,33.0
2024-10-03,SBE001,Ekonomi colek,22.0
2024-10-07,SBE001,Ekonomi colek,10.0
2024-10-10,SBE001,Ekonomi colek,29.0
2024-10-19,SBE001,Ekonomi colek,31.0
2024-10-26,SBE001,Ekonomi colek,65.0
2024-11-04,SBE001,Ekonomi colek,13.0
2024-11-16,SBE001,Ekonomi colek,34.0
2024-11-18,SBE001,Ekonomi colek,21.0
2024-11-20,SBE001,Ekonomi colek,65.0
2024-12-02,SBE001,Ekonomi colek,23.0
2024-12-04,SBE001,Ekonomi colek,11.0
2024-12-19,SBE001,Ekonomi colek,30.0
2024-12-25,SBE001,Ekonomi colek,21.0
2024-12-28,SBE001,Ekonomi colek,21.0
2025-10-26,SBE001,Ekonomi colek,2.0
2025-10-31,SBE001,Ekonomi colek,2.0
2025-11-10,SBE001,Ekonomi colek,2.0
2025-11-16,SBE001,Ekonomi colek,2.0
2025-11-27,SBE001,Ekonomi colek,2.0
2025-12-03,SBE001,Ekonomi colek,2.0
2025-12-12,SBE001,Ekonomi colek,1.0
2025-12-16,SBE001,Ekonomi colek,2.0
2025-12-26,SBE001,Ekonomi colek,2.0
2026-01-02,SBE001,Ekonomi colek,20.0
2026-01-15,SBE001,Ekonomi colek,20.0
2026-01-16,SBE001,Ekonomi colek,30.0
2026-01-22,SBE001,Ekonomi colek,10.0
2026-02-05,SBE001,Ekonomi colek,2.0
2026-03-12,SBE001,Ekonomi colek,2.0
2026-04-09,SBE001,Ekonomi colek,2.0
2026-04-16,SBE001,Ekonomi colek,2.0
2026-04-18,SBE001,Ekonomi colek,1.0
2026-04-23,SBE001,Ekonomi colek,10.0
2026-05-11,SBE001,Ekonomi colek,1.0
2026-05-14,SBE001,Ekonomi colek,1.0
2026-05-24,SBE001,Ekonomi colek,1.0
2026-05-30,SBE001,Ekonomi colek,1.0
2026-06-01,SBE001,Ekonomi colek,1.0
2026-06-11,SBE001,Ekonomi colek,2.0
2026-06-20,SBE001,Ekonomi colek,1.0
2026-06-26,SBE001,Ekonomi colek,2.0
2026-07-07,SBE001,Ekonomi colek,2.0
2026-07-08,SBE001,Ekonomi colek,2.0
2026-07-17,SBE001,Ekonomi colek,1.0
2024-01-28,SC001,Soklin cair,7.0
2024-08-17,SC001,Soklin cair,10.0
2024-08-23,SC001,Soklin cair,7.0
2025-10-09,SC001,Soklin Cair,10.0
2026-03-24,SC001,Soklin cair,1.0
2026-03-30,SC001,Soklin cair,1.0
2024-02-03,SC002,SOKLIN CAIR GEN,2.0
2024-08-17,SC002,Soklin cair gen,2.0
2026-03-24,SC002,Soklin cair gen,1.0
2024-01-26,SCB002,Scoth brite,22.0
2024-02-08,SCB002,Scoth brite,10.0
2024-02-12,SCB002,Scoth brite,11.0
2024-02-22,SCB002,Scoth brite,10.0
2024-04-23,SCB002,Scoth brite,18.0
2024-09-01,SCB002,Scoth Brite,11.0
2026-04-08,SCB002,Scoth Brite,1.0
2024-01-29,SCK001,SUS COKLAT 1KG,1.0
2024-04-06,SCK001,Sus coklat 1kg,4.0
2024-08-10,SCK001,Sus coklat 1kg,3.0
2026-03-17,SCK001,Sus coklat 1kg,5.0
2024-01-05,SCR01,Sabun Carsen,48.0
2024-05-14,SCR01,Sabun carsen,8.0
2024-01-03,SDK001,Sedaap kaldu,30.0
2024-06-10,SDK001,Sedaap kaldu,20.0
2024-07-03,SDK001,Sedaap kaldu,30.0
2024-07-07,SDK001,Sedaap kaldu,31.0
2024-11-24,SDK001,Sedaap kaldu,13.0
2024-11-29,SDK001,Sedaap kaldu,22.0
2024-12-02,SDK001,Sedaap kaldu,40.0
2026-01-04,SDK001,Sedaap kaldu,20.0
2026-01-08,SDK001,Sedaap kaldu,20.0
2026-01-11,SDK001,Sedaap kaldu,20.0
2026-01-15,SDK001,Sedaap kaldu,10.0
2026-01-18,SDK001,Sedaap kaldu,38.0
2026-01-24,SDK001,Sedaap kaldu,38.0
2026-02-02,SDK001,Sedaap kaldu,50.0
2026-03-31,SDK001,Sedaap kaldu,12.0
2024-02-02,SG001,SAGON,2.0
2024-08-06,SG001,Sagon,3.0
2026-03-11,SG001,Sagon,1.0
2024-06-03,SG10.001,Sari gandum 10,7.0
2024-07-06,SG10.001,Sari gandum 10,11.0
2024-07-13,SG10.001,Sari gandum 10,9.0
2024-07-21,SG10.001,Sari gandum 10,11.0
2024-08-16,SG10.001,Sari gandum 10,9.0
2024-09-05,SG10.001,Sari gandum 10,21.0
2024-09-23,SG10.001,Sari gandum 10,9.0
2024-11-17,SG10.001,Sari gandum 10,33.0
2024-11-26,SG10.001,Sari gandum 10,10.0
2026-01-05,SG10.001,Sari gandum 10,20.0
2026-01-11,SG10.001,Sari gandum 10,1.0
2026-01-22,SG10.001,Sari gandum 10,33.0
2026-02-01,SG10.001,Sari gandum 10,1.0
2026-02-16,SG10.001,Sari gandum 10,1.0
2026-03-23,SG10.001,Sari gandum 10,2.0
2026-04-16,SG10.001,Sari gandum 10,1.0
2026-05-10,SG10.001,Sari gandum 10,1.0
2026-07-07,SG10.001,Sari gandum 10,1.0
2024-02-07,SG2001,SARI GANDUM 2,17.0
2024-08-20,SG2001,Sari gandum 2,30.0
2024-08-30,SG2001,Sari gandum 2,42.0
2024-09-08,SG2001,Sari gandum 2,23.0
2024-09-26,SG2001,Sari gandum 2,21.0
2024-12-19,SG2001,Sari gandum 2,33.0
2024-12-23,SG2001,Sari gandum 2,20.0
2025-11-16,SG2001,Sari gandum 2,2.0
2025-11-23,SG2001,Sari gandum 2,2.0
2025-12-14,SG2001,Sari gandum 2,3.0
2025-12-28,SG2001,Sari gandum 2,2.0
2025-12-30,SG2001,Sari gandum 2,1.0
2026-03-28,SG2001,Sari gandum 2,1.0
2026-04-05,SG2001,Sari gandum 2,1.0
2026-04-13,SG2001,Sari gandum 2,2.0
2026-04-19,SG2001,Sari gandum 2,1.0
2026-05-14,SG2001,Sari gandum 2,1.0
2024-06-02,SG7001,Sari gandum 7,11.0
2024-06-30,SG7001,Sari gandum 7,10.0
2024-10-30,SG7001,Sari gandum 7,31.0
2024-11-19,SG7001,Sari gandum 7,21.0
2024-11-22,SG7001,Sari gandum 7,21.0
2024-12-22,SG7001,Sari gandum 7,5.0
2024-12-29,SG7001,Sari gandum 7,21.0
2025-11-15,SG7001,Sari gandum 7,3.0
2025-11-21,SG7001,Sari gandum 7,5.0
2025-12-06,SG7001,Sari gandum 7,1.0
2025-12-09,SG7001,Sari gandum 7,1.0
2025-12-13,SG7001,Sari gandum 7,1.0
2025-12-26,SG7001,Sari gandum 7,1.0
2026-01-01,SG7001,Sari gandum 7,13.0
2026-01-02,SG7001,Sari gandum 7,12.0
2026-06-23,SG7001,Sari gandum 7,1.0
2026-07-21,SG7001,Sari gandum 7,1.0
2024-08-10,SK03,Sus kering 1kg,3.0
2024-10-03,SK03,Sus kering 1kg,2.0
2026-03-17,SK03,Sus kering 1kg,1.0
2026-05-25,SK03,Sus kering 1kg,1.0
2024-06-12,SK1,Sus kering 1/4,10.0
2024-06-21,SK1,Sus kering 1/4,2.0
2024-07-11,SK1,Sus kering 1/4,8.0
2024-07-12,SK1,Sus kering 1/4,4.0
2024-07-15,SK1,Sus kering 1/4,5.0
2024-07-21,SK1,Sus kering 1/4,3.0
2024-08-06,SK1,Sus kering 1/4,8.0
2024-08-09,SK1,Sus kering 1/4,3.0
2024-10-06,SK1,Sus kering 1/4,3.0
2024-10-11,SK1,Sus kering 1/4,2.0
2026-01-27,SK1,Sus kering 1/4,3.0
2026-01-29,SK1,Sus kering 1/4,10.0
2026-01-31,SK1,Sus kering 1/4,8.0
2026-02-05,SK1,Sus kering 1/4,5.0
2026-02-16,SK1,Sus kering 1/4,1.0
2026-02-18,SK1,Sus kering 1/4,1.0
2026-03-11,SK1,Sus kering 1/4,1.0
2026-03-16,SK1,Sus kering 1/4,2.0
2026-05-28,SK1,Sus kering 1/4,1.0
2026-06-03,SK1,Sus kering 1/4,1.0
2024-03-25,SK2,Sus kering 200,10.0
2024-03-27,SK2,Sus kering 200,12.0
2024-03-30,SK2,Sus Kering 200,8.0
2024-04-16,SK2,Sus kering 200,7.0
2024-04-06,SK3,Sus kering 1/2,3.0
2024-04-10,SK3,Sus kering 1/2,3.0
2024-08-06,SK3,Sus kering 1/2,2.0
2024-08-07,SK3,Sus kering 1/2,4.0
2026-02-01,SK3,Sus kering 1/2,1.0
2026-03-11,SK3,Sus kering 1/2,1.0
2026-03-12,SK3,Sus kering 1/2,1.0
2024-02-08,SKB001,Soklin bubuk,12.0
2024-02-14,SKB001,Soklin bubuk,10.0
2024-02-19,SKB001,Soklin bubuk,31.0
2024-03-03,SKB001,Soklin bubuk,19.0
2024-03-14,SKB001,Soklin bubuk,18.0
2024-03-22,SKB001,Soklin bubuk,11.0
2024-04-01,SKB001,Soklin bubuk,7.0
2024-04-07,SKB001,Soklin bubuk,20.0
2024-04-14,SKB001,Soklin bubuk,30.0
2024-04-27,SKB001,Soklin bubuk,10.0
2024-05-18,SKB001,Soklin bubuk,10.0
2024-05-20,SKB001,Soklin bubuk,20.0
2024-08-03,SKB001,Soklin bubuk,20.0
2024-08-11,SKB001,Soklin bubuk,33.0
2024-09-01,SKB001,Soklin bubuk,13.0
2024-09-04,SKB001,Soklin bubuk,10.0
2024-09-11,SKB001,Soklin bubuk,11.0
2024-09-16,SKB001,Soklin bubuk,13.0
2024-10-02,SKB001,Soklin bubuk,10.0
2024-11-23,SKB001,Soklin bubuk,44.0
2025-10-20,SKB001,Soklin bubuk,1.0
2025-10-30,SKB001,Soklin bubuk,2.0
2025-11-05,SKB001,Soklin bubuk,2.0
2025-12-07,SKB001,Soklin bubuk,1.0
2025-12-25,SKB001,Soklin bubuk,1.0
2025-12-26,SKB001,Soklin bubuk,3.0
2026-01-03,SKB001,Soklin bubuk,13.0
2026-02-10,SKB001,Soklin bubuk,10.0
2026-03-01,SKB001,Soklin bubuk,1.0
2026-03-05,SKB001,Soklin bubuk,1.0
2026-03-18,SKB001,Soklin bubuk,1.0
2026-04-09,SKB001,Soklin bubuk,1.0
2026-04-14,SKB001,Soklin bubuk,1.0
2026-04-23,SKB001,Soklin bubuk,1.0
2026-05-01,SKB001,Soklin bubuk,1.0
2026-05-24,SKB001,Soklin bubuk,1.0
2026-07-18,SKB001,Soklin bubuk,1.0
2026-07-22,SKB001,Soklin bubuk,1.0
2026-07-23,SKB001,Soklin bubuk,1.0
2024-03-08,SKG001,Sikat gigi,17.0
2024-04-14,SLQ001,SilverQueen,4.0
2024-04-22,SLQ001,SilverQueen,9.0
2024-02-01,SN001,SABUN NUVO,26.0
2026-01-20,SN001,Sabun NUVO,13.0
2024-01-13,SNC001,SUNCO 1L,12.0
2024-03-16,SNC001,Sunco 1L,10.0
2024-03-24,SNC001,Sunco 1L,12.0
2024-12-31,SNC001,Sunco 1L,10.0
2025-11-29,SNC001,Sunco 1L,20.0
2025-12-10,SNC001,Sunco 1L,10.0
2025-12-22,SNC001,Sunco 1L,10.0
2025-12-26,SNC001,Sunco 1L,10.0
2026-01-11,SNC001,Sunco 1L,11.0
2026-01-15,SNC001,Sunco 1L,4.0
2024-01-26,SNC2,SUNCO 2L,8.0
2024-02-19,SNC2,Sunco 2L,7.0
2024-03-07,SNC2,Sunco 2L,8.0
2024-03-12,SNC2,Sunco 2L,11.0
2024-03-31,SNC2,Sunco 2L,11.0
2024-04-17,SNC2,Sunco 2L,10.0
2024-05-15,SNC2,Sunco 2L,10.0
2024-05-24,SNC2,Sunco 2L,9.0
2024-05-29,SNC2,Sunco 2L,10.0
2024-12-14,SNC2,Sunco 2L,9.0
2024-12-20,SNC2,Sunco 2L,8.0
2025-11-10,SNC2,Sunco 2L,12.0
2025-11-18,SNC2,Sunco 2L,12.0
2025-11-20,SNC2,Sunco 2L,15.0
2026-07-23,SNC2,Sunco 2L,1.0
2026-07-28,SNC2,Sunco 2L,1.0
2024-01-13,SNK001,Snack,36.0
2024-01-25,SNK001,Snack,13.0
2024-01-26,SNK001,Snack,21.0
2024-01-29,SNK001,Snack,9.0
2024-02-10,SNK001,Snack,10.0
2024-02-18,SNK001,Snack,11.0
2024-03-16,SNK001,Snack,30.0
2024-05-21,SNK001,Snack,21.0
2024-05-26,SNK001,Snack,15.0
2024-05-28,SNK001,Snack,20.0
2024-06-02,SNK001,Snack,20.0
2024-06-03,SNK001,Snack,10.0
2024-07-01,SNK001,Snack,29.0
2024-07-11,SNK001,Snack,33.0
2024-07-14,SNK001,Snack,31.0
2024-07-26,SNK001,Snack,20.0
2024-11-21,SNK001,Snack,86.0
2024-11-25,SNK001,Snack,33.0
2024-12-09,SNK001,Snack,20.0
2024-12-14,SNK001,Snack,10.0
2025-10-24,SNK001,Snack,6.0
2025-10-27,SNK001,Snack,5.0
2025-10-28,SNK001,Snack,2.0
2025-11-09,SNK001,Snack,2.0
2025-12-02,SNK001,Snack,1.0
2025-12-09,SNK001,Snack,1.0
2025-12-16,SNK001,Snack,1.0
2025-12-27,SNK001,Snack,2.0
2025-12-30,SNK001,Snack,3.0
2026-01-02,SNK001,Snack,31.0
2026-01-05,SNK001,Snack,28.0
2026-01-28,SNK001,Snack,21.0
2026-02-03,SNK001,Snack,10.0
2026-02-14,SNK001,Snack,10.0
2026-02-23,SNK001,Snack,1.0
2026-02-26,SNK001,Snack,10.0
2026-05-01,SNK001,Snack,4.0
2024-02-01,SPG001,SPAGETTI,8.0
2025-11-15,SPG001,Spagetti,4.0
2024-02-02,SPL001,SIIPLAH,4.0
2024-08-06,SPL001,Siiplah,5.0
2026-03-11,SPL001,Siiplah,1.0
2024-01-04,SS001,Sabun Sayang,12.0
2024-01-24,SS001,SOSIS,37.0
2024-01-27,SS001,SABUN SAYANG,7.0
2024-02-09,SS001,SOSIS,28.0
2024-02-12,SS001,sabun sayang,5.0
2024-02-16,SS001,SOSIS,24.0
2024-02-18,SS001,SOSIS,30.0
2024-02-27,SS001,Sabun sayang,10.0
2024-02-29,SS001,Sabun sayang,10.0
2024-03-01,SS001,SOSIS,28.0
2024-03-03,SS001,SOSIS,30.0
2024-03-04,SS001,SOSIS,27.0
2024-03-06,SS001,Sabun sayang,18.0
2024-03-07,SS001,Sabun sayang,33.0
2024-03-09,SS001,SOSIS,29.0
2024-03-20,SS001,SOSIS,25.0
2024-03-23,SS001,SOSIS,30.0
2024-03-31,SS001,SOSIS,30.0
2024-04-05,SS001,SOSIS,42.0
2024-04-06,SS001,Sabun sayang,9.0
2024-04-07,SS001,Sabun sayang,11.0
2024-04-10,SS001,SOSIS,29.0
2024-04-24,SS001,Sabun sayang,30.0
2024-05-10,SS001,SOSIS,20.0
204-04-14,SSB001,Santan sasa bubuk,20.0
2024-07-09,SSB001,Santan sasa bubuk,22.0
2024-11-24,SSB001,Santan sasa bubuk,22.0
2026-01-04,SSB001,Santan sasa bubuk,28.0
2026-01-26,SSB001,Santan sasa bubuk,28.0
2026-03-20,SSB001,Santan sasa bubuk,2.0
2024-01-18,SST001,SOSOFT,24.0
2024-05-29,SST001,SOSOFT,8.0
2024-08-23,SST001,Sosoft,4.0
2025-10-20,SST001,Sosoft,1.0
2026-03-30,SST001,Sosoft,1.0
2024-07-16,STB001,Scotch brite,10.0
2026-02-06,STB001,Scotch brite,1.0
2024-08-21,STL001,Stella,5.0
2026-03-29,STL001,Stella,1.0
204-07-22,STS,Santan sasa,30.0
2024-01-19,STS,SANTAN SASA,20.0
2024-04-09,STS,Santan sasa,11.0
2024-06-02,STS,Santan sasa,10.0
2024-06-08,STS,Santan sasa,10.0
2024-06-17,STS,Santan sasa,10.0
2024-06-18,STS,Santan sasa,18.0
2024-06-30,STS,Santan sasa,10.0
2024-07-04,STS,Santan sasa,10.0
2024-08-10,STS,Santan sasa,10.0
2024-09-05,STS,Santan sasa,42.0
2024-09-07,STS,Santan sasa,10.0
2024-09-13,STS,Santan sasa,33.0
2024-10-05,STS,Santan sasa,21.0
2024-10-07,STS,Santan sasa,12.0
2024-10-17,STS,Santan sasa,31.0
2024-10-20,STS,Santan sasa,34.0
2024-10-29,STS,Santan sasa,21.0
2024-11-06,STS,Santan sasa,9.0
2024-11-20,STS,Santan sasa,22.0
2024-12-02,STS,Santan sasa,22.0
2024-12-27,STS,Santan sasa,22.0
2025-10-10,STS,Santan Sasa,1.0
2025-10-16,STS,Santan Sasa,10.0
2025-10-18,STS,Santan sasa,10.0
2025-10-19,STS,Santan sasa,10.0
2025-10-25,STS,Santan sasa,2.0
2025-10-28,STS,Santan sasa,2.0
2025-11-15,STS,Santan sasa,2.0
2025-12-01,STS,Santan sasa,1.0
2025-12-08,STS,Santan sasa,1.0
2025-12-23,STS,Santan sasa,1.0
2025-12-25,STS,Santan sasa,1.0
2025-12-31,STS,Santan sasa,1.0
2026-01-02,STS,Santan sasa,10.0
2026-01-14,STS,Santan sasa,28.0
2026-01-15,STS,Santan sasa,21.0
2026-01-17,STS,Santan sasa,11.0
2026-02-14,STS,Santan sasa,10.0
2026-02-18,STS,Santan sasa,10.0
2026-02-25,STS,Santan sasa,2.0
2026-03-02,STS,Santan sasa,1.0
2026-03-17,STS,Santan sasa,2.0
2026-03-25,STS,Santan sasa,10.0
2026-04-16,STS,Santan sasa,1.0
2026-04-18,STS,Santan sasa,2.0
2026-04-25,STS,Santan sasa,10.0
2026-05-09,STS,Santan sasa,4.0
2026-05-27,STS,Santan sasa,4.0
2026-05-31,STS,Santan sasa,1.0
2026-06-09,STS,Santan sasa,1.0
2026-06-13,STS,Santan sasa,1.0
2026-06-22,STS,Santan sasa,1.0
2026-06-27,STS,Santan sasa,1.0
2026-07-25,STS,Santan sasa,2.0
2024-01-15,STT001,SATELIT,20.0
2024-02-10,STT001,SATELIT,9.0
2024-04-27,STT001,Satelit,8.0
2024-12-24,STT001,Satelit,4.0
2025-11-25,STT001,Satelit,1.0
2025-12-01,STT001,Satelit,1.0
2024-01-28,SZ001,Super zet,6.0
2024-03-28,SZ001,Super zet,31.0
2024-04-08,SZ001,Super zet,10.0
2024-04-24,SZ001,Super Zet,12.0
2024-03-23,TB001,Teh Bandoelan,20.0
2024-04-12,TB001,Teh Bandoelan,10.0
2024-10-22,TC001,Tortila chip,34.0
2026-06-14,TC001,Tortila chip,1.0
2024-01-03,TGB01,Tepung bakwan,38.0
2024-02-27,TGB01,TEPUNG BAKWAN,15.0
2024-02-28,TGB01,Tepung bakwan,11.0
2024-04-19,TGB01,Tepung bakwan,12.0
2024-01-03,TGJ001,Tepung Jempol,24.0
2024-01-07,TGJ001,Tepung Jempol,33.0
2024-01-08,TGJ001,Tepung jempol,15.0
2024-01-15,TGJ001,Tepung Jempol,33.0
2024-01-28,TGJ001,Tepung jempol,43.0
2024-01-30,TGJ001,Tepung jempol,11.0
2024-02-06,TGJ001,Tepung jempol,15.0
2024-02-23,TGJ001,Tepung jempol,20.0
2024-02-28,TGJ001,Tepung jempol,11.0
2024-03-05,TGJ001,Tepung jempol,11.0
2024-03-13,TGJ001,Tepung jempol,29.0
2024-03-14,TGJ001,Tepung jempol,15.0
2024-03-19,TGJ001,Tepung jempol,10.0
2024-03-31,TGJ001,Tepung jempol,19.0
2024-04-13,TGJ001,Tepung jempol,10.0
2024-04-18,TGJ001,Tepung jempol,45.0
2024-06-07,TGJ001,Tepung jempol,18.0
2024-06-10,TGJ001,Tepung jempol,17.0
2024-06-11,TGJ001,Tepung jempol,19.0
2024-06-16,TGJ001,Tepung jempol,21.0
2024-06-18,TGJ001,Tepung jempol,20.0
2024-06-21,TGJ001,Tepung jempol,12.0
2024-06-24,TGJ001,Tepung jempol,11.0
2024-07-05,TGJ001,Tepung jempol,25.0
2024-07-09,TGJ001,Tepung jempol,20.0
2024-07-12,TGJ001,Tepung jempol,30.0
2024-07-20,TGJ001,Tepung jempol,21.0
2024-07-24,TGJ001,Tepung jempol,25.0
2024-07-26,TGJ001,Tepung jempol,33.0
2024-08-02,TGJ001,Tepung jempol,30.0
2024-08-08,TGJ001,Tepung jempol,25.0
2024-08-25,TGJ001,Tepung jempol,22.0
2024-09-25,TGJ001,Tepung jempol,30.0
2024-09-29,TGJ001,Tepung jempol,30.0
2024-10-07,TGJ001,Tepung jempol,12.0
2024-10-12,TGJ001,Tepung jempol,10.0
2024-10-14,TGJ001,Tepung jempol,12.0
2024-10-19,TGJ001,Tepung jempol,23.0
2024-11-03,TGJ001,Tepung jempol,43.0
2024-11-26,TGJ001,Tepung jempol,11.0
2024-12-01,TGJ001,Tepung jempol,10.0
2024-12-21,TGJ001,Tepung jempol,12.0
2024-12-23,TGJ001,Tepung jempol,11.0
2025-10-09,TGJ001,Tepung Jempol,20.0
2025-11-20,TGJ001,Tepung jempol,12.0
2025-11-22,TGJ001,Tepung jempol,3.0
2025-12-22,TGJ001,Tepung jempol,1.0
2025-12-25,TGJ001,Tepung jempol,1.0
2025-12-30,TGJ001,Tepung jempol,1.0
2026-01-06,TGJ001,Tepung jempol,31.0
2026-01-12,TGJ001,Tepung jempol,37.0
2026-01-18,TGJ001,Tepung jempol,20.0
2026-01-19,TGJ001,Tepung jempol,24.0
2026-01-26,TGJ001,Tepung jempol,66.0
2026-01-31,TGJ001,Tepung jempol,17.0
2026-02-10,TGJ001,Tepung jempol,10.0
2026-02-20,TGJ001,Tepung jempol,1.0
2026-02-22,TGJ001,Tepung jempol,1.0
2026-03-03,TGJ001,Tepung jempol,1.0
2026-03-13,TGJ001,Tepung jempol,1.0
2026-04-02,TGJ001,Tepung jempol,1.0
2026-05-12,TGJ001,Tepung jempol,1.0
2026-05-20,TGJ001,Tepung jempol,1.0
2026-05-21,TGJ001,Tepung jempol,1.0
2026-05-29,TGJ001,Tepung jempol,1.0
2026-05-31,TGJ001,Tepung jempol,1.0
2026-06-03,TGJ001,Tepung jempol,1.0
2026-06-07,TGJ001,Tepung jempol,1.0
2026-06-11,TGJ001,Tepung jempol,1.0
2026-06-25,TGJ001,Tepung jempol,1.0
2026-07-10,TGJ001,Tepung jempol,3.0
2026-07-23,TGJ001,Tepung jempol,2.0
2024-02-28,TGJ02,Tepung Kanji 1/4,19.0
2024-03-08,TGJ02,Tepung kanji 1/4,18.0
2024-03-11,TGJ02,Tepung kanji 1/4,19.0
2024-04-09,TGJ02,Tepung Kanji 1/4,20.0
2024-04-11,TGJ02,Tepung Kanji 1/4,15.0
2024-04-27,TGJ02,Tepung Kanji 1/4,12.0
2024-05-27,TGJ02,Tepung Kanji 1/4,31.0
2024-06-05,TGJ02,Tepung kanji 1/4,10.0
2024-06-06,TGJ02,Tepung kanji 1/4,14.0
2024-07-02,TGJ02,Tepung kanji 1/4,12.0
2024-07-28,TGJ02,Tepung kanji 1/4,22.0
2024-07-30,TGJ02,Tepung kanji 1/4,2.0
2024-08-07,TGJ02,Tepung kanji 1/4,10.0
2024-09-13,TGJ02,Tepung kanji 1/4,45.0
2024-09-26,TGJ02,Tepung kanji 1/4,22.0
2024-10-13,TGJ02,Tepung kanji 1/4,11.0
2024-11-23,TGJ02,Tepung Kanji 1/4,32.0
2024-11-27,TGJ02,Tepung Kanji 1/4,11.0
2024-11-30,TGJ02,Tepung kanji 1/4,32.0
2024-12-10,TGJ02,Tepung kanji 1/4,21.0
2025-11-04,TGJ02,Tepung kanji 1/4,6.0
2025-11-17,TGJ02,Tepung kanji 1/4,10.0
2025-11-19,TGJ02,Tepung kanji 1/4,2.0
2026-01-03,TGJ02,Tepung Kanji 1/4,11.0
2026-01-06,TGJ02,Tepung Kanji 1/4,21.0
2026-01-09,TGJ02,Tepung kanji 1/4,13.0
2026-01-10,TGJ02,Tepung kanji 1/4,2.0
2026-02-25,TGJ02,Tepung kanji 1/4,1.0
2026-02-28,TGJ02,Tepung kanji 1/4,2.0
2026-03-12,TGJ02,Tepung kanji 1/4,1.0
2026-04-26,TGJ02,Tepung kanji 1/4,1.0
2026-05-13,TGJ02,Tepung kanji 1/4,1.0
2026-06-06,TGJ02,Tepung kanji 1/4,1.0
2026-07-13,TGJ02,Tepung kanji 1/4,1.0
2026-07-16,TGJ02,Tepung kanji 1/4,1.0
2026-07-20,TGJ02,Tepung kanji 1/4,2.0
2024-02-28,TGK01,Tepung kriwul,11.0
2024-01-02,TGO001,Tanggo,20.0
2024-01-25,TGO001,TANGGO,18.0
2024-02-17,TGO001,Tanggo,17.0
2024-03-01,TGO001,Tanggo,20.0
2024-03-02,TGO001,Tanggo,19.0
2024-03-04,TGO001,Tanggo,29.0
2024-03-17,TGO001,Tanggo,30.0
2024-05-21,TGO001,Tanggo,20.0
2024-01-05,TGP002,tepung peyek,24.0
2024-01-07,TGP002,Tepung Peyek,25.0
2024-01-20,TGP002,Tepung peyek,30.0
2024-02-12,TGP002,Tepung peyek,21.0
2024-02-13,TGP002,Tepung peyek,13.0
2024-02-16,TGP002,Tepung peyek,12.0
2024-02-28,TGP002,Tepung peyek,15.0
2024-03-05,TGP002,Tepung peyek,10.0
2024-03-14,TGP002,Tepung peyek,19.0
2024-03-31,TGP002,Tepung peyek,12.0
2024-04-04,TGP002,Tepung peyek,9.0
2024-04-13,TGP002,Tepung peyek,11.0
2024-05-10,TGP002,Tepung peyek,20.0
2024-05-15,TGP002,Tepung peyek,17.0
2024-05-25,TGP002,Tepung peyek,20.0
2024-06-18,TGP002,Tepung peyek,21.0
2024-08-02,TGP002,Tepung peyek,43.0
2024-08-08,TGP002,Tepung peyek,12.0
2024-09-09,TGP002,Tepung peyek,21.0
2024-09-13,TGP002,Tepung peyek,42.0
2024-09-14,TGP002,Tepung peyek,32.0
2024-09-22,TGP002,Tepung peyek,23.0
2024-09-26,TGP002,Tepung peyek,21.0
2024-09-27,TGP002,Tepung peyek,21.0
2024-10-07,TGP002,Tepung peyek,31.0
2024-10-28,TGP002,Tepung peyek,32.0
2024-12-11,TGP002,Tepung peyek,10.0
2025-10-23,TGP002,Tepung peyek,2.0
2025-11-06,TGP002,Tepung peyek,5.0
2025-11-15,TGP002,Tepung peyek,8.0
2025-11-17,TGP002,Tepung peyek,2.0
2025-12-20,TGP002,Tepung peyek,2.0
2025-12-23,TGP002,Tepung peyek,3.0
2026-03-04,TGP002,Tepung peyek,2.0
2026-03-06,TGP002,Tepung peyek,3.0
2026-03-13,TGP002,Tepung peyek,2.0
2026-04-21,TGP002,Tepung peyek,2.0
2026-04-25,TGP002,Tepung peyek,10.0
2026-04-29,TGP002,Tepung peyek,2.0
2026-05-08,TGP002,Tepung peyek,1.0
2026-05-13,TGP002,Tepung peyek,4.0
2026-05-15,TGP002,Tepung peyek,2.0
2026-05-31,TGP002,Tepung peyek,1.0
2026-06-21,TGP002,Tepung peyek,2.0
2026-07-09,TGP002,Tepung peyek,2.0
2026-07-13,TGP002,Tepung peyek,2.0
2026-07-15,TGP002,Tepung peyek,1.0
2026-07-23,TGP002,Tepung peyek,2.0
2024-03-21,TGS001,T. segitiga 1kg,10.0
2024-03-24,TGS001,T. segitiga 1kg,10.0
2024-05-06,TGS001,T. segitiga 1kg,20.0
2024-05-09,TGS001,T. segitiga 1kg,11.0
2024-08-16,TGS001,T. segitiga 1kg,9.0
2024-09-17,TGS001,T. segitiga 1kg,22.0
2024-09-28,TGS001,T. segitiga 1kg,21.0
2024-10-02,TGS001,T. segitiga 1kg,31.0
2024-10-24,TGS001,T. segitiga 1kg,31.0
2024-11-02,TGS001,T. segitiga 1kg,43.0
2024-12-29,TGS001,T. segitiga 1kg,10.0
2025-12-05,TGS001,T. segitiga 1kg,10.0
2025-12-21,TGS001,T. segitiga 1kg,10.0
2025-12-22,TGS001,T. segitiga 1kg,10.0
2025-12-28,TGS001,T. segitiga 1kg,1.0
2026-02-04,TGS001,T. segitiga 1kg,10.0
2026-02-26,TGS001,T. segitiga 1kg,1.0
2026-03-23,TGS001,T. segitiga 1kg,2.0
2026-05-02,TGS001,T. segitiga 1kg,2.0
2026-05-19,TGS001,T. segitiga 1kg,1.0
2026-05-23,TGS001,T. segitiga 1kg,1.0
2026-06-17,TGS001,T. segitiga 1kg,1.0
2026-06-25,TGS001,T. segitiga 1kg,1.0
2026-07-28,TGS001,T. segitiga 1kg,1.0
2024-03-02,TGS02,T. Segitiga 1/2,10.0
2024-04-09,TGS02,T. segitiga 1/2,15.0
2024-04-23,TGS02,T. Segitiga 1/2,12.0
2024-04-24,TGS02,T. segitiga 1/2,10.0
2024-05-07,TGS02,T. segitiga 1/2,11.0
2024-10-20,TGS02,T. segitiga 1/2,10.0
2024-10-25,TGS02,T. segitiga 1/2,17.0
2026-06-13,TGS02,T. segitiga 1/2,1.0
2026-06-18,TGS02,T. segitiga 1/2,1.0
2024-02-10,TGV001,Tepung virgo,10.0
2024-04-06,TGV001,Tepung virgo,17.0
2024-05-25,TGV001,Tepung virgo,21.0
2024-05-30,TGV001,TEPUNG VIRGO,10.0
2024-01-05,THD001,Teh Dandang,28.0
2024-01-08,THD001,Teh dandang,20.0
2024-01-09,THD001,Teh dandang,23.0
2024-01-21,THD001,Teh Dandang,50.0
2024-01-24,THD001,Teh Dandang,21.0
2024-01-28,THD001,Teh dandang,19.0
2024-02-04,THD001,Teh dandang,20.0
2024-02-08,THD001,Teh dandang,19.0
2024-02-09,THD001,Teh dandang,9.0
2024-02-16,THD001,Teh Dandang,21.0
2024-02-18,THD001,Teh dandang,20.0
2024-03-05,THD001,Teh dandang,29.0
2024-03-29,THD001,Teh dandang,21.0
2024-03-31,THD001,Teh dandang,29.0
2024-04-01,THD001,Teh dandang,19.0
2024-04-21,THD001,Teh dandang,20.0
2024-04-24,THD001,Teh dandang,51.0
2024-05-14,THD001,Teh dandang,21.0
2024-05-17,THD001,Teh dandang,41.0
2024-05-19,THD001,Teh dandang,11.0
2024-06-01,THD001,Teh dandang,10.0
2024-06-05,THD001,Teh Dandang,28.0
2024-06-13,THD001,Teh Dandang,36.0
2024-06-18,THD001,Teh dandang,29.0
2024-06-20,THD001,Teh Dandang,50.0
2024-06-30,THD001,Teh dandang,20.0
2024-07-02,THD001,Teh Dandang,34.0
2024-07-12,THD001,Teh Dandang,10.0
2024-07-18,THD001,Teh Dandang,32.0
2024-07-23,THD001,Teh Dandang,20.0
2024-08-30,THD001,Teh dandang,14.0
2024-09-22,THD001,Teh Dandang,23.0
2024-10-08,THD001,Teh dandang,31.0
2024-10-10,THD001,Teh Dandang,38.0
2024-10-15,THD001,Teh Dandang,32.0
2024-10-17,THD001,Teh Dandang,12.0
2024-10-30,THD001,Teh dandang,11.0
2024-11-19,THD001,Teh dandang,10.0
2024-11-30,THD001,Teh Dandang,21.0
2024-12-13,THD001,Teh dandang,31.0
2024-12-17,THD001,Teh dandang,20.0
2025-10-13,THD001,Teh Dandang,12.0
2025-10-16,THD001,Teh Dandang,20.0
2025-10-18,THD001,Teh dandang,20.0
2025-10-23,THD001,Teh dandang,2.0
2025-11-09,THD001,Teh dandang,10.0
2025-11-13,THD001,Teh dandang,2.0
2025-12-13,THD001,Teh dandang,3.0
2025-12-22,THD001,Teh dandang,3.0
2026-01-01,THD001,Teh dandang,19.0
2026-01-09,THD001,Teh Dandang,20.0
2026-01-21,THD001,Teh Dandang,10.0
2026-01-31,THD001,Teh Dandang,11.0
2026-02-01,THD001,Teh Dandang,2.0
2026-02-07,THD001,Teh Dandang,10.0
2026-02-19,THD001,Teh Dandang,2.0
2026-02-20,THD001,Teh Dandang,10.0
2026-04-05,THD001,Teh dandang,10.0
2026-05-01,THD001,Teh Dandang,2.0
2026-05-08,THD001,Teh Dandang,3.0
2026-05-31,THD001,Teh dandang,2.0
2026-06-02,THD001,Teh Dandang,1.0
2026-06-08,THD001,Teh Dandang,2.0
2026-06-09,THD001,Teh Dandang,1.0
2026-06-23,THD001,Teh dandang,2.0
2026-07-09,THD001,Teh Dandang,2.0
2026-07-22,THD001,Teh dandang,1.0
2026-07-26,THD001,Teh dandang,2.0
2024-02-11,TJ001,TISU JOLLY,6.0
2024-02-19,TJ001,Tisu jolly,12.0
2024-01-08,TLA001,tolak angin,28.0
2024-01-26,TLA001,Tolak angin,11.0
2024-05-19,TLA001,Tolak angin,28.0
2024-12-20,TLA001,Tolak angin,10.0
2025-10-25,TLA001,Tolak angin,2.0
2025-11-17,TLA001,Tolak angin,4.0
2025-12-09,TLA001,Tolak angin,1.0
2025-12-12,TLA001,Tolak angin,2.0
2024-01-05,TLC001,toilet cleaner,10.0
2024-07-31,TLC001,Toilet cleaner,17.0
2024-08-09,TLC001,Toilet cleaner,9.0
2024-12-09,TLC001,Toilet cleaner,8.0
2025-10-27,TLC001,Toilet cleaner,2.0
2025-11-30,TLC001,Toilet cleaner,1.0
2026-03-01,TLC001,Toilet cleaner,1.0
2026-03-15,TLC001,Toilet cleaner,1.0
2024-01-05,TLR1,Telur 1kg,17.0
2024-01-06,TLR1,telur 1kg,19.0
2024-01-10,TLR1,telur 1kg,16.0
2024-01-25,TLR1,TELUR 1KG,10.0
2024-01-27,TLR1,TELUR 1KG,7.0
2024-02-04,TLR1,TELUR 1KG,15.0
2024-02-14,TLR1,Telur 1kg,10.0
2024-02-16,TLR1,Telur 1kg,9.0
2024-02-17,TLR1,Telur 1kg,15.0
2024-02-20,TLR1,Telur 1kg,12.0
2024-03-11,TLR1,Telur 1kg,17.0
2024-03-21,TLR1,Telur 1kg,9.0
2024-03-26,TLR1,Telur 1kg,11.0
2024-03-28,TLR1,Telur 1kg,10.0
2024-03-29,TLR1,Telur 1kg,11.0
2024-03-31,TLR1,Telur 1kg,10.0
2024-04-01,TLR1,Telur 1kg,19.0
2024-04-03,TLR1,Telur 1kg,10.0
2024-04-08,TLR1,Telur 1kg,15.0
2024-04-09,TLR1,Telur 1kg,20.0
2024-04-13,TLR1,Telur 1kg,9.0
2024-04-15,TLR1,Telur 1kg,7.0
2024-04-19,TLR1,Telur 1kg,12.0
2024-04-23,TLR1,Telur 1kg,10.0
2024-04-30,TLR1,Telur 1kg,15.0
2024-05-07,TLR1,Telur 1kg,10.0
2024-05-09,TLR1,Telur 1kg,10.0
2024-06-06,TLR1,Telur 1kg,10.0
2024-06-10,TLR1,Telur 1kg,10.0
2024-06-21,TLR1,Telur 1kg,5.0
2024-06-28,TLR1,Telur 1kg,14.0
2024-07-03,TLR1,Telur 1kg,9.0
2024-07-04,TLR1,Telur 1kg,3.0
2024-07-30,TLR1,Telur 1kg,10.0
2024-08-11,TLR1,Telur 1kg,6.0
2024-08-29,TLR1,Telur 1kg,11.0
2024-09-04,TLR1,Telur 1kg,11.0
2024-09-06,TLR1,Telur 1kg,6.0
2024-09-07,TLR1,Telur 1kg,12.0
2024-09-08,TLR1,Telur 1kg,11.0
2024-09-18,TLR1,Telur 1kg,9.0
2024-09-21,TLR1,Telur 1kg,12.0
2024-09-28,TLR1,Telur 1kg,10.0
2024-10-03,TLR1,Telur 1kg,20.0
2024-10-05,TLR1,Telur 1kg,11.0
2024-10-06,TLR1,Telur 1kg,17.0
2024-10-11,TLR1,Telur 1kg,10.0
2024-10-15,TLR1,Telur 1kg,3.0
2024-10-20,TLR1,Telur 1kg,20.0
2024-10-24,TLR1,Telur 1kg,10.0
2024-11-10,TLR1,Telur 1kg,21.0
2024-11-26,TLR1,Telur 1kg,10.0
2024-12-10,TLR1,Telur 1kg,18.0
2024-12-17,TLR1,Telur 1kg,21.0
2024-12-31,TLR1,Telur 1kg,10.0
2025-11-04,TLR1,Telur 1kg,50.0
2025-11-13,TLR1,Telur 1kg,50.0
2025-12-10,TLR1,Telur 1kg,10.0
2025-12-13,TLR1,Telur 1kg,30.0
2026-01-06,TLR1,Telur 1kg,13.0
2026-01-07,TLR1,telur 1kg,17.0
2026-01-10,TLR1,Telur 1kg,20.0
2026-01-11,TLR1,Telur 1kg,20.0
2026-01-17,TLR1,Telur 1kg,20.0
2026-01-18,TLR1,Telur 1kg,10.0
2026-02-05,TLR1,Telur 1kg,10.0
2026-02-16,TLR1,Telur 1kg,10.0
2026-02-26,TLR1,Telur 1kg,20.0
2026-03-01,TLR1,Telur 1kg,10.0
2026-03-02,TLR1,Telur 1kg,20.0
2026-03-17,TLR1,Telur 1kg,1.0
2026-03-27,TLR1,Telur 1kg,10.0
2026-04-04,TLR1,Telur 1kg,10.0
2026-04-15,TLR1,Telur 1kg,20.0
2026-04-17,TLR1,Telur 1kg,10.0
2026-04-19,TLR1,Telur 1kg,20.0
2026-04-20,TLR1,Telur 1kg,10.0
2026-05-03,TLR1,Telur 1kg,20.0
2026-05-06,TLR1,Telur 1kg,10.0
2026-05-19,TLR1,Telur 1kg,10.0
2026-05-26,TLR1,Telur 1kg,40.0
2026-05-27,TLR1,Telur 1kg,10.0
2026-05-28,TLR1,Telur 1kg,10.0
2026-05-30,TLR1,Telur 1kg,10.0
2026-06-03,TLR1,Telur 1kg,10.0
2026-06-08,TLR1,Telur 1kg,10.0
2026-06-12,TLR1,Telur 1kg,10.0
2026-06-18,TLR1,Telur 1kg,10.0
2026-06-30,TLR1,Telur 1kg,10.0
2026-07-10,TLR1,Telur 1kg,1.0
2026-07-15,TLR1,Telur 1kg,1.0
2026-07-16,TLR1,Telur 1kg,1.0
2026-07-24,TLR1,Telur 1kg,1.0
204-04-14,TLR2,Telur 1/2,10.0
2024-01-01,TLR2,Telur 1/2,12.0
2024-01-02,TLR2,Telur 1/2,15.0
2024-01-07,TLR2,telur 1/2,20.0
2024-01-08,TLR2,TELUR 1/2,22.0
2024-01-13,TLR2,TELUR 1/2,18.0
2024-01-16,TLR2,TELUR 1/2,2.0
2024-01-18,TLR2,TELUR 1/2,22.0
2024-01-20,TLR2,TELUR 1/2,22.0
2024-01-21,TLR2,TELUR 1/2,10.0
2024-01-22,TLR2,TELUR 1/2,7.0
2024-01-26,TLR2,Telur 1/2,9.0
2024-01-27,TLR2,TELUR 1/2,11.0
2024-01-29,TLR2,TELUR 1/2,6.0
2024-01-30,TLR2,TELUR 1/2,7.0
2024-01-31,TLR2,TELUR 1/2,8.0
2024-02-02,TLR2,TELUR 1/2,5.0
2024-02-03,TLR2,TELUR 1/2,9.0
2024-02-04,TLR2,TELUR 1/2,12.0
2024-02-07,TLR2,TELUR 1/2,10.0
2024-02-09,TLR2,TELUR 1/2,10.0
2024-02-14,TLR2,Telur 1/2,22.0
2024-02-17,TLR2,Telur 1/2,17.0
2024-02-19,TLR2,Telur 1/2,13.0
2024-02-20,TLR2,Telur 1/2,11.0
2024-02-21,TLR2,telur 1/2,12.0
2024-02-22,TLR2,Telur 1/2,8.0
2024-02-24,TLR2,TELUR 1/2,19.0
2024-02-25,TLR2,TELUR 1/2,11.0
2024-02-27,TLR2,TELUR 1/2,10.0
2024-02-28,TLR2,TELUR 1/2,9.0
2024-02-29,TLR2,Telur 1/2,9.0
2024-03-01,TLR2,Telur 1/2,15.0
2024-03-02,TLR2,Telur 1/2,16.0
2024-03-03,TLR2,Telur 1/2,20.0
2024-03-04,TLR2,Telur 1/2,10.0
2024-03-05,TLR2,TELUR 1/2,13.0
2024-03-06,TLR2,Telur 1/2,16.0
2024-03-11,TLR2,Telur 1/2,21.0
2024-03-13,TLR2,Telur 1/2,18.0
2024-03-14,TLR2,Telur 1/2,18.0
2024-03-15,TLR2,Telur 1/2,14.0
2024-03-17,TLR2,Telur 1/2,20.0
2024-03-18,TLR2,Telur 1/2,12.0
2024-03-21,TLR2,Telur 1/2,16.0
2024-03-23,TLR2,Telur 1/2,19.0
2024-03-26,TLR2,Telur 1/2,16.0
2024-03-27,TLR2,Telur 1/2,18.0
2024-03-29,TLR2,Telur 1/2,12.0
2024-04-01,TLR2,Telur 1/2,14.0
2024-04-03,TLR2,Telur 1/2,15.0
2024-04-04,TLR2,Telur 1/2,12.0
2024-04-06,TLR2,TELUR 1/2,18.0
2024-04-07,TLR2,TELUR 1/2,16.0
2024-04-08,TLR2,Telur 1/2,22.0
2024-04-09,TLR2,Telur 1/2,19.0
2024-04-10,TLR2,TELUR 1/2,10.0
2024-04-13,TLR2,Telur 1/2,15.0
2024-04-15,TLR2,Telur 1/2,11.0
2024-04-17,TLR2,TELUR 1/2,19.0
2024-04-18,TLR2,Telur 1/2,11.0
2024-04-19,TLR2,Telur 1/2,35.0
2024-04-21,TLR2,TELUR 1/2,19.0
2024-04-23,TLR2,Telur 1/2,17.0
2024-04-26,TLR2,Telur 1/2,7.0
2024-04-27,TLR2,TELUR 1/2,8.0
2024-04-30,TLR2,Telur 1/2,14.0
2024-05-02,TLR2,Telur 1/2,9.0
2024-05-03,TLR2,Telur 1/2,14.0
2024-05-05,TLR2,TELUR 1/2,10.0
2024-05-07,TLR2,Telur 1/2,9.0
2024-05-10,TLR2,Telur 1/2,19.0
2024-05-12,TLR2,Telur 1/2,14.0
2024-05-13,TLR2,Telur 1/2,19.0
2024-05-14,TLR2,Telur 1/2,10.0
2024-05-17,TLR2,Telur 1/2,10.0
2024-05-18,TLR2,Telur 1/2,17.0
2024-05-23,TLR2,Telur 1/2,10.0
2024-05-24,TLR2,Telur 1/2,10.0
2024-05-25,TLR2,Telur 1/2,30.0
2024-05-26,TLR2,Telur 1/2,19.0
2024-05-29,TLR2,TELUR 1/2,10.0
2024-06-01,TLR2,Telur 1/2,15.0
2024-06-03,TLR2,Telur 1/2,10.0
2024-06-04,TLR2,TELUR 1/2,13.0
2024-06-05,TLR2,Telur 1/2,10.0
2024-06-08,TLR2,Telur 1/2,10.0
2024-06-12,TLR2,Telur 1/2,11.0
2024-06-15,TLR2,Telur 1/2,20.0
2024-06-18,TLR2,Telur 1/2,20.0
2024-06-21,TLR2,Telur 1/2,11.0
2024-06-23,TLR2,Telur 1/2,21.0
2024-06-24,TLR2,Telur 1/2,12.0
2024-06-25,TLR2,Telur 1/2,10.0
2024-06-29,TLR2,Telur 1/2,14.0
2024-06-30,TLR2,Telur 1/2,20.0
2024-07-02,TLR2,Telur 1/2,12.0
2024-07-03,TLR2,Telur 1/2,10.0
2024-07-04,TLR2,Telur 1/2,5.0
2024-07-07,TLR2,Telur 1/2,10.0
2024-07-08,TLR2,Telur 1/2,12.0
2024-07-10,TLR2,Telur 1/2,9.0
2024-07-11,TLR2,Telur 1/2,13.0
2024-07-12,TLR2,Telur 1/2,20.0
2024-07-13,TLR2,TELUR 1/2,12.0
2024-07-15,TLR2,Telur 1/2,7.0
2024-07-16,TLR2,Telur 1/2,18.0
2024-07-20,TLR2,Telur 1/2,9.0
2024-07-21,TLR2,Telur 1/2,21.0
2024-07-23,TLR2,Telur 1/2,11.0
2024-07-25,TLR2,Telur 1/2,10.0
2024-07-26,TLR2,Telur 1/2,12.0
2024-07-27,TLR2,Telur 1/2,14.0
2024-07-28,TLR2,Telur 1/2,23.0
2024-07-30,TLR2,Telur 1/2,10.0
2024-08-01,TLR2,Telur 1/2,10.0
2024-08-03,TLR2,Telur 1/2,20.0
2024-08-07,TLR2,Telur 1/2,20.0
2024-08-08,TLR2,Telur 1/2,10.0
2024-08-09,TLR2,Telur 1/2,10.0
2024-08-11,TLR2,Telur 1/2,16.0
2024-08-17,TLR2,Telur 1/2,12.0
2024-08-18,TLR2,Telur 1/2,10.0
2024-08-23,TLR2,Telur 1/2,12.0
2024-08-25,TLR2,Telur 1/2,18.0
2024-08-29,TLR2,Telur 1/2,9.0
2024-08-31,TLR2,Telur 1/2,23.0
2024-09-01,TLR2,Telur 1/2,33.0
2024-09-04,TLR2,Telur 1/2,12.0
2024-09-06,TLR2,Telur 1/2,3.0
2024-09-08,TLR2,Telur 1/2,17.0
2024-09-10,TLR2,Telur 1/2,10.0
2024-09-12,TLR2,Telur 1/2,10.0
2024-09-13,TLR2,Telur 1/2,6.0
2024-09-14,TLR2,Telur 1/2,9.0
2024-09-15,TLR2,Telur 1/2,41.0
2024-09-21,TLR2,Telur 1/2,19.0
2024-09-22,TLR2,Telur 1/2,10.0
2024-09-26,TLR2,Telur 1/2,19.0
2024-09-27,TLR2,Telur 1/2,9.0
2024-09-28,TLR2,Telur 1/2,12.0
2024-10-01,TLR2,Telur 1/2,20.0
2024-10-03,TLR2,Telur 1/2,10.0
2024-10-04,TLR2,Telur 1/2,10.0
2024-10-08,TLR2,Telur 1/2,10.0
2024-10-09,TLR2,Telur 1/2,9.0
2024-10-11,TLR2,Telur 1/2,17.0
2024-10-15,TLR2,Telur 1/2,17.0
2024-10-16,TLR2,Telur 1/2,20.0
2024-10-17,TLR2,Telur 1/2,15.0
2024-10-19,TLR2,Telur 1/2,8.0
2024-10-22,TLR2,Telur 1/2,10.0
2024-10-24,TLR2,Telur 1/2,9.0
2024-10-26,TLR2,Telur 1/2,10.0
2024-10-31,TLR2,Telur 1/2,20.0
2024-11-03,TLR2,Telur 1/2,11.0
2024-11-04,TLR2,Telur 1/2,20.0
2024-11-11,TLR2,Telur 1/2,22.0
2024-11-14,TLR2,Telur 1/2,30.0
2024-11-18,TLR2,Telur 1/2,12.0
2024-11-19,TLR2,Telur 1/2,18.0
2024-11-22,TLR2,Telur 1/2,17.0
2024-11-26,TLR2,Telur 1/2,23.0
2024-11-29,TLR2,Telur 1/2,10.0
2024-11-30,TLR2,Telur 1/2,19.0
2024-12-03,TLR2,Telur 1/2,18.0
2024-12-05,TLR2,Telur 1/2,10.0
2024-12-06,TLR2,Telur 1/2,13.0
2024-12-09,TLR2,Telur 1/2,20.0
2024-12-11,TLR2,Telur 1/2,13.0
2024-12-12,TLR2,Telur 1/2,11.0
2024-12-14,TLR2,Telur 1/2,17.0
2024-12-15,TLR2,Telur 1/2,20.0
2024-12-17,TLR2,Telur 1/2,30.0
2024-12-19,TLR2,Telur 1/2,11.0
2024-12-21,TLR2,Telur 1/2,60.0
2024-12-22,TLR2,Telur 1/2,20.0
2024-12-23,TLR2,Telur 1/2,30.0
2024-12-24,TLR2,Telur 1/2,11.0
2024-12-27,TLR2,Telur 1/2,10.0
2024-12-28,TLR2,Telur 1/2,30.0
2024-12-29,TLR2,Telur 1/2,28.0
2024-12-31,TLR2,Telur 1/2,18.0
2025-10-11,TLR2,Telur 1/2,10.0
2025-10-13,TLR2,Telur 1/2,10.0
2025-10-14,TLR2,Telur 1/2,30.0
2025-10-15,TLR2,Telur 1/2,50.0
2025-10-16,TLR2,Telur 1/2,30.0
2025-10-18,TLR2,Telur 1/2,60.0
2025-10-20,TLR2,Telur 1/2,10.0
2025-10-22,TLR2,Telur 1/2,20.0
2025-10-25,TLR2,Telur 1/2,30.0
2025-10-27,TLR2,Telur 1/2,40.0
2025-10-28,TLR2,Telur 1/2,20.0
2025-10-30,TLR2,Telur 1/2,30.0
2025-10-31,TLR2,Telur 1/2,40.0
2025-11-01,TLR2,Telur 1/2,60.0
2025-11-03,TLR2,Telur 1/2,50.0
2025-11-05,TLR2,Telur 1/2,20.0
2025-11-06,TLR2,Telur 1/2,50.0
2025-11-08,TLR2,Telur 1/2,50.0
2025-11-09,TLR2,Telur 1/2,30.0
2025-11-10,TLR2,Telur 1/2,30.0
2025-11-12,TLR2,Telur 1/2,40.0
2025-11-13,TLR2,Telur 1/2,50.0
2025-11-14,TLR2,Telur 1/2,25.0
2025-11-15,TLR2,Telur 1/2,20.0
2025-11-16,TLR2,Telur 1/2,30.0
2025-11-17,TLR2,Telur 1/2,55.0
2025-11-19,TLR2,Telur 1/2,50.0
2025-11-20,TLR2,Telur 1/2,60.0
2025-11-21,TLR2,Telur 1/2,20.0
2025-11-22,TLR2,Telur 1/2,40.0
2025-11-23,TLR2,Telur 1/2,30.0
2025-11-25,TLR2,Telur 1/2,35.0
2025-11-30,TLR2,Telur 1/2,30.0
2025-12-01,TLR2,Telur 1/2,10.0
2025-12-02,TLR2,Telur 1/2,10.0
2025-12-05,TLR2,Telur 1/2,20.0
2025-12-07,TLR2,Telur 1/2,20.0
2025-12-08,TLR2,Telur 1/2,10.0
2025-12-09,TLR2,Telur 1/2,10.0
2025-12-10,TLR2,Telur 1/2,10.0
2025-12-13,TLR2,Telur 1/2,10.0
2025-12-14,TLR2,Telur 1/2,20.0
2025-12-17,TLR2,Telur 1/2,20.0
2025-12-20,TLR2,Telur 1/2,30.0
2025-12-21,TLR2,Telur 1/2,10.0
2025-12-22,TLR2,Telur 1/2,30.0
2025-12-24,TLR2,Telur 1/2,10.0
2025-12-26,TLR2,Telur 1/2,30.0
2025-12-28,TLR2,Telur 1/2,10.0
2025-12-29,TLR2,Telur 1/2,20.0
2026-01-01,TLR2,Telur 1/2,17.0
2026-01-03,TLR2,Telur 1/2,11.0
2026-01-05,TLR2,Telur 1/2,20.0
2026-01-07,TLR2,telur 1/2,10.0
2026-01-08,TLR2,Telur 1/2,30.0
2026-01-09,TLR2,Telur 1/2,10.0
2026-01-11,TLR2,Telur 1/2,20.0
2026-01-14,TLR2,Telur 1/2,13.0
2026-01-15,TLR2,Telur 1/2,10.0
2026-01-16,TLR2,Telur 1/2,10.0
2026-01-17,TLR2,Telur 1/2,10.0
2026-01-20,TLR2,Telur 1/2,24.0
2026-01-23,TLR2,Telur 1/2,15.0
2026-01-24,TLR2,Telur 1/2,11.0
2026-01-25,TLR2,Telur 1/2,28.0
2026-01-27,TLR2,Telur 1/2,10.0
2026-01-28,TLR2,Telur 1/2,10.0
2026-01-29,TLR2,Telur 1/2,16.0
2026-01-31,TLR2,Telur 1/2,20.0
2026-02-01,TLR2,Telur 1/2,10.0
2026-02-04,TLR2,Telur 1/2,10.0
2026-02-06,TLR2,Telur 1/2,30.0
2026-02-09,TLR2,Telur 1/2,10.0
2026-02-10,TLR2,Telur 1/2,10.0
2026-02-11,TLR2,Telur 1/2,10.0
2026-02-15,TLR2,Telur 1/2,10.0
2026-02-16,TLR2,Telur 1/2,20.0
2026-02-18,TLR2,Telur 1/2,10.0
2026-02-21,TLR2,Telur 1/2,10.0
2026-02-23,TLR2,Telur 1/2,10.0
2026-02-24,TLR2,Telur 1/2,10.0
2026-02-25,TLR2,Telur 1/2,20.0
2026-02-26,TLR2,Telur 1/2,10.0
2026-03-01,TLR2,Telur 1/2,10.0
2026-03-03,TLR2,Telur 1/2,10.0
2026-03-05,TLR2,Telur 1/2,20.0
2026-03-12,TLR2,Telur 1/2,20.0
2026-03-13,TLR2,Telur 1/2,10.0
2026-03-14,TLR2,Telur 1/2,10.0
2026-03-17,TLR2,Telur 1/2,1.0
2026-03-20,TLR2,Telur 1/2,10.0
2026-03-25,TLR2,Telur 1/2,10.0
2026-03-26,TLR2,Telur 1/2,10.0
2026-03-30,TLR2,Telur 1/2,10.0
2026-04-01,TLR2,Telur 1/2,20.0
2026-04-03,TLR2,Telur 1/2,10.0
2026-04-05,TLR2,Telur 1/2,15.0
2026-04-07,TLR2,Telur 1/2,10.0
2026-04-08,TLR2,Telur 1/2,10.0
2026-04-09,TLR2,Telur 1/2,10.0
2026-04-14,TLR2,Telur 1/2,10.0
2026-04-17,TLR2,Telur 1/2,20.0
2026-04-20,TLR2,Telur 1/2,10.0
2026-04-23,TLR2,Telur 1/2,20.0
2026-04-24,TLR2,Telur 1/2,30.0
2026-04-26,TLR2,Telur 1/2,20.0
2026-04-28,TLR2,Telur 1/2,20.0
2026-04-29,TLR2,Telur 1/2,10.0
2026-04-30,TLR2,Telur 1/2,10.0
2026-05-01,TLR2,Telur 1/2,20.0
2026-05-06,TLR2,Telur 1/2,10.0
2026-05-07,TLR2,Telur 1/2,20.0
2026-05-08,TLR2,Telur 1/2,10.0
2026-05-13,TLR2,Telur 1/2,10.0
2026-05-14,TLR2,Telur 1/2,10.0
2026-05-15,TLR2,Telur 1/2,10.0
2026-05-19,TLR2,Telur 1/2,10.0
2026-05-22,TLR2,Telur 1/2,20.0
2026-05-25,TLR2,Telur 1/2,10.0
2026-05-26,TLR2,Telur 1/2,10.0
2026-05-30,TLR2,Telur 1/2,10.0
2026-05-31,TLR2,Telur 1/2,10.0
2026-06-01,TLR2,Telur 1/2,20.0
2026-06-03,TLR2,Telur 1/2,20.0
2026-06-08,TLR2,Telur 1/2,20.0
2026-06-09,TLR2,Telur 1/2,20.0
2026-06-10,TLR2,Telur 1/2,10.0
2026-06-11,TLR2,Telur 1/2,10.0
2026-06-14,TLR2,Telur 1/2,10.0
2026-06-18,TLR2,Telur 1/2,10.0
2026-06-20,TLR2,Telur 1/2,10.0
2026-06-24,TLR2,Telur 1/2,20.0
2026-06-25,TLR2,Telur 1/2,10.0
2026-06-26,TLR2,Telur 1/2,20.0
2026-07-01,TLR2,Telur 1/2,10.0
2026-07-03,TLR2,Telur 1/2,10.0
2026-07-04,TLR2,Telur 1/2,20.0
2026-07-08,TLR2,Telur 1/2,10.0
2026-07-09,TLR2,Telur 1/2,2.0
2026-07-10,TLR2,Telur 1/2,1.0
2026-07-11,TLR2,Telur 1/2,2.0
2026-07-13,TLR2,Telur 1/2,1.0
2026-07-14,TLR2,Telur 1/2,1.0
2026-07-15,TLR2,Telur 1/2,1.0
2026-07-17,TLR2,Telur 1/2,1.0
2026-07-18,TLR2,Telur 1/2,1.0
2026-07-19,TLR2,Telur 1/2,1.0
2026-07-21,TLR2,Telur 1/2,1.0
2026-07-22,TLR2,Telur 1/2,1.0
2026-07-23,TLR2,Telur 1/2,1.0
2026-07-24,TLR2,Telur 1/2,1.0
2026-07-25,TLR2,Telur 1/2,1.0
2026-07-26,TLR2,Telur 1/2,1.0
204-04-14,TLR4,Telur 1/4,8.0
2024-01-17,TLR4,TELUR 1/4,14.0
2024-01-19,TLR4,Telur 1/4,5.0
2024-01-26,TLR4,Telur 1/4,2.0
2024-02-01,TLR4,TELUR 1/4,34.0
2024-02-07,TLR4,TELUR 1/4,5.0
2024-02-08,TLR4,TELUR 1/4,7.0
2024-02-11,TLR4,TELUR 1/4,5.0
2024-02-22,TLR4,TELUR 1/4,9.0
2024-03-03,TLR4,telur 1/4,19.0
2024-03-15,TLR4,Telur 1/4,10.0
2024-03-23,TLR4,Telur 1/4,19.0
2024-04-16,TLR4,Telur 1/4,20.0
2024-04-21,TLR4,Telur 1/4,10.0
2024-05-29,TLR4,Telur 1/4,9.0
2024-06-06,TLR4,Telur 1/4,9.0
2024-06-08,TLR4,Telur 1/4,18.0
2024-06-15,TLR4,telur 1/4,18.0
2024-06-21,TLR4,Telur 1/4,10.0
2024-06-23,TLR4,Telur 1/4,19.0
2024-07-02,TLR4,TELUR 1/4,10.0
2024-07-03,TLR4,Telur 1/4,12.0
2024-07-07,TLR4,Telur 1/4,17.0
2024-07-21,TLR4,Telur 1/4,19.0
2024-08-17,TLR4,Telur 1/4,15.0
2024-08-27,TLR4,Telur 1/4,11.0
2024-09-15,TLR4,Telur 1/4,18.0
2024-09-22,TLR4,telur 1/4,6.0
2024-10-01,TLR4,Telur 1/4,20.0
2024-10-06,TLR4,telur 1/4,13.0
2024-10-11,TLR4,Telur 1/4,10.0
2024-10-13,TLR4,Telur 1/4,21.0
2024-10-23,TLR4,Telur 1/4,10.0
2024-10-31,TLR4,Telur 1/4,10.0
2024-12-06,TLR4,Telur 1/4,20.0
2024-12-14,TLR4,Telur 1/4,19.0
2024-12-15,TLR4,Telur 1/4,9.0
2024-12-23,TLR4,Telur 1/4,21.0
2024-12-24,TLR4,Telur 1/4,19.0
2024-12-28,TLR4,Telur 1/4,20.0
2025-10-16,TLR4,Telur 1/4,20.0
2025-10-21,TLR4,Telur 1/4,10.0
2025-10-30,TLR4,Telur 1/4,20.0
2025-11-03,TLR4,Telur 1/4,20.0
2025-11-09,TLR4,Telur 1/4,15.0
2025-11-10,TLR4,Telur 1/4,25.0
2025-11-12,TLR4,Telur 1/4,35.0
2025-11-15,TLR4,Telur 1/4,30.0
2025-11-23,TLR4,Telur 1/4,20.0
2025-11-24,TLR4,Telur 1/4,50.0
2025-12-03,TLR4,Telur 1/4,10.0
2025-12-11,TLR4,Telur 1/4,10.0
2025-12-16,TLR4,Telur 1/4,20.0
2026-01-10,TLR4,Telur 1/4,10.0
2026-01-14,TLR4,Telur 1/4,20.0
2026-01-24,TLR4,Telur 1/4,13.0
2026-02-16,TLR4,Telur 1/4,10.0
2026-02-20,TLR4,Telur 1/4,10.0
2026-03-20,TLR4,Telur 1/4,10.0
2026-03-25,TLR4,Telur 1/4,10.0
2026-04-02,TLR4,Telur 1/4,20.0
2026-04-29,TLR4,Telur 1/4,10.0
2026-05-22,TLR4,Telur 1/4,20.0
2026-06-03,TLR4,Telur 1/4,10.0
2026-06-06,TLR4,Telur 1/4,20.0
2026-06-15,TLR4,Telur 1/4,10.0
2026-06-24,TLR4,Telur 1/4,10.0
2026-07-21,TLR4,Telur 1/4,1.0
2026-07-22,TLR4,Telur 1/4,1.0
2026-07-27,TLR4,Telur 1/4,1.0
2024-05-28,TM001,Tisu Montis,9.0
2024-08-04,TM001,Tisu montis,12.0
2024-08-30,TM001,Tisu montis,11.0
2024-09-24,TM001,Tisu montis,2.0
2024-09-28,TM001,Tisu montis,10.0
2024-12-20,TM001,Tisu montis,21.0
2025-11-17,TM001,Tisu montis,12.0
2026-03-08,TM001,Tisu montis,1.0
2026-04-05,TM001,Tisu montis,5.0
2026-05-10,TM001,Tisu montis,1.0
2026-05-16,TM001,Tisu montis,2.0
2024-02-03,TPC001,TOP COFFE,10.0
204-08-28,TPL2,Tropical 2Lt,9.0
2024-01-19,TPL2,TROPICAL 2LT,10.0
2024-04-09,TPL2,Tropical 2Lt,10.0
2024-05-21,TPL2,Tropical 2Lt,9.0
2024-05-23,TPL2,Tropical 2Lt,10.0
2024-05-26,TPL2,Tropical 2Lt,11.0
2024-06-11,TPL2,Tropical 2Lt,9.0
2024-06-27,TPL2,Tropical 2lt,8.0
2024-07-04,TPL2,Tropical 2Lt,6.0
2024-07-05,TPL2,Tropical 2Lt,7.0
2024-07-10,TPL2,Tropical 2Lt,10.0
2024-07-13,TPL2,Tropical 2Lt,9.0
2024-07-16,TPL2,Tropical 2Lt,9.0
2024-08-13,TPL2,Tropical 2Lt,4.0
2024-08-16,TPL2,Tropical 2Lt,6.0
2024-08-29,TPL2,Tropical 2Lt,9.0
2024-09-02,TPL2,Tropical 2Lt,33.0
2024-11-09,TPL2,Tropical 2lt,10.0
2024-11-22,TPL2,Tropical 2Lt,10.0
2024-12-05,TPL2,Tropical 2Lt,5.0
2024-12-07,TPL2,Tropical 2Lt,10.0
2024-12-15,TPL2,Tropical 2Lt,10.0
2024-12-26,TPL2,Tropical 2Lt,10.0
2025-10-08,TPL2,Tropical 2Lt,10.0
2025-10-14,TPL2,Tropical 2Lt,20.0
2025-10-19,TPL2,Tropical 2Lt,6.0
2025-10-24,TPL2,Tropical 2Lt,20.0
2025-10-26,TPL2,Tropical 2Lt,12.0
2025-11-02,TPL2,Tropical 2Lt,18.0
2025-11-12,TPL2,Tropical 2Lt,12.0
2025-11-29,TPL2,Tropical 2Lt,18.0
2025-12-06,TPL2,Tropical 2Lt,10.0
2025-12-12,TPL2,Tropical 2Lt,1.0
2025-12-25,TPL2,Tropical 2Lt,10.0
2026-01-03,TPL2,Tropical 2Lt,8.0
2026-01-17,TPL2,Tropical 2Lt,10.0
2026-01-19,TPL2,Tropical 2Lt,10.0
2026-01-28,TPL2,Tropical 2Lt,7.0
2026-02-01,TPL2,Tropical 2Lt,10.0
2026-02-06,TPL2,Tropical 2Lt,10.0
2026-03-20,TPL2,Tropical 2Lt,10.0
2026-03-23,TPL2,Tropical 2Lt,10.0
2026-04-03,TPL2,Tropical 2Lt,10.0
2026-04-04,TPL2,Tropical 2Lt,20.0
2026-04-10,TPL2,Tropical 2Lt,10.0
2026-05-01,TPL2,Tropical 2Lt,10.0
2026-06-29,TPL2,Tropical 2lt,2.0
2024-01-21,TRS001,TERASI,30.0
2024-02-27,TRS001,Terasi,20.0
2024-03-24,TRS001,Terasi,13.0
2024-04-15,TRS001,Terasi,5.0
2024-06-01,TRS001,Terasi,17.0
2024-06-25,TRS001,Terasi,11.0
2024-06-30,TRS001,Terasi,29.0
2024-08-01,TRS001,Terasi,32.0
2024-08-20,TRS001,Terasi,30.0
2024-08-27,TRS001,Terasi,54.0
2024-09-02,TRS001,Terasi,43.0
2024-09-05,TRS001,Terasi,24.0
2024-09-12,TRS001,Terasi,31.0
2024-09-22,TRS001,Terasi,42.0
2024-10-25,TRS001,Terasi,21.0
2024-11-03,TRS001,Terasi,11.0
2024-11-19,TRS001,Terasi,30.0
2024-11-27,TRS001,Terasi,44.0
2024-12-27,TRS001,Terasi,31.0
2025-10-16,TRS001,Terasi,20.0
2025-10-18,TRS001,Terasi,10.0
2025-11-30,TRS001,Terasi,2.0
2025-12-17,TRS001,Terasi,1.0
2025-12-21,TRS001,Terasi,4.0
2025-12-28,TRS001,Terasi,4.0
2026-01-01,TRS001,Terasi,11.0
2026-01-06,TRS001,Terasi,17.0
2026-02-13,TRS001,Terasi,10.0
2026-03-03,TRS001,Terasi,10.0
2026-03-28,TRS001,Terasi,2.0
2026-04-02,TRS001,Terasi,2.0
2026-04-11,TRS001,Terasi,20.0
2026-04-16,TRS001,Terasi,10.0
2026-04-25,TRS001,Terasi,10.0
2026-05-08,TRS001,Terasi,8.0
2026-06-18,TRS001,Terasi,4.0
2026-06-26,TRS001,Terasi,1.0
2026-07-17,TRS001,Terasi,5.0
2026-07-23,TRS001,Terasi,2.0
2026-07-24,TRS001,Terasi,2.0
2024-01-28,TS001,Tisu multi,9.0
2024-04-08,TS001,Tisu Multi,10.0
2024-04-24,TS001,Tisu Multi,11.0
2024-01-30,TSJ001,TEPUNG SAJIKU,12.0
2024-06-04,TSJ001,Tepung sajiku,20.0
2024-06-08,TSJ001,Tepung sajiku,21.0
2024-06-10,TSJ001,Tepung sajiku,20.0
2025-12-23,TSJ001,Tepung sajiku,2.0
2025-12-24,TSJ001,Tepung sajiku,2.0
2026-01-13,TSJ001,Tepung sajiku,28.0
2026-01-18,TSJ001,Tepung sajiku,20.0
2024-02-11,TSM01,TISU MINI,8.0
2024-02-24,TSM01,Tisu mini,13.0
2024-01-15,TSN001,TISU NICE,23.0
2024-01-22,TSN001,TISU NICE,9.0
2024-02-06,TSN001,TISU NICE,7.0
2024-05-29,TSN001,TISU NICE,9.0
2024-06-25,TSN001,Tisu nice,18.0
2024-08-17,TSN001,Tisu nice,11.0
2024-09-15,TSN001,Tisu nice,9.0
2024-09-23,TSN001,Tisu nice,10.0
2024-11-04,TSN001,Tisu nice,23.0
2024-11-12,TSN001,Tisu nice,34.0
2024-12-30,TSN001,Tisu nice,12.0
2025-10-31,TSN001,Tisu nice,12.0
2025-12-09,TSN001,Tisu nice,1.0
2026-03-24,TSN001,Tisu nice,1.0
2026-04-30,TSN001,Tisu nice,1.0
2026-05-10,TSN001,Tisu nice,1.0
2026-06-26,TSN001,Tisu nice,1.0
2026-07-02,TSN001,Tisu nice,1.0
2024-02-12,TSP001,Tisu peony,6.0
2024-02-22,TSP001,Tisu peony,11.0
2024-02-29,TSP001,Tisu Peony,8.0
2024-03-14,TSP001,Tisu peony,11.0
2024-03-15,TSP001,Tisu peony,10.0
2024-03-26,TSP001,Tisu peony,12.0
2024-05-17,TSP001,Tisu peony,9.0
2024-07-08,TSP001,Tisu peony,11.0
2024-10-02,TSP001,Tisu peony,9.0
2025-10-08,TSP001,Tisu peony,21.0
2025-12-26,TSP001,Tisu peony,1.0
2026-01-25,TSP001,Tisu peony,18.0
2026-01-30,TSP001,Tisu peony,10.0
2026-04-26,TSP001,Tisu peony,10.0
2026-05-24,TSP001,Tisu peony,1.0
2024-02-07,TSY001,TISU PASCOY,5.0
2025-11-02,TSY001,Tisu pascoy,10.0
2024-02-04,TTL001,TEPUNG TULIP,4.0
2024-06-26,TTL001,Tepung tulip,4.0
2024-11-07,TTL001,Tepung tulip,10.0
2024-11-15,TTL001,Tepung tulip,28.0
2024-11-18,TTL001,Tepung tulip,21.0
2026-06-27,TTL001,Tepung tulip,1.0
2026-07-05,TTL001,Tepung tulip,1.0
2026-07-08,TTL001,Tepung tulip,2.0
2026-07-20,TTL001,Tepung tulip,1.0
2024-02-01,TTS001,TINGTING SNACK,16.0
2025-11-20,TTS001,Tingting Snack,6.0
2025-10-29,Tidak ditemukan,Fruta gummy,3.0
2025-11-03,Tidak ditemukan,Fruta gummy,2.0
2025-11-11,Tidak ditemukan,Fruta gummy,2.0
2025-11-15,Tidak ditemukan,Fruta gummy,5.0
2025-11-17,Tidak ditemukan,Fruta gummy,5.0
2025-11-18,Tidak ditemukan,Fruta gummy,2.0
2025-11-23,Tidak ditemukan,Fruta gummy,2.0
2025-11-25,Tidak ditemukan,Fruta gummy,2.0
2025-11-26,Tidak ditemukan,Fruta gummy,2.0
2025-11-28,Tidak ditemukan,Fruta gummy,2.0
2025-11-30,Tidak ditemukan,Fruta gummy,2.0
2025-12-14,Tidak ditemukan,Fruta gummy,1.0
2025-12-22,Tidak ditemukan,Fruta gummy,1.0
2025-12-23,Tidak ditemukan,Fruta gummy,2.0
2025-12-26,Tidak ditemukan,Fruta gummy,2.0
2025-12-30,Tidak ditemukan,Fruta gummy,2.0
2026-07-10,Tidak ditemukan,Permen antangin,6.0
2026-07-11,Tidak ditemukan,Gery meses,1.0
2026-07-11,Tidak ditemukan,Tropical 1Lt,1.0
2026-07-13,Tidak ditemukan,DeoGeo,2.0
2026-07-13,Tidak ditemukan,Gery meses,1.0
2026-07-21,Tidak ditemukan,Gery meses,1.0
2026-07-21,Tidak ditemukan,Tisu Vela,1.0
2026-07-21,Tidak ditemukan,Tropical 1Lt,1.0
2026-07-23,Tidak ditemukan,Chocolatos botol,1.0
2026-07-23,Tidak ditemukan,Gery meses,4.0
2026-07-24,Tidak ditemukan,Gery meses,2.0
2026-07-25,Tidak ditemukan,Tepung beras,1.0
2026-07-28,Tidak ditemukan,Tropical 1Lt,1.0
2024-02-03,VLP001,VALUE PACK,6.0
2024-05-30,VLP001,VALUE PACK,9.0
2024-06-27,VLP001,Value pack,6.0
2024-11-09,VLP001,Value pack,21.0
2024-11-15,VLP001,Value pack,1.0
2026-06-29,VLP001,Value pack,2.0
2026-07-05,VLP001,Value pack,1.0
2024-03-21,VNP01,Vernipan,21.0
2024-04-16,VNP01,Vernipan,17.0
2024-01-03,YP1001,yupi 1000,25.0
2024-03-11,YP1001,Yupi 1000,31.0
2024-04-06,YP1001,Yupi 1000,20.0
2024-04-09,YP1001,Yupi 1000,25.0
2024-05-11,YP1001,Yupi 1000,20.0
2024-07-06,YP1001,Yupi 1000,77.0
2024-07-18,YP1001,Yupi 1000,40.0
2024-07-26,YP1001,Yupi 1000,50.0
2024-12-04,YP1001,Yupi 1000,87.0
2025-10-17,YP1001,Yupi 1000,2.0
2025-11-29,YP1001,Yupi 1000,10.0
2025-12-12,YP1001,Yupi 1000,1.0
2026-01-16,YP1001,Yupi 1000,64.0
2026-01-22,YP1001,Yupi 1000,69.0
2026-02-07,YP1001,Yupi 1000,10.0
2026-02-18,YP1001,Yupi 1000,2.0
2026-02-22,YP1001,Yupi 1000,1.0
204-08-28,YP500,Yupi 500,65.0
2024-01-02,YP500,Yupi 500,72.0
2024-01-03,YP500,YUPI 500,48.0
2024-01-05,YP500,yupi 500,250.0
2024-01-07,YP500,yupi 500,98.0
2024-01-09,YP500,YUPI 500,400.0
2024-01-10,YP500,YUPI 500,150.0
2024-01-13,YP500,YUPI 500,134.0
2024-01-14,YP500,YUPI 500,69.0
2024-01-15,YP500,YUPI 500,170.0
2024-01-16,YP500,YUPI 500,70.0
2024-01-18,YP500,YUPI 500,93.0
2024-01-20,YP500,YUPI 500,66.0
2024-01-21,YP500,YUPI 500,77.0
2024-01-22,YP500,YUPI 500,30.0
2024-01-24,YP500,YUPI 500,54.0
2024-01-25,YP500,YUPI 500,56.0
2024-01-27,YP500,YUPI 500,65.0
2024-01-28,YP500,YUPI 500,76.0
2024-01-29,YP500,YUPI 500,20.0
2024-01-30,YP500,YUPI 500,5.0
2024-02-01,YP500,YUPI 500,65.0
2024-02-02,YP500,YUPI 500,88.0
2024-02-04,YP500,YUPI 500,126.0
2024-02-06,YP500,YUPI 500,65.0
2024-02-07,YP500,YUPI 500,34.0
2024-02-09,YP500,YUPI 500,120.0
2024-02-10,YP500,YUPI 500,41.0
2024-02-11,YP500,YUPI 500,45.0
2024-02-12,YP500,YUPI 500,48.0
2024-02-13,YP500,Yupi 500,46.0
2024-02-16,YP500,Yupi 500,66.0
2024-02-17,YP500,Yupi 500,98.0
2024-02-18,YP500,Yupi 500,131.0
2024-02-19,YP500,Yupi 500,56.0
2024-02-21,YP500,YUPI 500,44.0
2024-02-22,YP500,Yupi 500,39.0
2024-02-25,YP500,YUPI 500,68.0
2024-02-26,YP500,Yupi 500,82.0
2024-02-27,YP500,Yupi 500,48.0
2024-02-28,YP500,YUPI 500,49.0
2024-03-01,YP500,Yupi 500,62.0
2024-03-02,YP500,Yupi 500,70.0
2024-03-03,YP500,Yupi 500,78.0
2024-03-05,YP500,Yupi 500,44.0
2024-03-07,YP500,Yupi 500,32.0
2024-03-08,YP500,Yupi 500,60.0
2024-03-10,YP500,YUPI 500,56.0
2024-03-12,YP500,Yupi 500,23.0
2024-03-14,YP500,Yupi 500,34.0
2024-03-17,YP500,YUPI 500,60.0
2024-03-23,YP500,YUPI 500,75.0
2024-03-24,YP500,YUPI 500,76.0
2024-03-26,YP500,Yupi 500,56.0
2024-03-30,YP500,YUPI 500,72.0
2024-04-05,YP500,Yupi 500,65.0
2024-04-06,YP500,YUPI 500,65.0
2024-04-06,YP500,Yupi 500,19.0
2024-04-08,YP500,Yupi 500,54.0
2024-04-09,YP500,Yupi 500,72.0
2024-04-10,YP500,Yupi 500,44.0
2024-04-12,YP500,Yupi 500,60.0
2024-04-16,YP500,Yupi 500,76.0
2024-04-19,YP500,Yupi 500,44.0
2024-04-20,YP500,Yupi 500,2.0
2024-04-22,YP500,Yupi 500,34.0
2024-04-27,YP500,Yupi 500,49.0
2024-05-11,YP500,Yupi 500,54.0
2024-05-12,YP500,Yupi 500,73.0
2024-05-13,YP500,Yupi 500,21.0
2024-05-14,YP500,Yupi 500,31.0
2024-05-15,YP500,Yupi 500,48.0
2024-05-30,YP500,YUPI 500,26.0
2024-05-31,YP500,YUPI 500,65.0
2024-06-02,YP500,YUPI 500,40.0
2024-06-05,YP500,Yupi 500,48.0
2024-06-13,YP500,Yupi 500,33.0
2024-06-15,YP500,YUPI 500,55.0
2024-06-17,YP500,Yupi 500,179.0
2024-06-18,YP500,Yupi 500,51.0
2024-06-20,YP500,Yupi 500,87.0
2024-06-23,YP500,yupi 500,87.0
2024-06-24,YP500,Yupi 500,39.0
2024-06-29,YP500,Yupi 500,60.0
2024-07-02,YP500,Yupi 500,45.0
2024-07-07,YP500,Yupi 500,65.0
2024-07-24,YP500,Yupi 500,44.0
2024-07-25,YP500,Yupi 500,34.0
2024-07-26,YP500,Yupi 500,66.0
2024-07-29,YP500,Yupi 500,44.0
2024-08-03,YP500,Yupi 500,65.0
2024-08-05,YP500,Yupi 500,66.0
2024-08-12,YP500,Yupi 500,44.0
2024-08-19,YP500,Yupi 500,54.0
2024-08-24,YP500,Yupi 500,79.0
2024-08-25,YP500,Yupi 500,43.0
2024-09-03,YP500,Yupi 500,23.0
2024-09-11,YP500,Yupi 500,13.0
2024-09-12,YP500,Yupi 500,55.0
2024-09-14,YP500,Yupi 500,87.0
2024-09-16,YP500,Yupi 500,41.0
2024-09-18,YP500,Yupi 500,31.0
2024-09-21,YP500,Yupi 500,50.0
2024-09-22,YP500,Yupi 500,44.0
2024-09-26,YP500,Yupi 500,21.0
2024-09-27,YP500,Yupi 500,34.0
2024-10-01,YP500,Yupi 500,53.0
2024-10-05,YP500,Yupi 500,43.0
2024-10-08,YP500,Yupi 500,45.0
2024-10-09,YP500,Yupi 500,2.0
2024-10-10,YP500,Yupi 500,34.0
2024-10-13,YP500,Yupi 500,56.0
2024-10-18,YP500,Yupi 500,64.0
2024-10-19,YP500,Yupi 500,65.0
2024-10-21,YP500,Yupi 500,67.0
2024-10-22,YP500,Yupi 500,56.0
2024-10-23,YP500,Yupi 500,55.0
2024-10-27,YP500,Yupi 500,54.0
2024-11-03,YP500,Yupi 500,48.0
2024-11-06,YP500,Yupi 500,76.0
2024-11-14,YP500,Yupi 500,32.0
2024-11-16,YP500,Yupi 500,44.0
2024-11-23,YP500,Yupi 500,97.0
2024-11-30,YP500,Yupi 500,97.0
2024-12-08,YP500,Yupi 500,97.0
2024-12-09,YP500,Yupi 500,86.0
2024-12-13,YP500,Yupi 500,42.0
2024-12-18,YP500,Yupi 500,70.0
2024-12-24,YP500,Yupi 500,55.0
2024-12-26,YP500,Yupi 500,69.0
2024-12-29,YP500,Yupi 500,87.0
2024-12-30,YP500,Yupi 500,33.0
2025-10-19,YP500,Yupi 500,4.0
2025-10-21,YP500,Yupi 500,4.0
2025-10-27,YP500,Yupi 500,24.0
2025-11-01,YP500,Yupi 500,2.0
2025-11-09,YP500,Yupi 500,4.0
2025-11-15,YP500,Yupi 500,4.0
2025-11-16,YP500,Yupi 500,10.0
2025-11-17,YP500,Yupi 500,4.0
2025-11-18,YP500,Yupi 500,4.0
2025-11-25,YP500,Yupi 500,4.0
2025-11-26,YP500,Yupi 500,6.0
2025-11-28,YP500,Yupi 500,2.0
2025-11-30,YP500,Yupi 500,6.0
2025-12-07,YP500,Yupi 500,2.0
2025-12-09,YP500,Yupi 500,5.0
2025-12-12,YP500,Yupi 500,4.0
2025-12-13,YP500,Yupi 500,8.0
2025-12-14,YP500,Yupi 500,1.0
2025-12-16,YP500,Yupi 500,4.0
2025-12-20,YP500,Yupi 500,4.0
2025-12-22,YP500,Yupi 500,5.0
2025-12-23,YP500,Yupi 500,8.0
2025-12-26,YP500,Yupi 500,3.0
2025-12-27,YP500,Yupi 500,1.0
2025-12-29,YP500,Yupi 500,4.0
2025-12-30,YP500,Yupi 500,16.0
2026-01-03,YP500,Yupi 500,65.0
2026-01-09,YP500,Yupi 500,64.0
2026-01-20,YP500,Yupi 500,67.0
2026-01-24,YP500,Yupi 500,67.0
2026-02-07,YP500,Yupi 500,10.0
2026-02-19,YP500,Yupi 500,10.0
2026-02-21,YP500,Yupi 500,6.0
2026-02-22,YP500,Yupi 500,2.0
2026-02-26,YP500,Yupi 500,4.0
2026-02-28,YP500,Yupi 500,4.0
2026-03-01,YP500,Yupi 500,6.0
2026-03-07,YP500,Yupi 500,2.0
2026-03-10,YP500,Yupi 500,2.0
2026-03-18,YP500,Yupi 500,2.0
2026-03-27,YP500,Yupi 500,2.0
2026-03-30,YP500,Yupi 500,2.0
2026-04-01,YP500,Yupi 500,1.0
2026-04-03,YP500,Yupi 500,2.0
2026-04-12,YP500,Yupi 500,2.0
2026-04-13,YP500,Yupi 500,2.0
2026-04-23,YP500,Yupi 500,3.0
2026-04-25,YP500,Yupi 500,10.0
2026-04-28,YP500,Yupi 500,3.0
2026-04-29,YP500,Yupi 500,2.0
2026-04-30,YP500,Yupi 500,10.0
2026-05-01,YP500,Yupi 500,2.0
2026-05-03,YP500,Yupi 500,4.0
2026-05-05,YP500,Yupi 500,8.0
2026-05-06,YP500,Yupi 500,1.0
2026-05-08,YP500,Yupi 500,1.0
2026-05-13,YP500,Yupi 500,6.0
2026-05-16,YP500,Yupi 500,14.0
2026-05-18,YP500,Yupi 500,3.0
2026-05-22,YP500,Yupi 500,3.0
2026-05-23,YP500,Yupi 500,6.0
2026-05-27,YP500,Yupi 500,11.0
2026-05-31,YP500,Yupi 500,6.0
2026-06-01,YP500,Yupi 500,2.0
2026-06-02,YP500,Yupi 500,1.0
2026-06-06,YP500,Yupi 500,5.0
2026-06-10,YP500,Yupi 500,2.0
2026-06-11,YP500,Yupi 500,2.0
2026-06-12,YP500,Yupi 500,4.0
2026-06-13,YP500,Yupi 500,1.0
2026-06-14,YP500,Yupi 500,2.0
2026-06-15,YP500,Yupi 500,6.0
2026-06-21,YP500,Yupi 500,2.0
2026-06-25,YP500,Yupi 500,6.0
2026-06-27,YP500,Yupi 500,2.0
2026-07-04,YP500,Yupi 500,4.0
2026-07-06,YP500,Yupi 500,2.0
2026-07-09,YP500,Yupi 500,6.0
2026-07-11,YP500,Yupi 500,2.0
2026-07-13,YP500,Yupi 500,8.0
2026-07-15,YP500,Yupi 500,1.0
2026-07-18,YP500,Yupi 500,1.0
2026-07-20,YP500,Yupi 500,1.0
2026-07-23,YP500,Yupi 500,10.0
2026-07-25,YP500,Yupi 500,2.0
2024-02-02,ZC001,ZINC,20.0
2024-07-16,ZC001,Zinc,20.0
2026-02-06,ZC001,Zinc,2.0
2026-02-12,ZC001,Zinc,10.0
2026-05-18,ZC001,Zinc,2.0
2024-01-27,ZN001,ZEN,11.0
2024-02-11,ZN001,ZEN,9.0
2024-02-23,ZN001,Zen,11.0
2024-03-06,ZN001,Zen,10.0
2024-03-26,ZN001,Zen,11.0
2024-04-08,ZN001,Zen,9.0
2024-04-12,ZN001,Zen,10.0
2024-04-16,ZN001,Zen,20.0
2024-04-19,ZN001,Zen,13.0
2024-04-27,ZN001,Zen,11.0
2024-08-30,ZN001,Zen,42.0
2024-11-18,ZN001,Zen,23.0
2026-04-05,ZN001,Zen,1.0
2026-07-08,ZN001,Zen,2.0
2026-07-15,ZN001,Zen,1.0
