"id","product_id","sale_date","quantity_sold","price_sold","imported_at"
"1","246","2024-01-01","83.00","83000","2026-09-08 18:29:35"
"2","223","2024-01-01","35.00","17500","2026-09-08 18:29:35"
"3","166","2024-01-01","20.00","40000","2026-09-08 18:29:35"
"4","37","2024-01-01","40.00","60000","2026-09-08 18:29:35"
"5","238","2024-01-01","60.00","30000","2026-09-08 18:29:35"
"6","230","2024-01-01","72.00","36000","2026-09-08 18:29:35"
"7","153","2024-01-01","23.00","23000","2026-09-08 18:29:35"
"8","43","2024-01-01","7000.00","101500","2026-09-08 18:29:35"
"9","159","2024-01-01","6000.00","186000","2026-09-08 18:29:35"
"10","233","2024-02-01","40.00","20000","2026-09-08 18:29:35"
"11","253","2024-02-01","20.00","40000","2026-09-08 18:29:35"
"12","122","2024-02-01","24.00","24000","2026-09-08 18:29:35"
"13","35","2024-02-01","15.00","37500","2026-09-08 18:29:35"
"14","193","2024-02-01","24.00","12000","2026-09-08 18:29:35"
"15","246","2024-02-01","34.00","34000","2026-09-08 18:29:35"
"16","6","2024-02-01","18.00","63000","2026-09-08 18:29:35"
"17","163","2024-02-01","37.00","92500","2026-09-08 18:29:35"
"18","133","2024-02-01","20000.00","330000","2026-09-08 18:29:35"
"19","37","2024-02-01","12.00","18000","2026-09-08 18:29:35"
"20","127","2024-02-01","20.00","70000","2026-09-08 18:29:35"
"21","159","2024-02-01","7500.00","232500","2026-09-08 18:29:35"
"22","3","2024-02-01","10.00","25000","2026-09-08 18:29:35"
"23","251","2024-02-01","20.00","20000","2026-09-08 18:29:35"
"24","76","2024-02-01","72.00","36000","2026-09-08 18:29:35"
"25","144","2024-03-01","10.00","20000","2026-09-08 18:29:35"
"26","76","2024-03-01","48.00","24000","2026-09-08 18:29:35"
"27","223","2024-03-01","15.00","7500","2026-09-08 18:29:35"
"28","239","2024-03-01","8.00","8000","2026-09-08 18:29:35"
"29","11","2024-03-01","1500.00","51000","2026-09-08 18:29:35"
"30","90","2024-03-01","25.00","25000","2026-09-08 18:29:35"
"31","127","2024-03-01","94.00","329000","2026-09-08 18:29:35"
"32","184","2024-03-01","30.00","180000","2026-09-08 18:29:35"
"33","16","2024-03-01","24.00","60000","2026-09-08 18:29:35"
"34","50","2024-03-01","20.00","60000","2026-09-08 18:29:35"
"35","138","2024-03-01","25.00","12500","2026-09-08 18:29:35"
"36","6","2024-03-01","24.00","84000","2026-09-08 18:29:35"
"37","251","2024-03-01","25.00","25000","2026-09-08 18:29:35"
"38","43","2024-03-01","10000.00","145000","2026-09-08 18:29:35"
"39","51","2024-04-01","20.00","140000","2026-09-08 18:29:35"
"40","275","2024-04-01","36.00","36000","2026-09-08 18:29:35"
"41","209","2024-04-01","12.00","120000","2026-09-08 18:29:35"
"42","111","2024-04-01","18.00","27000","2026-09-08 18:29:35"
"43","163","2024-04-01","23.00","57500","2026-09-08 18:29:35"
"44","286","2024-04-01","19.00","95000","2026-09-08 18:29:35"
"45","278","2024-04-01","40.00","760000","2026-09-08 18:29:35"
"46","142","2024-04-01","42.00","21000","2026-09-08 18:29:35"
"47","142","2024-05-01","39.00","19500","2026-09-08 18:29:35"
"48","43","2024-05-01","9000.00","130500","2026-09-08 18:29:35"
"49","159","2024-05-01","17000.00","527000","2026-09-08 18:29:35"
"50","134","2024-05-01","15.00","90000","2026-09-08 18:29:35"
"51","136","2024-05-01","10.00","30000","2026-09-08 18:29:35"
"52","6","2024-05-01","19.00","66500","2026-09-08 18:29:35"
"53","35","2024-05-01","20.00","50000","2026-09-08 18:29:35"
"54","76","2024-05-01","250.00","125000","2026-09-08 18:29:35"
"55","234","2024-05-01","24.00","24000","2026-09-08 18:29:35"
"56","88","2024-05-01","10.00","150000","2026-09-08 18:29:35"
"57","160","2024-05-01","25.00","162500","2026-09-08 18:29:35"
"58","91","2024-05-01","72.00","72000","2026-09-08 18:29:35"
"59","127","2024-05-01","120.00","420000","2026-09-08 18:29:35"
"60","82","2024-05-01","28.00","56000","2026-09-08 18:29:35"
"61","193","2024-05-01","33.00","16500","2026-09-08 18:29:35"
"62","275","2024-05-01","39.00","39000","2026-09-08 18:29:35"
"63","287","2024-05-01","48.00","216000","2026-09-08 18:29:35"
"64","37","2024-05-01","64.00","96000","2026-09-08 18:29:35"
"65","246","2024-06-01","124.00","124000","2026-09-08 18:29:35"
"66","91","2024-06-01","38.00","38000","2026-09-08 18:29:35"
"67","136","2024-06-01","55.00","165000","2026-09-08 18:29:35"
"68","239","2024-06-01","43.00","43000","2026-09-08 18:29:35"
"69","27","2024-06-01","38.00","114000","2026-09-08 18:29:35"
"70","3","2024-06-01","36.00","90000","2026-09-08 18:29:35"
"71","154","2024-06-01","60.00","120000","2026-09-08 18:29:35"
"72","133","2024-06-01","35000.00","577500","2026-09-08 18:29:35"
"73","283","2024-06-01","40.00","280000","2026-09-08 18:29:35"
"74","203","2024-06-01","45.00","90000","2026-09-08 18:29:35"
"75","159","2024-06-01","19000.00","589000","2026-09-08 18:29:35"
"76","248","2024-06-01","30.00","225000","2026-09-08 18:29:35"
"77","193","2024-06-01","30.00","15000","2026-09-08 18:29:35"
"78","127","2024-06-01","198.00","693000","2026-09-08 18:29:35"
"79","50","2024-07-01","33.00","99000","2026-09-08 18:29:35"
"80","234","2024-07-01","25.00","25000","2026-09-08 18:29:35"
"81","188","2024-07-01","36.00","72000","2026-09-08 18:29:35"
"82","26","2024-07-01","43.00","86000","2026-09-08 18:29:35"
"83","114","2024-07-01","36.00","36000","2026-09-08 18:29:35"
"84","76","2024-07-01","98.00","49000","2026-09-08 18:29:35"
"85","35","2024-07-01","22.00","55000","2026-09-08 18:29:35"
"86","8","2024-07-01","13.00","78000","2026-09-08 18:29:35"
"87","251","2024-07-01","25.00","25000","2026-09-08 18:29:35"
"88","147","2024-07-01","100.00","50000","2026-09-08 18:29:35"
"89","160","2024-07-01","2.00","13000","2026-09-08 18:29:35"
"90","246","2024-07-01","120.00","120000","2026-09-08 18:29:35"
"91","159","2024-07-01","10000.00","310000","2026-09-08 18:29:35"
"92","43","2024-07-01","60000.00","870000","2026-09-08 18:29:35"
"93","273","2024-07-01","23.00","195500","2026-09-08 18:29:35"
"94","159","2024-08-01","11000.00","341000","2026-09-08 18:29:35"
"95","193","2024-08-01","40.00","20000","2026-09-08 18:29:35"
"96","84","2024-08-01","22.00","110000","2026-09-08 18:29:35"
"97","43","2024-08-01","16000.00","232000","2026-09-08 18:29:35"
"98","82","2024-08-01","20.00","40000","2026-09-08 18:29:35"
"99","246","2024-08-01","65.00","65000","2026-09-08 18:29:35"
"100","154","2024-08-01","17.00","34000","2026-09-08 18:29:35"
"101","41","2024-08-01","28.00","140000","2026-09-08 18:29:35"
"102","110","2024-08-01","60.00","60000","2026-09-08 18:29:35"
"103","50","2024-08-01","15.00","45000","2026-09-08 18:29:35"
"104","163","2024-08-01","23.00","57500","2026-09-08 18:29:35"
"105","286","2024-08-01","17.00","85000","2026-09-08 18:29:35"
"106","273","2024-08-01","24.00","204000","2026-09-08 18:29:35"
"107","227","2024-08-01","22.00","143000","2026-09-08 18:29:35"
"108","188","2024-08-01","28.00","56000","2026-09-08 18:29:35"
"109","127","2024-08-01","98.00","343000","2026-09-08 18:29:35"
"110","282","2024-08-01","39.00","78000","2026-09-08 18:29:35"
"111","85","2024-08-01","24.00","84000","2026-09-08 18:29:35"
"112","7","2024-09-01","2250.00","225000","2026-09-08 18:29:35"
"113","45","2024-09-01","39.00","78000","2026-09-08 18:29:35"
"114","142","2024-09-01","55.00","27500","2026-09-08 18:29:35"
"115","82","2024-09-01","23.00","46000","2026-09-08 18:29:35"
"116","37","2024-09-01","120.00","180000","2026-09-08 18:29:35"
"117","76","2024-09-01","400.00","200000","2026-09-08 18:29:35"
"118","246","2024-09-01","214.00","214000","2026-09-08 18:29:35"
"119","43","2024-09-01","19000.00","275500","2026-09-08 18:29:35"
"120","251","2024-09-01","28.00","28000","2026-09-08 18:29:35"
"121","143","2024-09-01","28.00","322000","2026-09-08 18:29:35"
"122","286","2024-09-01","15.00","75000","2026-09-08 18:29:35"
"123","43","2024-10-01","19000.00","275500","2026-09-08 18:29:35"
"124","159","2024-10-01","16000.00","496000","2026-09-08 18:29:35"
"125","246","2024-10-01","79.00","79000","2026-09-08 18:29:35"
"126","251","2024-10-01","48.00","48000","2026-09-08 18:29:35"
"127","188","2024-10-01","33.00","66000","2026-09-08 18:29:35"
"128","76","2024-10-01","150.00","75000","2026-09-08 18:29:35"
"129","133","2024-10-01","45000.00","742500","2026-09-08 18:29:35"
"130","37","2024-10-01","33.00","49500","2026-09-08 18:29:35"
"131","91","2024-11-01","2.00","2000","2026-09-08 18:29:35"
"132","43","2024-01-13","14000.00","203000","2026-09-08 18:29:35"
"133","246","2024-01-13","71.00","71000","2026-09-08 18:29:35"
"134","159","2024-01-13","9000.00","279000","2026-09-08 18:29:35"
"135","76","2024-01-13","134.00","67000","2026-09-08 18:29:35"
"136","35","2024-01-13","74.00","185000","2026-09-08 18:29:35"
"137","223","2024-01-13","23.00","11500","2026-09-08 18:29:35"
"138","134","2024-01-13","31.00","186000","2026-09-08 18:29:35"
"139","14","2024-01-13","12.00","252000","2026-09-08 18:29:35"
"140","163","2024-01-13","33.00","82500","2026-09-08 18:29:35"
"141","291","2024-01-13","27.00","27000","2026-09-08 18:29:35"
"142","113","2024-01-13","36.00","72000","2026-09-08 18:29:35"
"143","37","2024-01-13","19.00","28500","2026-09-08 18:29:35"
"144","133","2024-01-14","10500.00","178500","2026-09-08 18:29:35"
"145","76","2024-01-14","69.00","34500","2026-09-08 18:29:35"
"146","51","2024-01-14","17.00","119000","2026-09-08 18:29:35"
"147","37","2024-01-14","40.00","60000","2026-09-08 18:29:35"
"148","198","2024-01-14","11.00","93500","2026-09-08 18:29:35"
"149","251","2024-01-14","24.00","24000","2026-09-08 18:29:35"
"150","278","2024-01-14","10.00","190000","2026-09-08 18:29:35"
"151","246","2024-01-14","147.00","147000","2026-09-08 18:29:35"
"152","83","2024-01-15","20.00","90000","2026-09-08 18:29:35"
"153","286","2024-01-15","11.00","55000","2026-09-08 18:29:35"
"154","76","2024-01-15","170.00","85000","2026-09-08 18:29:35"
"155","50","2024-01-15","33.00","99000","2026-09-08 18:29:35"
"156","181","2024-01-15","23.00","184000","2026-09-08 18:29:35"
"157","110","2024-01-15","76.00","76000","2026-09-08 18:29:35"
"158","43","2024-01-15","40000.00","580000","2026-09-08 18:29:35"
"159","127","2024-01-16","160.00","560000","2026-09-08 18:29:35"
"160","246","2024-01-16","120.00","120000","2026-09-08 18:29:35"
"161","222","2024-01-16","33.00","99000","2026-09-08 18:29:35"
"162","159","2024-01-16","1000.00","31000","2026-09-08 18:29:35"
"163","76","2024-01-16","70.00","35000","2026-09-08 18:29:35"
"164","43","2024-01-17","17000.00","246500","2026-09-08 18:29:35"
"165","159","2024-01-17","3500.00","112000","2026-09-08 18:29:35"
"166","247","2024-01-17","32.00","96000","2026-09-08 18:29:35"
"167","197","2024-01-17","15.00","30000","2026-09-08 18:29:35"
"168","159","2024-01-18","11000.00","341000","2026-09-08 18:29:35"
"169","272","2024-01-18","45.00","225000","2026-09-08 18:29:35"
"170","76","2024-01-18","93.00","46500","2026-09-08 18:29:35"
"171","183","2024-01-18","74.00","37000","2026-09-08 18:29:35"
"172","135","2024-01-18","24.00","432000","2026-09-08 18:29:35"
"173","283","2024-01-18","32.00","224000","2026-09-08 18:29:35"
"174","271","2024-01-18","25.00","50000","2026-09-08 18:29:35"
"175","246","2024-01-18","42.00","42000","2026-09-08 18:29:35"
"176","127","2024-01-18","99.00","346500","2026-09-08 18:29:35"
"177","6","2024-01-18","23.00","80500","2026-09-08 18:29:35"
"178","43","2024-01-19","9000.00","130500","2026-09-08 18:29:35"
"179","246","2024-01-19","25.00","25000","2026-09-08 18:29:35"
"180","127","2024-01-19","33.00","115500","2026-09-08 18:29:35"
"181","168","2024-01-19","12.00","18000","2026-09-08 18:29:35"
"182","51","2024-01-19","10.00","70000","2026-09-08 18:29:35"
"183","133","2024-01-19","7000.00","115500","2026-09-08 18:29:35"
"184","159","2024-01-19","1250.00","40000","2026-09-08 18:29:35"
"185","235","2024-01-19","10.00","400000","2026-09-08 18:29:35"
"186","104","2024-01-19","20.00","110000","2026-09-08 18:29:35"
"187","208","2024-01-19","11.00","11000","2026-09-08 18:29:35"
"188","180","2024-01-19","22.00","77000","2026-09-08 18:29:35"
"189","180","2024-01-19","21.00","73500","2026-09-08 18:29:35"
"190","167","2024-01-20","30.00","30000","2026-09-08 18:29:35"
"191","234","2024-01-20","30.00","30000","2026-09-08 18:29:35"
"192","223","2024-01-20","48.00","24000","2026-09-08 18:29:35"
"193","246","2024-01-20","79.00","79000","2026-09-08 18:29:35"
"194","76","2024-01-20","66.00","33000","2026-09-08 18:29:35"
"195","70","2024-01-20","25.00","87500","2026-09-08 18:29:35"
"196","159","2024-01-20","11000.00","341000","2026-09-08 18:29:35"
"197","6","2024-01-20","94.00","329000","2026-09-08 18:29:35"
"198","127","2024-01-20","109.00","381500","2026-09-08 18:29:35"
"199","43","2024-01-21","25000.00","362500","2026-09-08 18:29:35"
"200","246","2024-01-21","87.00","87000","2026-09-08 18:29:35"
"201","112","2024-01-21","22.00","110000","2026-09-08 18:29:35"
"202","166","2024-01-21","19.00","38000","2026-09-08 18:29:35"
"203","19","2024-01-21","30.00","15000","2026-09-08 18:29:35"
"204","76","2024-01-21","77.00","38500","2026-09-08 18:29:35"
"205","127","2024-01-21","87.00","304500","2026-09-08 18:29:35"
"206","272","2024-01-21","29.00","145000","2026-09-08 18:29:35"
"207","82","2024-01-21","50.00","100000","2026-09-08 18:29:35"
"208","111","2024-01-21","31.00","46500","2026-09-08 18:29:35"
"209","163","2024-01-21","32.00","80000","2026-09-08 18:29:35"
"210","251","2024-01-21","27.00","27000","2026-09-08 18:29:35"
"211","155","2024-01-21","7.00","70000","2026-09-08 18:29:35"
"212","6","2024-01-21","88.00","308000","2026-09-08 18:29:35"
"213","159","2024-01-21","5000.00","155000","2026-09-08 18:29:35"
"214","136","2024-01-22","12.00","36000","2026-09-08 18:29:35"
"215","181","2024-01-22","9.00","72000","2026-09-08 18:29:35"
"216","127","2024-01-22","65.00","227500","2026-09-08 18:29:35"
"217","193","2024-01-22","22.00","11000","2026-09-08 18:29:35"
"218","246","2024-01-22","66.00","66000","2026-09-08 18:29:35"
"219","146","2024-01-22","28.00","28000","2026-09-08 18:29:35"
"220","240","2024-01-22","4.00","40000","2026-09-08 18:29:35"
"221","99","2024-01-22","12.00","108000","2026-09-08 18:29:35"
"222","176","2024-01-22","18.00","36000","2026-09-08 18:29:35"
"223","159","2024-01-22","3500.00","108500","2026-09-08 18:29:35"
"224","76","2024-01-22","30.00","15000","2026-09-08 18:29:35"
"225","51","2024-01-22","8.00","56000","2026-09-08 18:29:35"
"226","43","2024-01-22","12000.00","174000","2026-09-08 18:29:35"
"227","6","2024-01-22","43.00","150500","2026-09-08 18:29:35"
"228","227","2024-01-22","11.00","71500","2026-09-08 18:29:35"
"229","47","2024-01-22","11.00","159500","2026-09-08 18:29:35"
"230","248","2024-01-22","4.00","30000","2026-09-08 18:29:35"
"231","128","2024-01-22","12.00","30000","2026-09-08 18:29:35"
"232","37","2024-01-22","21.00","31500","2026-09-08 18:29:35"
"233","164","2024-01-23","19.00","47500","2026-09-08 18:29:35"
"234","246","2024-01-23","97.00","97000","2026-09-08 18:29:35"
"235","43","2024-01-23","9000.00","130500","2026-09-08 18:29:35"
"236","82","2024-01-24","21.00","42000","2026-09-08 18:29:35"
"237","99","2024-01-24","12.00","108000","2026-09-08 18:29:35"
"238","43","2024-01-24","8000.00","116000","2026-09-08 18:29:35"
"239","286","2024-01-24","6.00","30000","2026-09-08 18:29:35"
"240","87","2024-01-24","37.00","37000","2026-09-08 18:29:35"
"241","38","2024-01-24","18.00","36000","2026-09-08 18:29:36"
"242","119","2024-01-24","9.00","45000","2026-09-08 18:29:36"
"243","246","2024-01-24","56.00","56000","2026-09-08 18:29:36"
"244","144","2024-01-24","33.00","66000","2026-09-08 18:29:36"
"245","76","2024-01-24","54.00","27000","2026-09-08 18:29:36"
"246","291","2024-01-24","34.00","34000","2026-09-08 18:29:36"
"247","159","2024-01-25","10000.00","310000","2026-09-08 18:29:36"
"248","113","2024-01-25","13.00","26000","2026-09-08 18:29:36"
"249","144","2024-01-25","11.00","22000","2026-09-08 18:29:36"
"250","131","2024-01-25","28.00","28000","2026-09-08 18:29:36"
"251","118","2024-01-25","57.00","57000","2026-09-08 18:29:36"
"252","76","2024-01-25","56.00","28000","2026-09-08 18:29:36"
"253","253","2024-01-25","18.00","36000","2026-09-08 18:29:36"
"254","114","2024-01-25","28.00","28000","2026-09-08 18:29:36"
"255","246","2024-01-25","54.00","54000","2026-09-08 18:29:36"
"256","245","2024-01-26","22.00","88000","2026-09-08 18:29:36"
"257","113","2024-01-26","21.00","42000","2026-09-08 18:29:36"
"258","246","2024-01-26","65.00","65000","2026-09-08 18:29:36"
"259","159","2024-01-26","4500.00","139500","2026-09-08 18:29:36"
"260","163","2024-01-26","12.00","30000","2026-09-08 18:29:36"
"261","136","2024-01-26","10.00","30000","2026-09-08 18:29:36"
"262","43","2024-01-26","6000.00","87000","2026-09-08 18:29:36"
"263","115","2024-01-26","6.00","75000","2026-09-08 18:29:36"
"264","249","2024-01-26","12.00","6000","2026-09-08 18:29:36"
"265","159","2024-01-26","500.00","16000","2026-09-08 18:29:36"
"266","77","2024-01-26","16.00","32000","2026-09-08 18:29:36"
"267","71","2024-01-26","8.00","320000","2026-09-08 18:29:36"
"268","41","2024-01-26","11.00","55000","2026-09-08 18:29:36"
"269","246","2024-01-26","32.00","32000","2026-09-08 18:29:36"
"270","111","2024-01-26","16.00","24000","2026-09-08 18:29:36"
"271","43","2024-01-27","8000.00","116000","2026-09-08 18:29:36"
"272","159","2024-01-27","7000.00","217000","2026-09-08 18:29:36"
"273","242","2024-01-27","18.00","9000","2026-09-08 18:29:36"
"274","263","2024-01-27","27.00","27000","2026-09-08 18:29:36"
"275","76","2024-01-27","65.00","32500","2026-09-08 18:29:36"
"276","159","2024-01-27","5500.00","170500","2026-09-08 18:29:36"
"277","127","2024-01-27","80.00","280000","2026-09-08 18:29:36"
"278","39","2024-01-27","11.00","38500","2026-09-08 18:29:36"
"279","224","2024-01-27","15250.00","30500","2026-09-08 18:29:36"
"280","209","2024-01-27","7.00","70000","2026-09-08 18:29:36"
"281","184","2024-01-27","12.00","72000","2026-09-08 18:29:36"
"282","270","2024-01-27","11.00","66000","2026-09-08 18:29:36"
"283","6","2024-01-27","38.00","133000","2026-09-08 18:29:36"
"284","225","2024-01-27","10.00","210000","2026-09-08 18:29:36"
"285","213","2024-01-27","9000.00","234000","2026-09-08 18:29:36"
"286","52","2024-01-27","15.00","30000","2026-09-08 18:29:36"
"287","246","2024-01-28","70.00","70000","2026-09-08 18:29:36"
"288","127","2024-01-28","80.00","280000","2026-09-08 18:29:36"
"289","6","2024-01-28","70.00","245000","2026-09-08 18:29:36"
"290","43","2024-01-28","8000.00","116000","2026-09-08 18:29:36"
"291","82","2024-01-28","19.00","38000","2026-09-08 18:29:36"
"292","216","2024-01-28","9.00","63000","2026-09-08 18:29:36"
"293","286","2024-01-28","7.00","35000","2026-09-08 18:29:36"
"294","76","2024-01-28","76.00","38000","2026-09-08 18:29:36"
"295","197","2024-01-28","54.00","108000","2026-09-08 18:29:36"
"296","50","2024-01-28","43.00","129000","2026-09-08 18:29:36"
"297","136","2024-01-28","27.00","81000","2026-09-08 18:29:36"
"298","198","2024-01-28","16.00","136000","2026-09-08 18:29:36"
"299","124","2024-01-28","11.00","110000","2026-09-08 18:29:36"
"300","187","2024-01-28","7.00","84000","2026-09-08 18:29:36"
"301","189","2024-01-28","9.00","112500","2026-09-08 18:29:36"
"302","240","2024-01-28","4.00","40000","2026-09-08 18:29:36"
"303","77","2024-01-28","11.00","22000","2026-09-08 18:29:36"
"304","59","2024-01-28","1500.00","61500","2026-09-08 18:29:36"
"305","274","2024-01-28","8.00","16000","2026-09-08 18:29:36"
"306","163","2024-01-28","21.00","52500","2026-09-08 18:29:36"
"307","149","2024-01-28","8.00","64000","2026-09-08 18:29:36"
"308","102","2024-01-28","6.00","114000","2026-09-08 18:29:36"
"309","133","2024-01-28","17000.00","280500","2026-09-08 18:29:36"
"310","130","2024-01-28","6.00","93000","2026-09-08 18:29:36"
"311","35","2024-01-28","10.00","25000","2026-09-08 18:29:36"
"312","43","2024-01-29","10000.00","145000","2026-09-08 18:29:36"
"313","159","2024-01-29","3000.00","93000","2026-09-08 18:29:36"
"314","47","2024-01-29","3.00","43500","2026-09-08 18:29:36"
"315","200","2024-01-29","7.00","31500","2026-09-08 18:29:36"
"316","223","2024-01-29","24.00","12000","2026-09-08 18:29:36"
"317","214","2024-01-29","16.00","8000","2026-09-08 18:29:36"
"318","48","2024-01-29","1000.00","65000","2026-09-08 18:29:36"
"319","127","2024-01-29","41.00","143500","2026-09-08 18:29:36"
"320","67","2024-01-29","1000.00","40000","2026-09-08 18:29:36"
"321","215","2024-01-29","1000.00","60000","2026-09-08 18:29:36"
"322","76","2024-01-29","20.00","10000","2026-09-08 18:29:36"
"323","113","2024-01-29","9.00","18000","2026-09-08 18:29:36"
"324","246","2024-01-30","30.00","30000","2026-09-08 18:29:36"
"325","50","2024-01-30","11.00","33000","2026-09-08 18:29:36"
"326","204","2024-01-30","1000.00","70000","2026-09-08 18:29:36"
"327","284","2024-01-30","3.00","165000","2026-09-08 18:29:36"
"328","76","2024-01-30","5.00","2500","2026-09-08 18:29:36"
"329","159","2024-01-30","3500.00","108500","2026-09-08 18:29:36"
"330","118","2024-01-30","35.00","35000","2026-09-08 18:29:36"
"331","54","2024-01-30","7.00","14000","2026-09-08 18:29:36"
"332","9","2024-01-30","1.00","23000","2026-09-08 18:29:36"
"333","205","2024-01-30","8.00","24000","2026-09-08 18:29:36"
"334","285","2024-01-30","12.00","12000","2026-09-08 18:29:36"
"335","108","2024-01-31","5.00","95000","2026-09-08 18:29:36"
"336","246","2024-01-31","44.00","44000","2026-09-08 18:29:36"
"337","223","2024-01-31","19.00","9500","2026-09-08 18:29:36"
"338","85","2024-01-31","7.00","24500","2026-09-08 18:29:36"
"339","256","2024-01-31","6.00","60000","2026-09-08 18:29:36"
"340","198","2024-01-31","7.00","59500","2026-09-08 18:29:36"
"341","159","2024-01-31","4000.00","124000","2026-09-08 18:29:36"
"342","6","2024-01-02","54.00","189000","2026-09-08 18:29:36"
"343","127","2024-01-02","69.00","241500","2026-09-08 18:29:36"
"344","159","2024-01-02","8500.00","272000","2026-09-08 18:29:36"
"345","255","2024-01-02","15.00","15000","2026-09-08 18:29:36"
"346","229","2024-01-02","21.00","63000","2026-09-08 18:29:36"
"347","178","2024-01-02","8.00","28000","2026-09-08 18:29:36"
"348","223","2024-01-02","34.00","17000","2026-09-08 18:29:36"
"349","246","2024-01-02","34.00","34000","2026-09-08 18:29:36"
"350","17","2024-01-02","22.00","44000","2026-09-08 18:29:36"
"351","76","2024-01-02","65.00","32500","2026-09-08 18:29:36"
"352","132","2024-01-02","20.00","20000","2026-09-08 18:29:36"
"353","126","2024-01-02","20.00","10000","2026-09-08 18:29:36"
"354","150","2024-01-02","16.00","32000","2026-09-08 18:29:36"
"355","105","2024-01-02","4.00","68000","2026-09-08 18:29:36"
"356","86","2024-01-02","1000.00","50000","2026-09-08 18:29:36"
"357","40","2024-01-02","6.00","54000","2026-09-08 18:29:36"
"358","170","2024-01-02","26.00","91000","2026-09-08 18:29:36"
"359","97","2024-02-02","12.00","24000","2026-09-08 18:29:36"
"360","171","2024-02-02","20.00","20000","2026-09-08 18:29:36"
"361","250","2024-02-02","2.00","60000","2026-09-08 18:29:36"
"362","210","2024-02-02","5.00","70000","2026-09-08 18:29:36"
"363","76","2024-02-02","49.00","24500","2026-09-08 18:29:36"
"364","43","2024-02-02","11000.00","159500","2026-09-08 18:29:36"
"365","246","2024-02-02","50.00","50000","2026-09-08 18:29:36"
"366","6","2024-02-02","30.00","105000","2026-09-08 18:29:36"
"367","127","2024-02-02","51.00","178500","2026-09-08 18:29:36"
"368","114","2024-02-02","20.00","20000","2026-09-08 18:29:36"
"369","80","2024-02-02","2.00","50000","2026-09-08 18:29:36"
"370","159","2024-02-02","2500.00","77500","2026-09-08 18:29:36"
"371","211","2024-02-02","2.00","56000","2026-09-08 18:29:36"
"372","217","2024-02-02","4.00","120000","2026-09-08 18:29:36"
"373","76","2024-02-02","39.00","19500","2026-09-08 18:29:36"
"374","159","2024-03-02","4500.00","139500","2026-09-08 18:29:36"
"375","43","2024-03-02","5000.00","72500","2026-09-08 18:29:36"
"376","127","2024-03-02","80.00","280000","2026-09-08 18:29:36"
"377","81","2024-03-02","2.00","56000","2026-09-08 18:29:36"
"378","228","2024-03-02","7.00","119000","2026-09-08 18:29:36"
"379","212","2024-03-02","12.00","24000","2026-09-08 18:29:36"
"380","246","2024-03-02","88.00","88000","2026-09-08 18:29:36"
"381","61","2024-03-02","7.00","129500","2026-09-08 18:29:36"
"382","226","2024-03-02","3.00","18000","2026-09-08 18:29:36"
"383","31","2024-03-02","2.00","112000","2026-09-08 18:29:36"
"384","89","2024-03-02","2.00","80000","2026-09-08 18:29:36"
"385","56","2024-03-02","7.00","35000","2026-09-08 18:29:36"
"386","74","2024-03-02","15.00","30000","2026-09-08 18:29:36"
"387","165","2024-03-02","20.00","20000","2026-09-08 18:29:36"
"388","173","2024-03-02","12.00","24000","2026-09-08 18:29:36"
"389","139","2024-03-02","10.00","25000","2026-09-08 18:29:36"
"390","33","2024-03-02","3.00","36000","2026-09-08 18:29:36"
"391","93","2024-03-02","6.00","78000","2026-09-08 18:29:36"
"392","159","2024-04-02","15000.00","465000","2026-09-08 18:29:36"
"393","82","2024-04-02","20.00","40000","2026-09-08 18:29:36"
"394","159","2024-04-02","6000.00","186000","2026-09-08 18:29:36"
"395","196","2024-04-02","4.00","36000","2026-09-08 18:29:36"
"396","21","2024-04-02","8.00","56000","2026-09-08 18:29:36"
"397","127","2024-04-02","87.00","304500","2026-09-08 18:29:36"
"398","76","2024-04-02","126.00","63000","2026-09-08 18:29:36"
"399","247","2024-04-02","87.00","261000","2026-09-08 18:29:36"
"400","255","2024-04-02","50.00","50000","2026-09-08 18:29:36"
"401","46","2024-04-02","17.00","51000","2026-09-08 18:29:36"
"402","238","2024-06-02","36.00","18000","2026-09-08 18:29:36"
"403","181","2024-06-02","7.00","56000","2026-09-08 18:29:36"
"404","133","2024-06-02","4500.00","76500","2026-09-08 18:29:36"
"405","76","2024-06-02","65.00","32500","2026-09-08 18:29:36"
"406","127","2024-06-02","54.00","189000","2026-09-08 18:29:36"
"407","246","2024-06-02","34.00","34000","2026-09-08 18:29:36"
"408","50","2024-06-02","15.00","45000","2026-09-08 18:29:36"
"409","159","2024-07-02","5000.00","155000","2026-09-08 18:29:36"
"410","43","2024-07-02","9000.00","130500","2026-09-08 18:29:36"
"411","246","2024-07-02","23.00","23000","2026-09-08 18:29:36"
"412","76","2024-07-02","34.00","17000","2026-09-08 18:29:36"
"413","272","2024-07-02","8.00","40000","2026-09-08 18:29:36"
"414","49","2024-07-02","17.00","34000","2026-09-08 18:29:36"
"415","159","2024-07-02","1250.00","40000","2026-09-08 18:29:36"
"416","123","2024-07-02","5.00","32500","2026-09-08 18:29:36"
"417","291","2024-07-02","20.00","20000","2026-09-08 18:29:36"
"418","198","2024-07-02","6.00","51000","2026-09-08 18:29:36"
"419","136","2024-07-02","10.00","30000","2026-09-08 18:29:36"
"420","286","2024-07-02","11.00","55000","2026-09-08 18:29:36"
"421","144","2024-07-02","19.00","38000","2026-09-08 18:29:36"
"422","239","2024-07-02","26.00","26000","2026-09-08 18:29:36"
"423","82","2024-08-02","19.00","38000","2026-09-08 18:29:36"
"424","6","2024-08-02","38.00","133000","2026-09-08 18:29:36"
"425","141","2024-08-02","12.00","60000","2026-09-08 18:29:36"
"426","27","2024-08-02","11.00","33000","2026-09-08 18:29:36"
"427","43","2024-08-02","6000.00","87000","2026-09-08 18:29:36"
"428","127","2024-08-02","46.00","161000","2026-09-08 18:29:36"
"429","159","2024-08-02","1750.00","56000","2026-09-08 18:29:36"
"430","223","2024-08-02","17.00","8500","2026-09-08 18:29:36"
"431","251","2024-08-02","30.00","30000","2026-09-08 18:29:36"
"432","77","2024-08-02","9.00","18000","2026-09-08 18:29:36"
"433","245","2024-08-02","10.00","40000","2026-09-08 18:29:36"
"434","85","2024-08-02","9.00","31500","2026-09-08 18:29:36"
"435","43","2024-09-02","14000.00","203000","2026-09-08 18:29:36"
"436","47","2024-09-02","5.00","72500","2026-09-08 18:29:36"
"437","159","2024-09-02","5000.00","155000","2026-09-08 18:29:36"
"438","246","2024-09-02","57.00","57000","2026-09-08 18:29:36"
"439","77","2024-09-02","20.00","40000","2026-09-08 18:29:36"
"440","239","2024-09-02","19.00","19000","2026-09-08 18:29:36"
"441","223","2024-09-02","36.00","18000","2026-09-08 18:29:36"
"442","133","2024-09-02","6000.00","99000","2026-09-08 18:29:36"
"443","76","2024-09-02","120.00","60000","2026-09-08 18:29:36"
"444","163","2024-09-02","10.00","25000","2026-09-08 18:29:36"
"445","273","2024-09-02","10.00","85000","2026-09-08 18:29:36"
"446","111","2024-09-02","18.00","27000","2026-09-08 18:29:36"
"447","82","2024-09-02","9.00","18000","2026-09-08 18:29:36"
"448","227","2024-09-02","9.00","58500","2026-09-08 18:29:36"
"449","65","2024-09-02","19.00","123500","2026-09-08 18:29:36"
"450","286","2024-09-02","7.00","35000","2026-09-08 18:29:36"
"451","87","2024-09-02","28.00","28000","2026-09-08 18:29:36"
"452","119","2024-09-02","4.00","20000","2026-09-08 18:29:36"
"453","155","2024-10-02","6.00","60000","2026-09-08 18:29:36"
"454","146","2024-10-02","18.00","18000","2026-09-08 18:29:36"
"455","83","2024-10-02","9.00","40500","2026-09-08 18:29:36"
"456","43","2024-10-02","4000.00","58000","2026-09-08 18:29:36"
"457","246","2024-10-02","30.00","30000","2026-09-08 18:29:36"
"458","51","2024-10-02","4.00","28000","2026-09-08 18:29:36"
"459","177","2024-10-02","10.00","5000","2026-09-08 18:29:36"
"460","76","2024-10-02","41.00","20500","2026-09-08 18:29:36"
"461","38","2024-10-02","21.00","42000","2026-09-08 18:29:36"
"462","64","2024-10-02","2000.00","60000","2026-09-08 18:29:36"
"463","241","2024-10-02","30.00","45000","2026-09-08 18:29:36"
"464","113","2024-10-02","10.00","20000","2026-09-08 18:29:36"
"465","42","2024-11-02","6.00","21000","2026-09-08 18:29:36"
"466","246","2024-11-02","20.00","20000","2026-09-08 18:29:36"
"467","43","2024-11-02","5000.00","72500","2026-09-08 18:29:36"
"468","35","2024-11-02","10.00","25000","2026-09-08 18:29:36"
"469","223","2024-11-02","21.00","10500","2026-09-08 18:29:36"
"470","198","2024-11-02","11.00","93500","2026-09-08 18:29:36"
"471","39","2024-11-02","9.00","31500","2026-09-08 18:29:36"
"472","232","2024-11-02","8.00","28000","2026-09-08 18:29:36"
"473","251","2024-11-02","33.00","33000","2026-09-08 18:29:36"
"474","57","2024-11-02","1250.00","25000","2026-09-08 18:29:36"
"475","76","2024-11-02","45.00","22500","2026-09-08 18:29:36"
"476","156","2024-11-02","4.00","52000","2026-09-08 18:29:36"
"477","159","2024-11-02","1250.00","40000","2026-09-08 18:29:36"
"478","127","2024-11-02","48.00","168000","2026-09-08 18:29:36"
"479","184","2024-12-02","11.00","66000","2026-09-08 18:29:36"
"480","76","2024-12-02","48.00","24000","2026-09-08 18:29:36"
"481","224","2024-12-02","8250.00","16500","2026-09-08 18:29:36"
"482","234","2024-12-02","21.00","21000","2026-09-08 18:29:36"
"483","111","2024-12-02","32.00","48000","2026-09-08 18:29:36"
"484","163","2024-12-02","22.00","55000","2026-09-08 18:29:36"
"485","43","2024-12-02","11000.00","159500","2026-09-08 18:29:36"
"486","278","2024-12-02","5.00","95000","2026-09-08 18:29:36"
"487","133","2024-12-02","8000.00","132000","2026-09-08 18:29:36"
"488","35","2024-12-02","23.00","57500","2026-09-08 18:29:36"
"489","251","2024-12-02","37.00","37000","2026-09-08 18:29:36"
"490","77","2024-12-02","11.00","22000","2026-09-08 18:29:36"
"491","12","2024-12-02","6.00","42000","2026-09-08 18:29:36"
"492","227","2024-12-02","8.00","52000","2026-09-08 18:29:36"
"493","245","2024-12-02","11.00","44000","2026-09-08 18:29:36"
"494","209","2024-12-02","5.00","50000","2026-09-08 18:29:36"
"495","76","2024-02-13","46.00","23000","2026-09-08 18:29:36"
"496","127","2024-02-13","50.00","175000","2026-09-08 18:29:36"
"497","122","2024-02-13","22.00","22000","2026-09-08 18:29:36"
"498","146","2024-02-13","21.00","21000","2026-09-08 18:29:36"
"499","227","2024-02-13","13.00","84500","2026-09-08 18:29:36"
"500","234","2024-02-13","13.00","13000","2026-09-08 18:29:36"
"501","246","2024-02-13","39.00","39000","2026-09-08 18:29:36"
"502","45","2024-02-14","30.00","60000","2026-09-08 18:29:36"
"503","122","2024-02-14","5.00","5000","2026-09-08 18:29:36"
"504","159","2024-02-14","11000.00","341000","2026-09-08 18:29:36"
"505","159","2024-02-14","10000.00","310000","2026-09-08 18:29:36"
"506","141","2024-02-14","10.00","50000","2026-09-08 18:29:36"
"507","198","2024-02-14","7.00","59500","2026-09-08 18:29:36"
"508","127","2024-02-14","51.00","178500","2026-09-08 18:29:36"
"509","76","2024-05-15","48.00","24000","2026-09-08 18:29:36"
"510","234","2024-05-15","17.00","17000","2026-09-08 18:29:36"
"511","238","2024-05-15","34.00","17000","2026-09-08 18:29:36"
"512","246","2024-05-15","37.00","37000","2026-09-08 18:29:36"
"513","127","2024-05-15","51.00","178500","2026-09-08 18:29:36"
"514","227","2024-05-15","10.00","65000","2026-09-08 18:29:36"
"515","111","2024-05-15","18.00","27000","2026-09-08 18:29:36"
"516","246","2024-02-16","39.00","39000","2026-09-08 18:29:36"
"517","35","2024-02-16","27.00","67500","2026-09-08 18:29:36"
"518","223","2024-02-16","33.00","16500","2026-09-08 18:29:36"
"519","227","2024-02-16","15.00","97500","2026-09-08 18:29:36"
"520","234","2024-02-16","12.00","12000","2026-09-08 18:29:36"
"521","136","2024-02-16","22.00","66000","2026-09-08 18:29:36"
"522","144","2024-02-16","15.00","30000","2026-09-08 18:29:36"
"523","87","2024-02-16","24.00","24000","2026-09-08 18:29:36"
"524","82","2024-02-16","21.00","42000","2026-09-08 18:29:36"
"525","76","2024-02-16","66.00","33000","2026-09-08 18:29:36"
"526","127","2024-02-16","39.00","136500","2026-09-08 18:29:36"
"527","159","2024-02-16","9000.00","279000","2026-09-08 18:29:36"
"528","37","2024-02-16","12.00","18000","2026-09-08 18:29:36"
"529","122","2024-02-16","16.00","16000","2026-09-08 18:29:36"
"530","51","2024-02-16","10.00","70000","2026-09-08 18:29:36"
"531","255","2024-02-16","19.00","19000","2026-09-08 18:29:36"
"532","118","2024-02-16","22.00","22000","2026-09-08 18:29:36"
"533","119","2024-02-16","6.00","30000","2026-09-08 18:29:36"
"534","160","2024-02-16","8.00","52000","2026-09-08 18:29:36"
"535","3","2024-02-16","13.00","32500","2026-09-08 18:29:36"
"536","38","2024-02-16","28.00","56000","2026-09-08 18:29:36"
"537","159","2024-02-17","15000.00","465000","2026-09-08 18:29:36"
"538","159","2024-02-17","8500.00","263500","2026-09-08 18:29:36"
"539","11","2024-02-17","2250.00","76500","2026-09-08 18:29:36"
"540","64","2024-02-17","5000.00","150000","2026-09-08 18:29:36"
"541","176","2024-02-17","18.00","36000","2026-09-08 18:29:36"
"542","119","2024-02-17","20.00","100000","2026-09-08 18:29:36"
"543","76","2024-02-17","98.00","49000","2026-09-08 18:29:36"
"544","253","2024-02-17","17.00","34000","2026-09-08 18:29:36"
"545","37","2024-02-17","30.00","45000","2026-09-08 18:29:36"
"546","127","2024-02-18","76.00","266000","2026-09-08 18:29:36"
"547","223","2024-02-18","38.00","19000","2026-09-08 18:29:36"
"548","114","2024-02-18","40.00","40000","2026-09-08 18:29:36"
"549","87","2024-02-18","30.00","30000","2026-09-08 18:29:36"
"550","122","2024-02-18","39.00","39000","2026-09-08 18:29:36"
"551","118","2024-02-18","40.00","40000","2026-09-08 18:29:36"
"552","76","2024-02-18","131.00","65500","2026-09-08 18:29:36"
"553","133","2024-02-18","20000.00","330000","2026-09-08 18:29:36"
"554","163","2024-02-18","19.00","47500","2026-09-08 18:29:36"
"555","82","2024-02-18","20.00","40000","2026-09-08 18:29:36"
"556","113","2024-02-18","11.00","22000","2026-09-08 18:29:36"
"557","119","2024-02-19","8.00","40000","2026-09-08 18:29:36"
"558","15","2024-02-19","4500.00","90000","2026-09-08 18:29:36"
"559","47","2024-02-19","11.00","159500","2026-09-08 18:29:36"
"560","223","2024-02-19","21.00","10500","2026-09-08 18:29:36"
"561","159","2024-02-19","6500.00","201500","2026-09-08 18:29:36"
"562","13","2024-02-19","17.00","34000","2026-09-08 18:29:36"
"563","122","2024-02-19","20.00","20000","2026-09-08 18:29:36"
"564","76","2024-02-19","56.00","28000","2026-09-08 18:29:36"
"565","141","2024-02-19","31.00","155000","2026-09-08 18:29:36"
"566","42","2024-02-19","12.00","42000","2026-09-08 18:29:36"
"567","11","2024-02-19","2000.00","68000","2026-09-08 18:29:36"
"568","249","2024-02-19","37.00","18500","2026-09-08 18:29:36"
"569","3","2024-02-19","32.00","80000","2026-09-08 18:29:36"
"570","51","2024-02-19","8.00","56000","2026-09-08 18:29:36"
"571","115","2024-02-19","11.00","137500","2026-09-08 18:29:36"
"572","37","2024-02-19","20.00","30000","2026-09-08 18:29:36"
"573","241","2024-02-19","12.00","18000","2026-09-08 18:29:36"
"574","71","2024-02-19","7.00","280000","2026-09-08 18:29:36"
"575","198","2024-02-19","10.00","85000","2026-09-08 18:29:36"
"576","176","2024-02-19","19.00","38000","2026-09-08 18:29:36"
"577","163","2024-02-19","9.00","22500","2026-09-08 18:29:36"
"578","246","2024-02-19","25.00","25000","2026-09-08 18:29:36"
"579","228","2024-02-19","9.00","153000","2026-09-08 18:29:36"
"580","118","2024-02-20","22.00","22000","2026-09-08 18:29:36"
"581","242","2024-02-20","29.00","14500","2026-09-08 18:29:36"
"582","159","2024-02-20","5500.00","170500","2026-09-08 18:29:36"
"583","159","2024-02-20","12000.00","372000","2026-09-08 18:29:36"
"584","266","2024-02-20","27.00","67500","2026-09-08 18:29:36"
"585","265","2024-02-20","9.00","27000","2026-09-08 18:29:36"
"586","43","2024-02-20","15000.00","217500","2026-09-08 18:29:36"
"587","127","2024-02-20","48.00","168000","2026-09-08 18:29:36"
"588","251","2024-02-20","30.00","30000","2026-09-08 18:29:36"
"589","291","2024-02-20","31.00","31000","2026-09-08 18:29:36"
"590","122","2024-02-20","19.00","19000","2026-09-08 18:29:36"
"591","133","2024-02-20","9000.00","148500","2026-09-08 18:29:36"
"592","159","2024-02-21","6000.00","186000","2026-09-08 18:29:36"
"593","111","2024-02-21","20.00","30000","2026-09-08 18:29:36"
"594","37","2024-02-21","18.00","27000","2026-09-08 18:29:36"
"595","43","2024-02-21","10000.00","145000","2026-09-08 18:29:36"
"596","251","2024-02-21","34.00","34000","2026-09-08 18:29:36"
"597","265","2024-02-21","12.00","36000","2026-09-08 18:29:36"
"598","246","2024-02-21","30.00","30000","2026-09-08 18:29:36"
"599","76","2024-02-21","44.00","22000","2026-09-08 18:29:36"
"600","127","2024-02-22","39.00","136500","2026-09-08 18:29:36"
"601","76","2024-02-22","39.00","19500","2026-09-08 18:29:36"
"602","47","2024-02-22","9.00","130500","2026-09-08 18:29:36"
"603","12","2024-02-22","11.00","77000","2026-09-08 18:29:36"
"604","6","2024-02-22","36.00","126000","2026-09-08 18:29:36"
"605","144","2024-02-22","20.00","40000","2026-09-08 18:29:36"
"606","282","2024-02-22","31.00","62000","2026-09-08 18:29:36"
"607","197","2024-02-22","26.00","52000","2026-09-08 18:29:36"
"608","159","2024-02-22","2250.00","72000","2026-09-08 18:29:36"
"609","35","2024-02-22","10.00","25000","2026-09-08 18:29:36"
"610","245","2024-02-22","10.00","40000","2026-09-08 18:29:36"
"611","70","2024-02-22","9.00","31500","2026-09-08 18:29:36"
"612","193","2024-02-22","22.00","11000","2026-09-08 18:29:36"
"613","159","2024-02-22","4000.00","124000","2026-09-08 18:29:36"
"614","133","2024-02-22","8000.00","132000","2026-09-08 18:29:36"
"615","43","2024-02-22","5000.00","72500","2026-09-08 18:29:36"
"616","286","2024-02-22","8.00","40000","2026-09-08 18:29:36"
"617","176","2024-02-22","15.00","30000","2026-09-08 18:29:36"
"618","282","2024-02-22","17.00","34000","2026-09-08 18:29:36"
"619","39","2024-02-23","11.00","38500","2026-09-08 18:29:36"
"620","111","2024-02-23","20.00","30000","2026-09-08 18:29:36"
"621","11","2024-02-23","2250.00","76500","2026-09-08 18:29:36"
"622","64","2024-02-23","3000.00","90000","2026-09-08 18:29:36"
"623","50","2024-02-23","20.00","60000","2026-09-08 18:29:36"
"624","136","2024-02-23","20.00","60000","2026-09-08 18:29:36"
"625","159","2024-02-24","9500.00","294500","2026-09-08 18:29:36"
"626","57","2024-02-24","20000.00","380000","2026-09-08 18:29:36"
"627","47","2024-02-24","11.00","159500","2026-09-08 18:29:36"
"628","232","2024-02-24","13.00","45500","2026-09-08 18:29:36"
"629","194","2024-02-24","10.00","20000","2026-09-08 18:29:36"
"630","251","2024-02-24","20.00","20000","2026-09-08 18:29:36"
"631","127","2024-02-24","47.00","164500","2026-09-08 18:29:36"
"632","133","2024-02-24","10000.00","165000","2026-09-08 18:29:36"
"633","246","2024-02-25","40.00","40000","2026-09-08 18:29:36"
"634","122","2024-02-25","20.00","20000","2026-09-08 18:29:36"
"635","147","2024-02-25","59.00","29500","2026-09-08 18:29:36"
"636","197","2024-02-25","19.00","38000","2026-09-08 18:29:36"
"637","159","2024-02-25","5500.00","170500","2026-09-08 18:29:36"
"638","76","2024-02-25","68.00","34000","2026-09-08 18:29:36"
"639","35","2024-02-25","18.00","45000","2026-09-08 18:29:36"
"640","180","2024-02-25","10.00","35000","2026-09-08 18:29:36"
"641","43","2024-02-25","20000.00","290000","2026-09-08 18:29:36"
"642","197","2024-02-26","10.00","20000","2026-09-08 18:29:36"
"643","76","2024-02-26","37.00","18500","2026-09-08 18:29:36"
"644","249","2024-02-26","10.00","5000","2026-09-08 18:29:36"
"645","239","2024-02-26","34.00","34000","2026-09-08 18:29:36"
"646","252","2024-02-26","30.00","15000","2026-09-08 18:29:36"
"647","35","2024-02-26","36.00","90000","2026-09-08 18:29:36"
"648","47","2024-02-26","11.00","159500","2026-09-08 18:29:36"
"649","246","2024-02-26","33.00","33000","2026-09-08 18:29:36"
"650","180","2024-02-26","9.00","31500","2026-09-08 18:29:36"
"651","133","2024-02-26","7000.00","115500","2026-09-08 18:29:36"
"652","266","2024-02-26","12.00","30000","2026-09-08 18:29:36"
"653","76","2024-02-26","45.00","22500","2026-09-08 18:29:36"
"654","144","2024-02-26","5.00","10000","2026-09-08 18:29:36"
"655","127","2024-02-26","47.00","164500","2026-09-08 18:29:36"
"656","195","2024-02-27","12000.00","84000","2026-09-08 18:29:36"
"657","156","2024-02-27","8.00","104000","2026-09-08 18:29:36"
"658","224","2024-02-27","4500.00","117000","2026-09-08 18:29:36"
"659","209","2024-02-27","10.00","100000","2026-09-08 18:29:36"
"660","127","2024-02-27","58.00","203000","2026-09-08 18:29:36"
"661","35","2024-02-27","28.00","70000","2026-09-08 18:29:36"
"662","76","2024-02-27","48.00","24000","2026-09-08 18:29:36"
"663","291","2024-02-27","16.00","16000","2026-09-08 18:29:36"
"664","118","2024-02-27","24.00","24000","2026-09-08 18:29:36"
"665","159","2024-02-27","5000.00","155000","2026-09-08 18:29:36"
"666","57","2024-02-27","2500.00","50000","2026-09-08 18:29:36"
"667","152","2024-02-27","11.00","55000","2026-09-08 18:29:36"
"668","163","2024-02-27","40.00","100000","2026-09-08 18:29:36"
"669","246","2024-02-27","34.00","34000","2026-09-08 18:29:36"
"670","16","2024-02-27","15.00","37500","2026-09-08 18:29:36"
"671","224","2024-02-27","5000.00","10000","2026-09-08 18:29:36"
"672","19","2024-02-27","20.00","10000","2026-09-08 18:29:36"
"673","16","2024-02-28","11.00","27500","2026-09-08 18:29:36"
"674","224","2024-02-28","7500.00","15000","2026-09-08 18:29:36"
"675","76","2024-02-28","49.00","24500","2026-09-08 18:29:36"
"676","50","2024-02-28","11.00","33000","2026-09-08 18:29:36"
"677","169","2024-02-28","11.00","121000","2026-09-08 18:29:36"
"678","234","2024-02-28","15.00","15000","2026-09-08 18:29:36"
"679","283","2024-02-28","10.00","70000","2026-09-08 18:29:36"
"680","130","2024-02-28","9.00","139500","2026-09-08 18:29:36"
"681","266","2024-02-28","11.00","27500","2026-09-08 18:29:36"
"682","159","2024-02-28","4500.00","139500","2026-09-08 18:29:36"
"683","197","2024-02-28","12.00","24000","2026-09-08 18:29:36"
"684","35","2024-02-28","12.00","30000","2026-09-08 18:29:36"
"685","282","2024-02-28","21.00","42000","2026-09-08 18:29:36"
"686","279","2024-02-28","19.00","66500","2026-09-08 18:29:36"
"687","127","2024-02-28","34.00","119000","2026-09-08 18:29:36"
"688","159","2024-02-29","4500.00","139500","2026-09-08 18:29:36"
"689","246","2024-02-29","55.00","55000","2026-09-08 18:29:36"
"690","252","2024-02-29","30.00","15000","2026-09-08 18:29:36"
"691","160","2024-02-29","21.00","136500","2026-09-08 18:29:36"
"692","224","2024-02-29","4500.00","9000","2026-09-08 18:29:36"
"693","209","2024-02-29","10.00","100000","2026-09-08 18:29:36"
"694","193","2024-02-29","22.00","11000","2026-09-08 18:29:36"
"695","133","2024-02-29","9000.00","148500","2026-09-08 18:29:36"
"696","43","2024-02-29","10000.00","145000","2026-09-08 18:29:36"
"697","12","2024-02-29","8.00","56000","2026-09-08 18:29:36"
"698","47","2024-01-03","6.00","87000","2026-09-08 18:29:36"
"699","43","2024-01-03","12000.00","174000","2026-09-08 18:29:36"
"700","127","2024-01-03","52.00","182000","2026-09-08 18:29:36"
"701","11","2024-01-03","2000.00","68000","2026-09-08 18:29:36"
"702","282","2024-01-03","20.00","40000","2026-09-08 18:29:36"
"703","136","2024-01-03","11.00","33000","2026-09-08 18:29:36"
"704","13","2024-01-03","22.00","44000","2026-09-08 18:29:36"
"705","291","2024-01-03","30.00","30000","2026-09-08 18:29:36"
"706","76","2024-01-03","62.00","31000","2026-09-08 18:29:36"
"707","87","2024-01-03","28.00","28000","2026-09-08 18:29:36"
"708","242","2024-01-03","32.00","16000","2026-09-08 18:29:36"
"709","159","2024-01-03","7500.00","232500","2026-09-08 18:29:36"
"710","133","2024-01-03","15000.00","247500","2026-09-08 18:29:36"
"711","194","2024-01-03","10.00","20000","2026-09-08 18:29:36"
"712","253","2024-01-03","20.00","40000","2026-09-08 18:29:36"
"713","241","2024-02-03","40.00","60000","2026-09-08 18:29:36"
"714","43","2024-02-03","22000.00","319000","2026-09-08 18:29:36"
"715","159","2024-02-03","8000.00","248000","2026-09-08 18:29:36"
"716","243","2024-02-03","10.00","60000","2026-09-08 18:29:36"
"717","246","2024-02-03","68.00","68000","2026-09-08 18:29:36"
"718","282","2024-02-03","40.00","80000","2026-09-08 18:29:36"
"719","11","2024-02-03","3750.00","127500","2026-09-08 18:29:36"
"720","119","2024-02-03","15.00","75000","2026-09-08 18:29:36"
"721","76","2024-02-03","70.00","35000","2026-09-08 18:29:36"
"722","224","2024-02-03","16500.00","33000","2026-09-08 18:29:36"
"723","286","2024-02-03","9.00","45000","2026-09-08 18:29:36"
"724","253","2024-02-03","19.00","38000","2026-09-08 18:29:36"
"725","225","2024-02-03","5.00","105000","2026-09-08 18:29:36"
"726","159","2024-03-03","10000.00","310000","2026-09-08 18:29:36"
"727","141","2024-03-03","19.00","95000","2026-09-08 18:29:36"
"728","43","2024-03-03","21000.00","304500","2026-09-08 18:29:36"
"729","224","2024-03-03","3250.00","6500","2026-09-08 18:29:36"
"730","87","2024-03-03","30.00","30000","2026-09-08 18:29:36"
"731","76","2024-03-03","78.00","39000","2026-09-08 18:29:36"
"732","249","2024-03-03","77.00","38500","2026-09-08 18:29:36"
"733","127","2024-03-03","80.00","280000","2026-09-08 18:29:36"
"734","246","2024-03-03","42.00","42000","2026-09-08 18:29:36"
"735","65","2024-03-03","10.00","65000","2026-09-08 18:29:36"
"736","286","2024-03-03","11.00","55000","2026-09-08 18:29:36"
"737","11","2024-03-03","3750.00","127500","2026-09-08 18:29:36"
"738","159","2024-03-03","4750.00","152000","2026-09-08 18:29:36"
"739","111","2024-04-03","21.00","31500","2026-09-08 18:29:36"
"740","159","2024-04-03","5000.00","155000","2026-09-08 18:29:36"
"741","249","2024-04-03","39.00","19500","2026-09-08 18:29:36"
"742","87","2024-04-03","27.00","27000","2026-09-08 18:29:36"
"743","253","2024-04-03","29.00","58000","2026-09-08 18:29:36"
"744","13","2024-04-03","19.00","38000","2026-09-08 18:29:36"
"745","224","2024-04-03","10000.00","20000","2026-09-08 18:29:36"
"746","246","2024-04-03","66.00","66000","2026-09-08 18:29:36"
"747","127","2024-04-03","49.00","171500","2026-09-08 18:29:36"
"748","114","2024-04-03","50.00","50000","2026-09-08 18:29:36"
"749","82","2024-05-03","29.00","58000","2026-09-08 18:29:36"
"750","246","2024-05-03","52.00","52000","2026-09-08 18:29:36"
"751","159","2024-05-03","6500.00","201500","2026-09-08 18:29:36"
"752","198","2024-05-03","9.00","76500","2026-09-08 18:29:36"
"753","50","2024-05-03","11.00","33000","2026-09-08 18:29:36"
"754","234","2024-05-03","10.00","10000","2026-09-08 18:29:36"
"755","66","2024-05-03","40.00","20000","2026-09-08 18:29:36"
"756","122","2024-05-03","39.00","39000","2026-09-08 18:29:36"
"757","91","2024-05-03","38.00","38000","2026-09-08 18:29:36"
"758","76","2024-05-03","44.00","22000","2026-09-08 18:29:36"
"759","251","2024-05-03","38.00","38000","2026-09-08 18:29:36"
"760","159","2024-06-03","8000.00","248000","2026-09-08 18:29:36"
"761","144","2024-06-03","26.00","52000","2026-09-08 18:29:36"
"762","133","2024-06-03","18000.00","297000","2026-09-08 18:29:36"
"763","35","2024-06-03","15.00","37500","2026-09-08 18:29:36"
"764","246","2024-06-03","45.00","45000","2026-09-08 18:29:36"
"765","39","2024-06-03","10.00","35000","2026-09-08 18:29:36"
"766","51","2024-06-03","17.00","119000","2026-09-08 18:29:36"
"767","134","2024-06-03","20.00","120000","2026-09-08 18:29:36"
"768","118","2024-06-03","32.00","32000","2026-09-08 18:29:36"
"769","223","2024-06-03","39.00","19500","2026-09-08 18:29:36"
"770","3","2024-06-03","20.00","50000","2026-09-08 18:29:36"
"771","176","2024-06-03","33.00","66000","2026-09-08 18:29:36"
"772","43","2024-06-03","10000.00","145000","2026-09-08 18:29:36"
"773","209","2024-06-03","18.00","180000","2026-09-08 18:29:36"
"774","38","2024-07-03","31.00","62000","2026-09-08 18:29:36"
"775","92","2024-07-03","20.00","30000","2026-09-08 18:29:36"
"776","224","2024-07-03","7250.00","14500","2026-09-08 18:29:36"
"777","146","2024-07-03","43.00","43000","2026-09-08 18:29:36"
"778","76","2024-07-03","32.00","16000","2026-09-08 18:29:36"
"779","111","2024-07-03","13.00","19500","2026-09-08 18:29:36"
"780","198","2024-07-03","9.00","76500","2026-09-08 18:29:36"
"781","223","2024-07-03","37.00","18500","2026-09-08 18:29:36"
"782","43","2024-07-03","17000.00","246500","2026-09-08 18:29:36"
"783","71","2024-07-03","8.00","320000","2026-09-08 18:29:36"
"784","133","2024-07-03","10000.00","165000","2026-09-08 18:29:36"
"785","209","2024-07-03","33.00","330000","2026-09-08 18:29:36"
"786","246","2024-07-03","36.00","36000","2026-09-08 18:29:36"
"787","78","2024-08-03","17.00","59500","2026-09-08 18:29:36"
"788","279","2024-08-03","18.00","63000","2026-09-08 18:29:36"
"789","224","2024-08-03","7750.00","15500","2026-09-08 18:29:36"
"790","127","2024-08-03","47.00","164500","2026-09-08 18:29:36"
"791","6","2024-08-03","44.00","154000","2026-09-08 18:29:36"
"792","76","2024-08-03","60.00","30000","2026-09-08 18:29:36"
"793","249","2024-08-03","29.00","14500","2026-09-08 18:29:36"
"794","43","2024-09-03","28000.00","406000","2026-09-08 18:29:36"
"795","47","2024-09-03","19.00","275500","2026-09-08 18:29:36"
"796","127","2024-09-03","57.00","199500","2026-09-08 18:29:36"
"797","107","2024-09-03","52.00","52000","2026-09-08 18:29:36"
"798","87","2024-09-03","29.00","29000","2026-09-08 18:29:36"
"799","193","2024-10-03","52.00","26000","2026-09-08 18:29:36"
"800","246","2024-10-03","50.00","50000","2026-09-08 18:29:36"
"801","282","2024-10-03","38.00","76000","2026-09-08 18:29:36"
"802","76","2024-10-03","56.00","28000","2026-09-08 18:29:36"
"803","224","2024-10-03","11750.00","23500","2026-09-08 18:29:36"
"804","246","2024-11-03","49.00","49000","2026-09-08 18:29:36"
"805","133","2024-11-03","4000.00","68000","2026-09-08 18:29:36"
"806","11","2024-11-03","2250.00","76500","2026-09-08 18:29:36"
"807","239","2024-11-03","33.00","33000","2026-09-08 18:29:36"
"808","159","2024-11-03","17000.00","527000","2026-09-08 18:29:36"
"809","159","2024-11-03","10500.00","325500","2026-09-08 18:29:36"
"810","122","2024-11-03","40.00","40000","2026-09-08 18:29:36"
"811","90","2024-11-03","31.00","31000","2026-09-08 18:29:36"
"812","224","2024-11-03","8750.00","17500","2026-09-08 18:29:36"
"813","279","2024-11-03","19.00","66500","2026-09-08 18:29:36"
"814","134","2024-11-03","11.00","66000","2026-09-08 18:29:36"
"815","146","2024-11-03","32.00","32000","2026-09-08 18:29:36"
"816","111","2024-12-03","21.00","31500","2026-09-08 18:29:36"
"817","118","2024-12-03","30.00","30000","2026-09-08 18:29:36"
"818","71","2024-12-03","11.00","440000","2026-09-08 18:29:36"
"819","43","2024-12-03","19000.00","275500","2026-09-08 18:29:36"
"820","133","2024-12-03","11000.00","181500","2026-09-08 18:29:36"
"821","76","2024-12-03","23.00","11500","2026-09-08 18:29:36"
"822","159","2024-03-13","9000.00","279000","2026-09-08 18:29:36"
"823","223","2024-03-13","39.00","19500","2026-09-08 18:29:36"
"824","50","2024-03-13","29.00","87000","2026-09-08 18:29:36"
"825","136","2024-03-13","22.00","66000","2026-09-08 18:29:36"
"826","70","2024-03-13","18.00","63000","2026-09-08 18:29:36"
"827","47","2024-03-13","11.00","159500","2026-09-08 18:29:36"
"828","146","2024-03-13","38.00","38000","2026-09-08 18:29:36"
"829","133","2024-03-13","12000.00","198000","2026-09-08 18:29:36"
"830","12","2024-03-14","11.00","77000","2026-09-08 18:29:36"
"831","50","2024-03-14","15.00","45000","2026-09-08 18:29:36"
"832","66","2024-03-14","38.00","19000","2026-09-08 18:29:36"
"833","35","2024-03-14","22.00","55000","2026-09-08 18:29:36"
"834","234","2024-03-14","19.00","19000","2026-09-08 18:29:36"
"835","6","2024-03-14","39.00","136500","2026-09-08 18:29:36"
"836","223","2024-03-14","30.00","15000","2026-09-08 18:29:36"
"837","197","2024-03-14","18.00","36000","2026-09-08 18:29:36"
"838","213","2024-03-14","3000.00","78000","2026-09-08 18:29:36"
"839","213","2024-03-14","3500.00","273000","2026-09-08 18:29:36"
"840","47","2024-03-14","10.00","145000","2026-09-08 18:29:36"
"841","159","2024-03-14","9000.00","279000","2026-09-08 18:29:36"
"842","240","2024-03-14","24.00","240000","2026-09-08 18:29:36"
"843","27","2024-03-14","10.00","30000","2026-09-08 18:29:36"
"844","141","2024-03-14","18.00","90000","2026-09-08 18:29:36"
"845","76","2024-03-14","34.00","17000","2026-09-08 18:29:36"
"846","133","2024-03-14","10000.00","165000","2026-09-08 18:29:36"
"847","43","2024-03-14","14000.00","203000","2026-09-08 18:29:36"
"848","13","2024-03-14","18.00","36000","2026-09-08 18:29:36"
"849","38","2024-03-15","19.00","38000","2026-09-08 18:29:36"
"850","111","2024-03-15","22.00","33000","2026-09-08 18:29:36"
"851","159","2024-03-15","7000.00","217000","2026-09-08 18:29:36"
"852","159","2024-03-15","2500.00","80000","2026-09-08 18:29:36"
"853","213","2024-03-15","8000.00","208000","2026-09-08 18:29:36"
"854","12","2024-03-15","10.00","70000","2026-09-08 18:29:36"
"855","8","2024-03-15","11.00","66000","2026-09-08 18:29:36"
"856","35","2024-03-15","20.00","50000","2026-09-08 18:29:36"
"857","213","2024-03-16","5000.00","390000","2026-09-08 18:29:36"
"858","113","2024-03-16","30.00","60000","2026-09-08 18:29:36"
"859","14","2024-03-16","10.00","210000","2026-09-08 18:29:36"
"860","246","2024-03-16","56.00","56000","2026-09-08 18:29:36"
"861","43","2024-03-17","17000.00","246500","2026-09-08 18:29:36"
"862","25","2024-03-17","22.00","121000","2026-09-08 18:29:36"
"863","122","2024-03-17","29.00","29000","2026-09-08 18:29:36"
"864","253","2024-03-17","30.00","60000","2026-09-08 18:29:36"
"865","6","2024-03-17","40.00","140000","2026-09-08 18:29:36"
"866","65","2024-03-17","9.00","58500","2026-09-08 18:29:36"
"867","27","2024-03-17","10.00","30000","2026-09-08 18:29:36"
"868","213","2024-03-17","6000.00","156000","2026-09-08 18:29:36"
"869","163","2024-03-17","25.00","62500","2026-09-08 18:29:36"
"870","238","2024-03-17","34.00","17000","2026-09-08 18:29:36"
"871","282","2024-03-17","11.00","22000","2026-09-08 18:29:36"
"872","159","2024-03-17","10000.00","310000","2026-09-08 18:29:36"
"873","35","2024-03-17","18.00","45000","2026-09-08 18:29:36"
"874","76","2024-03-17","60.00","30000","2026-09-08 18:29:36"
"875","261","2024-03-17","10.00","50000","2026-09-08 18:29:36"
"876","266","2024-03-18","19.00","47500","2026-09-08 18:29:36"
"877","159","2024-03-18","6000.00","186000","2026-09-08 18:29:36"
"878","66","2024-03-18","20.00","10000","2026-09-08 18:29:36"
"879","197","2024-03-18","10.00","20000","2026-09-08 18:29:36"
"880","47","2024-03-18","10.00","145000","2026-09-08 18:29:36"
"881","230","2024-03-18","18.00","9000","2026-09-08 18:29:36"
"882","246","2024-03-18","32.00","32000","2026-09-08 18:29:36"
"883","224","2024-03-18","11250.00","22500","2026-09-08 18:29:36"
"884","37","2024-03-18","22.00","33000","2026-09-08 18:29:36"
"885","52","2024-03-18","21.00","42000","2026-09-08 18:29:36"
"886","282","2024-03-18","10.00","20000","2026-09-08 18:29:36"
"887","65","2024-03-18","11.00","71500","2026-09-08 18:29:36"
"888","223","2024-03-18","1.00","500","2026-09-08 18:29:36"
"889","43","2024-03-18","9000.00","130500","2026-09-08 18:29:36"
"890","50","2024-03-19","10.00","30000","2026-09-08 18:29:36"
"891","239","2024-03-19","18.00","18000","2026-09-08 18:29:36"
"892","127","2024-03-19","54.00","189000","2026-09-08 18:29:36"
"893","13","2024-03-19","20.00","40000","2026-09-08 18:29:36"
"894","238","2024-03-19","29.00","14500","2026-09-08 18:29:36"
"895","251","2024-03-20","30.00","30000","2026-09-08 18:29:36"
"896","127","2024-03-20","65.00","227500","2026-09-08 18:29:36"
"897","136","2024-03-20","12.00","36000","2026-09-08 18:29:36"
"898","223","2024-03-20","30.00","15000","2026-09-08 18:29:36"
"899","87","2024-03-20","25.00","25000","2026-09-08 18:29:36"
"900","163","2024-03-20","18.00","45000","2026-09-08 18:29:36"
"901","240","2024-03-21","11.00","110000","2026-09-08 18:29:36"
"902","122","2024-03-21","29.00","29000","2026-09-08 18:29:36"
"903","133","2024-03-21","11000.00","181500","2026-09-08 18:29:36"
"904","159","2024-03-21","9000.00","279000","2026-09-08 18:29:36"
"905","127","2024-03-21","43.00","150500","2026-09-08 18:29:36"
"906","114","2024-03-21","24.00","24000","2026-09-08 18:29:36"
"907","129","2024-03-21","10.00","120000","2026-09-08 18:29:36"
"908","159","2024-03-21","8000.00","248000","2026-09-08 18:29:36"
"909","43","2024-03-21","5000.00","70000","2026-09-08 18:29:36"
"910","124","2024-03-21","20.00","200000","2026-09-08 18:29:36"
"911","148","2024-03-21","21.00","115500","2026-09-08 18:29:36"
"912","101","2024-03-21","11.00","49500","2026-09-08 18:29:36"
"913","111","2024-03-21","21.00","31500","2026-09-08 18:29:36"
"914","246","2024-03-22","33.00","33000","2026-09-08 18:29:36"
"915","189","2024-03-22","5.00","62500","2026-09-08 18:29:36"
"916","199","2024-03-22","29.00","29000","2026-09-08 18:29:36"
"917","43","2024-03-22","8000.00","116000","2026-09-08 18:29:36"
"918","286","2024-03-22","9.00","45000","2026-09-08 18:29:36"
"919","238","2024-03-22","47.00","23500","2026-09-08 18:29:36"
"920","141","2024-03-22","11.00","55000","2026-09-08 18:29:36"
"921","76","2024-03-23","75.00","37500","2026-09-08 18:29:36"
"922","213","2024-03-23","4000.00","104000","2026-09-08 18:29:36"
"923","144","2024-03-23","27.00","54000","2026-09-08 18:29:36"
"924","194","2024-03-23","10.00","20000","2026-09-08 18:29:36"
"925","152","2024-03-23","15.00","75000","2026-09-08 18:29:36"
"926","66","2024-03-23","29.00","14500","2026-09-08 18:29:36"
"927","282","2024-03-23","28.00","56000","2026-09-08 18:29:36"
"928","159","2024-03-23","9500.00","294500","2026-09-08 18:29:36"
"929","159","2024-03-23","4750.00","152000","2026-09-08 18:29:36"
"930","58","2024-03-23","20.00","440000","2026-09-08 18:29:36"
"931","189","2024-03-23","8.00","100000","2026-09-08 18:29:36"
"932","224","2024-03-23","4000.00","8000","2026-09-08 18:29:36"
"933","87","2024-03-23","30.00","30000","2026-09-08 18:29:36"
"934","197","2024-03-23","18.00","36000","2026-09-08 18:29:36"
"935","129","2024-03-24","10.00","120000","2026-09-08 18:29:36"
"936","184","2024-03-24","11.00","66000","2026-09-08 18:29:36"
"937","266","2024-03-24","17.00","42500","2026-09-08 18:29:36"
"938","14","2024-03-24","12.00","252000","2026-09-08 18:29:36"
"939","72","2024-03-24","29.00","58000","2026-09-08 18:29:36"
"940","43","2024-03-24","18000.00","261000","2026-09-08 18:29:36"
"941","76","2024-03-24","76.00","38000","2026-09-08 18:29:36"
"942","19","2024-03-24","13.00","6500","2026-09-08 18:29:36"
"943","8","2024-03-24","16.00","96000","2026-09-08 18:29:36"
"944","176","2024-03-24","18.00","36000","2026-09-08 18:29:36"
"945","246","2024-03-25","38.00","38000","2026-09-08 18:29:36"
"946","274","2024-03-25","11.00","22000","2026-09-08 18:29:36"
"947","185","2024-03-25","2000.00","125000","2026-09-08 18:29:36"
"948","149","2024-03-25","9.00","72000","2026-09-08 18:29:36"
"949","52","2024-03-25","13.00","26000","2026-09-08 18:29:36"
"950","11","2024-03-25","1000.00","40000","2026-09-08 18:29:36"
"951","159","2024-03-26","11000.00","341000","2026-09-08 18:29:36"
"952","159","2024-03-26","8000.00","248000","2026-09-08 18:29:36"
"953","184","2024-03-26","21.00","126000","2026-09-08 18:29:36"
"954","11","2024-03-26","4750.00","161500","2026-09-08 18:29:36"
"955","127","2024-03-26","54.00","189000","2026-09-08 18:29:36"
"956","39","2024-03-26","11.00","38500","2026-09-08 18:29:36"
"957","198","2024-03-26","11.00","93500","2026-09-08 18:29:36"
"958","114","2024-03-26","42.00","42000","2026-09-08 18:29:36"
"959","111","2024-03-26","18.00","27000","2026-09-08 18:29:36"
"960","35","2024-03-26","20.00","50000","2026-09-08 18:29:36"
"961","230","2024-03-26","30.00","15000","2026-09-08 18:29:36"
"962","224","2024-03-26","5250.00","10500","2026-09-08 18:29:36"
"963","6","2024-03-26","54.00","189000","2026-09-08 18:29:36"
"964","12","2024-03-26","12.00","84000","2026-09-08 18:29:36"
"965","197","2024-03-26","20.00","40000","2026-09-08 18:29:36"
"966","76","2024-03-26","56.00","28000","2026-09-08 18:29:36"
"967","110","2024-03-26","18.00","18000","2026-09-08 18:29:36"
"968","251","2024-03-26","18.00","18000","2026-09-08 18:29:36"
"969","52","2024-03-26","11.00","22000","2026-09-08 18:29:36"
"970","64","2024-03-27","2750.00","82500","2026-09-08 18:29:36"
"971","35","2024-03-27","12.00","30000","2026-09-08 18:29:36"
"972","159","2024-03-27","9000.00","279000","2026-09-08 18:29:36"
"973","185","2024-03-27","2400.00","150000","2026-09-08 18:29:36"
"974","43","2024-03-27","10000.00","145000","2026-09-08 18:29:36"
"975","189","2024-03-27","8.00","100000","2026-09-08 18:29:36"
"976","246","2024-03-27","10.00","10000","2026-09-08 18:29:36"
"977","230","2024-03-27","22.00","11000","2026-09-08 18:29:36"
"978","122","2024-03-27","20.00","20000","2026-09-08 18:29:36"
"979","224","2024-03-27","3750.00","7500","2026-09-08 18:29:36"
"980","193","2024-03-27","40.00","20000","2026-09-08 18:29:36"
"981","64","2024-03-28","2500.00","75000","2026-09-08 18:29:36"
"982","122","2024-03-28","33.00","33000","2026-09-08 18:29:36"
"983","102","2024-03-28","31.00","589000","2026-09-08 18:29:36"
"984","120","2024-03-28","8.00","36000","2026-09-08 18:29:36"
"985","65","2024-03-28","10.00","65000","2026-09-08 18:29:36"
"986","224","2024-03-28","2500.00","5000","2026-09-08 18:29:36"
"987","35","2024-03-28","21.00","52500","2026-09-08 18:29:36"
"988","193","2024-03-28","34.00","17000","2026-09-08 18:29:36"
"989","230","2024-03-28","19.00","9500","2026-09-08 18:29:36"
"990","159","2024-03-28","10000.00","310000","2026-09-08 18:29:36"
"991","159","2024-03-29","6000.00","186000","2026-09-08 18:29:36"
"992","159","2024-03-29","11000.00","341000","2026-09-08 18:29:36"
"993","82","2024-03-29","21.00","42000","2026-09-08 18:29:36"
"994","111","2024-03-29","10.00","15000","2026-09-08 18:29:36"
"995","224","2024-03-29","8500.00","17000","2026-09-08 18:29:36"
"996","238","2024-03-29","40.00","20000","2026-09-08 18:29:36"
"997","72","2024-03-29","29.00","58000","2026-09-08 18:29:36"
"998","6","2024-03-29","39.00","136500","2026-09-08 18:29:36"
"999","127","2024-03-29","44.00","154000","2026-09-08 18:29:36"
"1000","133","2024-03-29","4500.00","76500","2026-09-08 18:29:36"
"1001","213","2024-03-29","2000.00","52000","2026-09-08 18:29:36"
"1002","224","2024-03-30","10250.00","20500","2026-09-08 18:29:36"
"1003","37","2024-03-30","33.00","49500","2026-09-08 18:29:36"
"1004","57","2024-03-30","15000.00","285000","2026-09-08 18:29:36"
"1005","224","2024-03-30","1500.00","39000","2026-09-08 18:29:36"
"1006","185","2024-03-30","1600.00","100000","2026-09-08 18:29:36"
"1007","160","2024-03-30","10.00","65000","2026-09-08 18:29:36"
"1008","76","2024-03-30","72.00","36000","2026-09-08 18:29:36"
"1009","65","2024-03-30","8.00","52000","2026-09-08 18:29:36"
"1010","2","2024-03-30","20.00","10000","2026-09-08 18:29:36"
"1011","111","2024-03-30","19.00","28500","2026-09-08 18:29:36"
"1012","47","2024-03-30","10.00","145000","2026-09-08 18:29:36"
"1013","43","2024-03-30","19000.00","275500","2026-09-08 18:29:36"
"1014","133","2024-03-31","10000.00","165000","2026-09-08 18:29:36"
"1015","230","2024-03-31","72.00","36000","2026-09-08 18:29:36"
"1016","65","2024-03-31","13.00","84500","2026-09-08 18:29:36"
"1017","266","2024-03-31","15.00","37500","2026-09-08 18:29:36"
"1018","159","2024-03-31","10000.00","310000","2026-09-08 18:29:36"
"1019","11","2024-03-31","2750.00","93500","2026-09-08 18:29:36"
"1020","122","2024-03-31","12.00","12000","2026-09-08 18:29:36"
"1021","246","2024-03-31","46.00","46000","2026-09-08 18:29:36"
"1022","91","2024-03-31","24.00","24000","2026-09-08 18:29:36"
"1023","72","2024-03-31","29.00","58000","2026-09-08 18:29:36"
"1024","234","2024-03-31","12.00","12000","2026-09-08 18:29:36"
"1025","82","2024-03-31","29.00","58000","2026-09-08 18:29:36"
"1026","37","2024-03-31","32.00","48000","2026-09-08 18:29:36"
"1027","146","2024-03-31","12.00","12000","2026-09-08 18:29:36"
"1028","87","2024-03-31","30.00","30000","2026-09-08 18:29:36"
"1029","50","2024-03-31","19.00","57000","2026-09-08 18:29:36"
"1030","262","2024-03-31","19.00","38000","2026-09-08 18:29:36"
"1031","230","2024-03-31","20.00","10000","2026-09-08 18:29:36"
"1032","144","2024-03-31","12.00","24000","2026-09-08 18:29:36"
"1033","71","2024-03-31","11.00","440000","2026-09-08 18:29:36"
"1034","53","2024-03-31","2500.00","105000","2026-09-08 18:29:36"
"1035","133","2024-03-31","10000.00","165000","2026-09-08 18:29:36"
"1036","130","2024-01-04","10.00","155000","2026-09-08 18:29:36"
"1037","238","2024-01-04","30.00","15000","2026-09-08 18:29:36"
"1038","141","2024-01-04","7.00","35000","2026-09-08 18:29:36"
"1039","200","2024-01-04","6.00","27000","2026-09-08 18:29:36"
"1040","230","2024-01-04","30.00","15000","2026-09-08 18:29:36"
"1041","118","2024-01-04","20.00","20000","2026-09-08 18:29:36"
"1042","249","2024-01-04","10.00","5000","2026-09-08 18:29:36"
"1043","251","2024-01-04","25.00","25000","2026-09-08 18:29:36"
"1044","255","2024-01-04","10.00","10000","2026-09-08 18:29:36"
"1045","122","2024-01-04","10.00","10000","2026-09-08 18:29:36"
"1046","159","2024-01-04","7000.00","217000","2026-09-08 18:29:36"
"1047","159","2024-01-04","19000.00","589000","2026-09-08 18:29:36"
"1048","223","2024-01-04","12.00","6000","2026-09-08 18:29:36"
"1049","224","2024-01-04","5000.00","10000","2026-09-08 18:29:36"
"1050","246","2024-01-04","43.00","43000","2026-09-08 18:29:36"
"1051","82","2024-01-04","19.00","38000","2026-09-08 18:29:36"
"1052","133","2024-01-04","10000.00","165000","2026-09-08 18:29:36"
"1053","239","2024-01-04","31.00","31000","2026-09-08 18:29:36"
"1054","130","2024-02-04","8.00","124000","2026-09-08 18:29:36"
"1055","127","2024-02-04","67.00","234500","2026-09-08 18:29:36"
"1056","133","2024-02-04","9000.00","148500","2026-09-08 18:29:36"
"1057","184","2024-02-04","12.00","72000","2026-09-08 18:29:36"
"1058","230","2024-02-04","40.00","20000","2026-09-08 18:29:36"
"1059","118","2024-02-04","20.00","20000","2026-09-08 18:29:36"
"1060","224","2024-02-04","5000.00","10000","2026-09-08 18:29:36"
"1061","131","2024-02-04","31.00","31000","2026-09-08 18:29:36"
"1062","127","2024-03-04","50.00","175000","2026-09-08 18:29:36"
"1063","6","2024-03-04","43.00","150500","2026-09-08 18:29:36"
"1064","136","2024-03-04","10.00","30000","2026-09-08 18:29:36"
"1065","291","2024-03-04","30.00","30000","2026-09-08 18:29:36"
"1066","249","2024-03-04","32.00","16000","2026-09-08 18:29:36"
"1067","35","2024-03-04","19.00","47500","2026-09-08 18:29:36"
"1068","111","2024-03-04","21.00","31500","2026-09-08 18:29:36"
"1069","159","2024-03-04","10000.00","310000","2026-09-08 18:29:36"
"1070","159","2024-03-04","7500.00","232500","2026-09-08 18:29:36"
"1071","65","2024-04-04","15.00","97500","2026-09-08 18:29:36"
"1072","114","2024-04-04","30.00","30000","2026-09-08 18:29:36"
"1073","11","2024-04-04","800.00","32000","2026-09-08 18:29:36"
"1074","186","2024-04-04","11.00","104500","2026-09-08 18:29:36"
"1075","223","2024-04-04","39.00","19500","2026-09-08 18:29:36"
"1076","153","2024-04-04","30.00","30000","2026-09-08 18:29:36"
"1077","159","2024-04-04","6000.00","186000","2026-09-08 18:29:36"
"1078","292","2024-04-04","2500.00","60000","2026-09-08 18:29:36"
"1079","234","2024-04-04","9.00","9000","2026-09-08 18:29:36"
"1080","224","2024-04-04","3000.00","6000","2026-09-08 18:29:36"
"1081","87","2024-05-04","42.00","42000","2026-09-08 18:29:36"
"1082","76","2024-05-04","65.00","32500","2026-09-08 18:29:36"
"1083","118","2024-05-04","19.00","19000","2026-09-08 18:29:36"
"1084","214","2024-05-04","29.00","14500","2026-09-08 18:29:36"
"1085","249","2024-05-04","38.00","19000","2026-09-08 18:29:36"
"1086","251","2024-05-04","39.00","39000","2026-09-08 18:29:36"
"1087","8","2024-05-04","10.00","60000","2026-09-08 18:29:36"
"1088","238","2024-05-04","12.00","6000","2026-09-08 18:29:36"
"1089","127","2024-05-04","49.00","171500","2026-09-08 18:29:36"
"1090","159","2024-06-04","9000.00","279000","2026-09-08 18:29:36"
"1091","37","2024-06-04","30.00","45000","2026-09-08 18:29:37"
"1092","177","2024-06-04","17.00","8500","2026-09-08 18:29:37"
"1093","76","2024-06-04","19.00","9500","2026-09-08 18:29:37"
"1094","90","2024-06-04","20.00","20000","2026-09-08 18:29:37"
"1095","274","2024-06-04","11.00","22000","2026-09-08 18:29:37"
"1096","45","2024-06-04","29.00","58000","2026-09-08 18:29:37"
"1097","224","2024-06-04","3000.00","6000","2026-09-08 18:29:37"
"1098","251","2024-06-04","12.00","12000","2026-09-08 18:29:37"
"1099","6","2024-06-04","60.00","210000","2026-09-08 18:29:37"
"1100","127","2024-06-04","70.00","245000","2026-09-08 18:29:37"
"1101","133","2024-06-04","11000.00","181500","2026-09-08 18:29:37"
"1102","246","2024-06-04","42.00","42000","2026-09-08 18:29:37"
"1103","48","2024-06-04","4000.00","260000","2026-09-08 18:29:37"
"1104","53","2024-06-04","7000.00","287000","2026-09-08 18:29:37"
"1105","67","2024-06-04","2000.00","80000","2026-09-08 18:29:37"
"1106","185","2024-06-04","1500.00","75000","2026-09-08 18:29:37"
"1107","215","2024-06-04","2500.00","150000","2026-09-08 18:29:37"
"1108","209","2024-06-04","9.00","90000","2026-09-08 18:29:37"
"1109","119","2024-06-04","9.00","45000","2026-09-08 18:29:37"
"1110","240","2024-06-04","16.00","160000","2026-09-08 18:29:37"
"1111","204","2024-06-04","2000.00","140000","2026-09-08 18:29:37"
"1112","204","2024-06-04","1000.00","50000","2026-09-08 18:29:37"
"1113","204","2024-06-04","6000.00","450000","2026-09-08 18:29:37"
"1114","76","2024-06-04","65.00","32500","2026-09-08 18:29:37"
"1115","65","2024-06-04","10.00","65000","2026-09-08 18:29:37"
"1116","224","2024-06-04","3750.00","7500","2026-09-08 18:29:37"
"1117","159","2024-07-04","8000.00","248000","2026-09-08 18:29:37"
"1118","209","2024-07-04","11.00","110000","2026-09-08 18:29:37"
"1119","141","2024-07-04","20.00","100000","2026-09-08 18:29:37"
"1120","199","2024-07-04","30.00","30000","2026-09-08 18:29:37"
"1121","284","2024-07-04","3.00","165000","2026-09-08 18:29:37"
"1122","43","2024-07-04","10000.00","145000","2026-09-08 18:29:37"
"1123","241","2024-07-04","15.00","22500","2026-09-08 18:29:37"
"1124","223","2024-07-04","35.00","17500","2026-09-08 18:29:37"
"1125","136","2024-07-04","15.00","45000","2026-09-08 18:29:37"
"1126","37","2024-07-04","11.00","16500","2026-09-08 18:29:37"
"1127","288","2024-07-04","10.00","85000","2026-09-08 18:29:37"
"1128","159","2024-08-04","15000.00","465000","2026-09-08 18:29:37"
"1129","159","2024-08-04","11000.00","341000","2026-09-08 18:29:37"
"1130","246","2024-08-04","40.00","40000","2026-09-08 18:29:37"
"1131","118","2024-08-04","20.00","20000","2026-09-08 18:29:37"
"1132","76","2024-08-04","54.00","27000","2026-09-08 18:29:37"
"1133","216","2024-08-04","10.00","70000","2026-09-08 18:29:37"
"1134","60","2024-08-04","15.00","270000","2026-09-08 18:29:37"
"1135","133","2024-08-04","5000.00","85000","2026-09-08 18:29:37"
"1136","39","2024-08-04","9.00","31500","2026-09-08 18:29:37"
"1137","102","2024-08-04","10.00","190000","2026-09-08 18:29:37"
"1138","278","2024-08-04","13.00","247000","2026-09-08 18:29:37"
"1139","136","2024-08-04","20.00","60000","2026-09-08 18:29:37"
"1140","159","2024-09-04","20000.00","620000","2026-09-08 18:29:37"
"1141","243","2024-09-04","15.00","90000","2026-09-08 18:29:37"
"1142","279","2024-09-04","20.00","70000","2026-09-08 18:29:37"
"1143","223","2024-09-04","30.00","15000","2026-09-08 18:29:37"
"1144","9","2024-09-04","4.00","92000","2026-09-08 18:29:37"
"1145","65","2024-09-04","15.00","97500","2026-09-08 18:29:37"
"1146","241","2024-09-04","20.00","30000","2026-09-08 18:29:37"
"1147","205","2024-09-04","10.00","30000","2026-09-08 18:29:37"
"1148","208","2024-09-04","25.00","25000","2026-09-08 18:29:37"
"1149","76","2024-09-04","72.00","36000","2026-09-08 18:29:37"
"1150","249","2024-09-04","25.00","12500","2026-09-08 18:29:37"
"1151","230","2024-09-04","27.00","13500","2026-09-08 18:29:37"
"1152","122","2024-09-04","30.00","30000","2026-09-08 18:29:37"
"1153","224","2024-09-04","10000.00","20000","2026-09-08 18:29:37"
"1154","246","2024-09-04","59.00","59000","2026-09-08 18:29:37"
"1155","119","2024-10-04","5.00","25000","2026-09-08 18:29:37"
"1156","159","2024-10-04","5000.00","155000","2026-09-08 18:29:37"
"1157","11","2024-10-04","2750.00","93500","2026-09-08 18:29:37"
"1158","146","2024-10-04","20.00","20000","2026-09-08 18:29:37"
"1159","87","2024-10-04","29.00","29000","2026-09-08 18:29:37"
"1160","122","2024-10-04","29.00","29000","2026-09-08 18:29:37"
"1161","251","2024-10-04","30.00","30000","2026-09-08 18:29:37"
"1162","76","2024-10-04","44.00","22000","2026-09-08 18:29:37"
"1163","185","2024-10-04","1500.00","75000","2026-09-08 18:29:37"
"1164","9","2024-10-04","2.00","46000","2026-09-08 18:29:37"
"1165","267","2024-10-04","15.00","30000","2026-09-08 18:29:37"
"1166","246","2024-10-04","28.00","28000","2026-09-08 18:29:37"
"1167","13","2024-10-04","20.00","40000","2026-09-08 18:29:37"
"1168","279","2024-11-04","15.00","52500","2026-09-08 18:29:37"
"1169","193","2024-11-04","30.00","15000","2026-09-08 18:29:37"
"1170","223","2024-11-04","21.00","10500","2026-09-08 18:29:37"
"1171","65","2024-11-04","8.00","52000","2026-09-08 18:29:37"
"1172","153","2024-11-04","38.00","38000","2026-09-08 18:29:37"
"1173","130","2024-11-04","8.00","124000","2026-09-08 18:29:37"
"1174","189","2024-12-04","8.00","100000","2026-09-08 18:29:37"
"1175","58","2024-12-04","10.00","220000","2026-09-08 18:29:37"
"1176","118","2024-12-04","20.00","20000","2026-09-08 18:29:37"
"1177","251","2024-12-04","8.00","8000","2026-09-08 18:29:37"
"1178","291","2024-12-04","8.00","8000","2026-09-08 18:29:37"
"1179","230","2024-12-04","48.00","24000","2026-09-08 18:29:37"
"1180","3","2024-12-04","23.00","57500","2026-09-08 18:29:37"
"1181","176","2024-12-04","10.00","20000","2026-09-08 18:29:37"
"1182","39","2024-12-04","10.00","35000","2026-09-08 18:29:37"
"1183","133","2024-12-04","7000.00","119000","2026-09-08 18:29:37"
"1184","43","2024-12-04","9000.00","130500","2026-09-08 18:29:37"
"1185","47","2024-12-04","10.00","145000","2026-09-08 18:29:37"
"1186","35","2024-12-04","10.00","25000","2026-09-08 18:29:37"
"1187","76","2024-12-04","60.00","30000","2026-09-08 18:29:37"
"1188","114","2024-12-04","19.00","19000","2026-09-08 18:29:37"
"1189","246","2024-04-13","54.00","54000","2026-09-08 18:29:37"
"1190","267","2024-04-13","10.00","20000","2026-09-08 18:29:37"
"1191","136","2024-04-13","25.00","75000","2026-09-08 18:29:37"
"1192","241","2024-04-13","15.00","22500","2026-09-08 18:29:37"
"1193","50","2024-04-13","10.00","30000","2026-09-08 18:29:37"
"1194","234","2024-04-13","11.00","11000","2026-09-08 18:29:37"
"1195","159","2024-04-13","7500.00","232500","2026-09-08 18:29:37"
"1196","159","2024-04-13","9000.00","279000","2026-09-08 18:29:37"
"1197","266","2024-04-14","15.00","37500","2026-09-08 18:29:37"
"1198","223","2024-04-14","35.00","17500","2026-09-08 18:29:37"
"1199","141","2024-04-14","30.00","150000","2026-09-08 18:29:37"
"1200","189","2024-04-14","17.00","212500","2026-09-08 18:29:37"
"1201","108","2024-04-14","10.00","190000","2026-09-08 18:29:37"
"1202","118","2024-04-14","30.00","30000","2026-09-08 18:29:37"
"1203","251","2024-04-14","45.00","45000","2026-09-08 18:29:37"
"1204","224","2024-04-14","12500.00","325000","2026-09-08 18:29:37"
"1205","53","2024-04-14","4000.00","168000","2026-09-08 18:29:37"
"1206","214","2024-04-14","30.00","15000","2026-09-08 18:29:37"
"1207","145","2024-04-14","4.00","80000","2026-09-08 18:29:37"
"1208","278","2024-04-14","9.00","171000","2026-09-08 18:29:37"
"1209","161","2024-04-14","22.00","110000","2026-09-08 18:29:37"
"1210","159","2024-04-15","5500.00","170500","2026-09-08 18:29:37"
"1211","159","2024-04-15","7000.00","217000","2026-09-08 18:29:37"
"1212","6","2024-04-15","43.00","150500","2026-09-08 18:29:37"
"1213","266","2024-04-15","26.00","65000","2026-09-08 18:29:37"
"1214","197","2024-04-15","10.00","20000","2026-09-08 18:29:37"
"1215","193","2024-04-15","14.00","7000","2026-09-08 18:29:37"
"1216","127","2024-04-15","49.00","171500","2026-09-08 18:29:37"
"1217","198","2024-04-15","19.00","161500","2026-09-08 18:29:37"
"1218","19","2024-04-15","5.00","2500","2026-09-08 18:29:37"
"1219","159","2024-04-16","5000.00","160000","2026-09-08 18:29:37"
"1220","11","2024-04-16","3000.00","102000","2026-09-08 18:29:37"
"1221","156","2024-04-16","10.00","130000","2026-09-08 18:29:37"
"1222","148","2024-04-16","17.00","93500","2026-09-08 18:29:37"
"1223","292","2024-04-16","2500.00","60000","2026-09-08 18:29:37"
"1224","223","2024-04-16","30.00","15000","2026-09-08 18:29:37"
"1225","39","2024-04-16","20.00","70000","2026-09-08 18:29:37"
"1226","53","2024-04-16","4000.00","168000","2026-09-08 18:29:37"
"1227","284","2024-04-16","4.00","220000","2026-09-08 18:29:37"
"1228","185","2024-04-16","1400.00","87500","2026-09-08 18:29:37"
"1229","248","2024-04-16","16.00","120000","2026-09-08 18:29:37"
"1230","122","2024-04-16","18.00","18000","2026-09-08 18:29:37"
"1231","146","2024-04-16","31.00","31000","2026-09-08 18:29:37"
"1232","76","2024-04-16","76.00","38000","2026-09-08 18:29:37"
"1233","214","2024-04-16","21.00","10500","2026-09-08 18:29:37"
"1234","72","2024-04-16","39.00","78000","2026-09-08 18:29:37"
"1235","291","2024-04-16","24.00","24000","2026-09-08 18:29:37"
"1236","286","2024-04-16","9.00","45000","2026-09-08 18:29:37"
"1237","144","2024-04-17","21.00","42000","2026-09-08 18:29:37"
"1238","127","2024-04-17","66.00","231000","2026-09-08 18:29:37"
"1239","133","2024-04-17","19000.00","313500","2026-09-08 18:29:37"
"1240","133","2024-04-17","9000.00","153000","2026-09-08 18:29:37"
"1241","159","2024-04-17","9500.00","294500","2026-09-08 18:29:37"
"1242","136","2024-04-17","20.00","60000","2026-09-08 18:29:37"
"1243","71","2024-04-17","10.00","400000","2026-09-08 18:29:37"
"1244","122","2024-04-17","30.00","30000","2026-09-08 18:29:37"
"1245","159","2024-04-18","5500.00","170500","2026-09-08 18:29:37"
"1246","127","2024-04-18","54.00","189000","2026-09-08 18:29:37"
"1247","238","2024-04-18","40.00","20000","2026-09-08 18:29:37"
"1248","43","2024-04-18","15000.00","217500","2026-09-08 18:29:37"
"1249","3","2024-04-18","30.00","75000","2026-09-08 18:29:37"
"1250","197","2024-04-18","20.00","40000","2026-09-08 18:29:37"
"1251","144","2024-04-18","31.00","62000","2026-09-08 18:29:37"
"1252","239","2024-04-18","30.00","30000","2026-09-08 18:29:37"
"1253","223","2024-04-18","43.00","21500","2026-09-08 18:29:37"
"1254","50","2024-04-18","45.00","135000","2026-09-08 18:29:37"
"1255","122","2024-04-18","29.00","29000","2026-09-08 18:29:37"
"1256","167","2024-04-18","40.00","40000","2026-09-08 18:29:37"
"1257","118","2024-04-18","46.00","46000","2026-09-08 18:29:37"
"1258","35","2024-04-18","21.00","52500","2026-09-08 18:29:37"
"1259","130","2024-04-18","11.00","170500","2026-09-08 18:29:37"
"1260","133","2024-04-18","16000.00","264000","2026-09-08 18:29:37"
"1261","291","2024-04-18","43.00","43000","2026-09-08 18:29:37"
"1262","246","2024-04-19","44.00","44000","2026-09-08 18:29:37"
"1263","159","2024-04-19","12000.00","372000","2026-09-08 18:29:37"
"1264","159","2024-04-19","8500.00","263500","2026-09-08 18:29:37"
"1265","127","2024-04-19","55.00","192500","2026-09-08 18:29:37"
"1266","72","2024-04-19","19.00","38000","2026-09-08 18:29:37"
"1267","122","2024-04-19","32.00","32000","2026-09-08 18:29:37"
"1268","39","2024-04-19","13.00","45500","2026-09-08 18:29:37"
"1269","8","2024-04-19","10.00","60000","2026-09-08 18:29:37"
"1270","131","2024-04-19","12.00","12000","2026-09-08 18:29:37"
"1271","225","2024-04-19","10.00","210000","2026-09-08 18:29:37"
"1272","16","2024-04-19","12.00","30000","2026-09-08 18:29:37"
"1273","188","2024-04-19","31.00","62000","2026-09-08 18:29:37"
"1274","167","2024-04-19","30.00","30000","2026-09-08 18:29:37"
"1275","8","2024-04-20","7.00","42000","2026-09-08 18:29:37"
"1276","84","2024-04-20","9.00","45000","2026-09-08 18:29:37"
"1277","238","2024-04-20","40.00","20000","2026-09-08 18:29:37"
"1278","54","2024-04-20","37.00","74000","2026-09-08 18:29:37"
"1279","284","2024-04-20","4.00","220000","2026-09-08 18:29:37"
"1280","122","2024-04-20","30.00","30000","2026-09-08 18:29:37"
"1281","246","2024-04-20","88.00","88000","2026-09-08 18:29:37"
"1282","76","2024-04-20","2.00","1000","2026-09-08 18:29:37"
"1283","224","2024-04-20","10000.00","260000","2026-09-08 18:29:37"
"1284","224","2024-04-20","6000.00","162000","2026-09-08 18:29:37"
"1285","230","2024-04-21","24.00","12000","2026-09-08 18:29:37"
"1286","118","2024-04-21","20.00","20000","2026-09-08 18:29:37"
"1287","82","2024-04-21","20.00","40000","2026-09-08 18:29:37"
"1288","176","2024-04-21","19.00","38000","2026-09-08 18:29:37"
"1289","66","2024-04-21","40.00","20000","2026-09-08 18:29:37"
"1290","122","2024-04-21","30.00","30000","2026-09-08 18:29:37"
"1291","159","2024-04-21","2500.00","80000","2026-09-08 18:29:37"
"1292","159","2024-04-21","9500.00","294500","2026-09-08 18:29:37"
"1293","133","2024-04-22","2500.00","45000","2026-09-08 18:29:37"
"1294","145","2024-04-22","9.00","180000","2026-09-08 18:29:37"
"1295","127","2024-04-22","50.00","175000","2026-09-08 18:29:37"
"1296","76","2024-04-22","34.00","17000","2026-09-08 18:29:37"
"1297","159","2024-04-23","10000.00","310000","2026-09-08 18:29:37"
"1298","159","2024-04-23","8500.00","263500","2026-09-08 18:29:37"
"1299","133","2024-04-23","10000.00","165000","2026-09-08 18:29:37"
"1300","223","2024-04-23","10.00","5000","2026-09-08 18:29:37"
"1301","122","2024-04-23","32.00","32000","2026-09-08 18:29:37"
"1302","243","2024-04-23","12.00","72000","2026-09-08 18:29:37"
"1303","144","2024-04-23","32.00","64000","2026-09-08 18:29:37"
"1304","245","2024-04-23","18.00","72000","2026-09-08 18:29:37"
"1305","65","2024-04-23","19.00","123500","2026-09-08 18:29:37"
"1306","133","2024-04-23","5000.00","85000","2026-09-08 18:29:37"
"1307","6","2024-04-23","37.00","129500","2026-09-08 18:29:37"
"1308","64","2024-04-23","2500.00","75000","2026-09-08 18:29:37"
"1309","243","2024-04-24","10.00","60000","2026-09-08 18:29:37"
"1310","43","2024-04-24","10000.00","145000","2026-09-08 18:29:37"
"1311","216","2024-04-24","11.00","77000","2026-09-08 18:29:37"
"1312","209","2024-04-24","30.00","300000","2026-09-08 18:29:37"
"1313","161","2024-04-24","10.00","50000","2026-09-08 18:29:37"
"1314","35","2024-04-24","10.00","25000","2026-09-08 18:29:37"
"1315","102","2024-04-24","12.00","228000","2026-09-08 18:29:37"
"1316","239","2024-04-24","13.00","13000","2026-09-08 18:29:37"
"1317","240","2024-04-24","30.00","300000","2026-09-08 18:29:37"
"1318","82","2024-04-24","51.00","102000","2026-09-08 18:29:37"
"1319","249","2024-04-24","43.00","21500","2026-09-08 18:29:37"
"1320","224","2024-04-24","10000.00","20000","2026-09-08 18:29:37"
"1321","230","2024-04-24","30.00","15000","2026-09-08 18:29:37"
"1322","37","2024-04-24","25.00","37500","2026-09-08 18:29:37"
"1323","159","2024-04-26","3500.00","108500","2026-09-08 18:29:37"
"1324","224","2024-04-26","7250.00","14500","2026-09-08 18:29:37"
"1325","47","2024-04-26","10.00","145000","2026-09-08 18:29:37"
"1326","239","2024-04-26","30.00","30000","2026-09-08 18:29:37"
"1327","193","2024-04-26","43.00","21500","2026-09-08 18:29:37"
"1328","160","2024-04-26","13.00","84500","2026-09-08 18:29:37"
"1329","224","2024-04-26","2500.00","65000","2026-09-08 18:29:37"
"1330","288","2024-04-26","10.00","85000","2026-09-08 18:29:37"
"1331","118","2024-04-26","9.00","9000","2026-09-08 18:29:37"
"1332","159","2024-04-27","4000.00","124000","2026-09-08 18:29:37"
"1333","118","2024-04-27","30.00","30000","2026-09-08 18:29:37"
"1334","76","2024-04-27","49.00","24500","2026-09-08 18:29:37"
"1335","224","2024-04-27","7500.00","15000","2026-09-08 18:29:37"
"1336","11","2024-04-27","1750.00","59500","2026-09-08 18:29:37"
"1337","279","2024-04-27","12.00","42000","2026-09-08 18:29:37"
"1338","83","2024-04-27","8.00","36000","2026-09-08 18:29:37"
"1339","125","2024-04-27","10.00","30000","2026-09-08 18:29:37"
"1340","162","2024-04-27","1000.00","60000","2026-09-08 18:29:37"
"1341","39","2024-04-27","11.00","38500","2026-09-08 18:29:37"
"1342","249","2024-04-27","30.00","15000","2026-09-08 18:29:37"
"1343","3","2024-04-27","20.00","50000","2026-09-08 18:29:37"
"1344","144","2024-04-27","25.00","50000","2026-09-08 18:29:37"
"1345","141","2024-04-27","10.00","50000","2026-09-08 18:29:37"
"1346","35","2024-04-30","21.00","52500","2026-09-08 18:29:37"
"1347","65","2024-04-30","10.00","65000","2026-09-08 18:29:37"
"1348","144","2024-04-30","32.00","64000","2026-09-08 18:29:37"
"1349","133","2024-04-30","10000.00","165000","2026-09-08 18:29:37"
"1350","159","2024-04-30","15000.00","465000","2026-09-08 18:29:37"
"1351","159","2024-04-30","7000.00","217000","2026-09-08 18:29:37"
"1352","156","2024-04-30","10.00","130000","2026-09-08 18:29:37"
"1353","6","2024-01-05","60.00","210000","2026-09-08 18:29:37"
"1354","127","2024-01-05","79.00","276500","2026-09-08 18:29:37"
"1355","282","2024-01-05","10.00","20000","2026-09-08 18:29:37"
"1356","122","2024-01-05","33.00","33000","2026-09-08 18:29:37"
"1357","291","2024-01-05","24.00","24000","2026-09-08 18:29:37"
"1358","127","2024-02-05","44.00","154000","2026-09-08 18:29:37"
"1359","204","2024-02-05","1500.00","105000","2026-09-08 18:29:37"
"1360","53","2024-02-05","2000.00","84000","2026-09-08 18:29:37"
"1361","15","2024-02-05","2500.00","50000","2026-09-08 18:29:37"
"1362","15","2024-02-05","1000.00","22000","2026-09-08 18:29:37"
"1363","133","2024-02-05","5000.00","85000","2026-09-08 18:29:37"
"1364","159","2024-02-05","4500.00","139500","2026-09-08 18:29:37"
"1365","122","2024-02-05","27.00","27000","2026-09-08 18:29:37"
"1366","85","2024-03-05","10.00","35000","2026-09-08 18:29:37"
"1367","159","2024-03-05","7000.00","217000","2026-09-08 18:29:37"
"1368","230","2024-03-05","22.00","11000","2026-09-08 18:29:37"
"1369","249","2024-03-05","28.00","14000","2026-09-08 18:29:37"
"1370","91","2024-03-05","33.00","33000","2026-09-08 18:29:37"
"1371","35","2024-04-05","20.00","50000","2026-09-08 18:29:37"
"1372","43","2024-04-05","19000.00","275500","2026-09-08 18:29:37"
"1373","43","2024-04-05","8500.00","119000","2026-09-08 18:29:37"
"1374","224","2024-04-05","8000.00","16000","2026-09-08 18:29:37"
"1375","174","2024-04-05","10.00","45000","2026-09-08 18:29:37"
"1376","159","2024-05-05","5000.00","155000","2026-09-08 18:29:37"
"1377","246","2024-05-05","34.00","34000","2026-09-08 18:29:37"
"1378","72","2024-05-05","20.00","40000","2026-09-08 18:29:37"
"1379","129","2024-06-05","20.00","240000","2026-09-08 18:29:37"
"1380","184","2024-06-05","21.00","126000","2026-09-08 18:29:37"
"1381","283","2024-06-05","20.00","140000","2026-09-08 18:29:37"
"1382","130","2024-06-05","11.00","170500","2026-09-08 18:29:37"
"1383","243","2024-07-05","11.00","66000","2026-09-08 18:29:37"
"1384","119","2024-07-05","9.00","45000","2026-09-08 18:29:37"
"1385","11","2024-07-05","2500.00","85000","2026-09-08 18:29:37"
"1386","11","2024-07-05","1500.00","60000","2026-09-08 18:29:37"
"1387","159","2024-07-05","4500.00","139500","2026-09-08 18:29:37"
"1388","223","2024-07-05","30.00","15000","2026-09-08 18:29:37"
"1389","70","2024-07-05","35.00","122500","2026-09-08 18:29:37"
"1390","43","2024-07-05","15000.00","217500","2026-09-08 18:29:37"
"1391","224","2024-07-05","2500.00","5000","2026-09-08 18:29:37"
"1392","249","2024-07-05","40.00","20000","2026-09-08 18:29:37"
"1393","288","2024-07-05","9.00","76500","2026-09-08 18:29:37"
"1394","72","2024-07-05","20.00","40000","2026-09-08 18:29:37"
"1395","159","2024-07-05","10000.00","310000","2026-09-08 18:29:37"
"1396","6","2024-07-05","43.00","150500","2026-09-08 18:29:37"
"1397","127","2024-08-05","33.00","115500","2026-09-08 18:29:37"
"1398","3","2024-08-05","18.00","45000","2026-09-08 18:29:37"
"1399","282","2024-08-05","12.00","24000","2026-09-08 18:29:37"
"1400","65","2024-08-05","20.00","130000","2026-09-08 18:29:37"
"1401","224","2024-08-05","3250.00","6500","2026-09-08 18:29:37"
"1402","246","2024-08-05","30.00","30000","2026-09-08 18:29:37"
"1403","176","2024-08-05","22.00","44000","2026-09-08 18:29:37"
"1404","133","2024-09-05","10000.00","165000","2026-09-08 18:29:37"
"1405","129","2024-09-05","11.00","132000","2026-09-08 18:29:37"
"1406","159","2024-09-05","10000.00","310000","2026-09-08 18:29:37"
"1407","6","2024-09-05","44.00","154000","2026-09-08 18:29:37"
"1408","144","2024-09-05","13.00","26000","2026-09-08 18:29:37"
"1409","234","2024-10-05","20.00","20000","2026-09-08 18:29:37"
"1410","142","2024-10-05","31.00","15500","2026-09-08 18:29:37"
"1411","87","2024-10-05","20.00","20000","2026-09-08 18:29:37"
"1412","159","2024-10-05","9500.00","294500","2026-09-08 18:29:37"
"1413","133","2024-10-05","9000.00","153000","2026-09-08 18:29:37"
"1414","246","2024-11-05","44.00","44000","2026-09-08 18:29:37"
"1415","6","2024-11-05","30.00","105000","2026-09-08 18:29:37"
"1416","76","2024-11-05","54.00","27000","2026-09-08 18:29:37"
"1417","255","2024-11-05","30.00","30000","2026-09-08 18:29:37"
"1418","90","2024-11-05","20.00","20000","2026-09-08 18:29:37"
"1419","114","2024-12-05","40.00","40000","2026-09-08 18:29:37"
"1420","159","2024-12-05","7000.00","217000","2026-09-08 18:29:37"
"1421","76","2024-12-05","73.00","36500","2026-09-08 18:29:37"
"1422","246","2024-12-05","44.00","44000","2026-09-08 18:29:37"
"1423","37","2024-12-05","30.00","45000","2026-09-08 18:29:37"
"1424","159","2024-05-13","9500.00","294500","2026-09-08 18:29:37"
"1425","3","2024-05-13","10.00","25000","2026-09-08 18:29:37"
"1426","127","2024-05-13","39.00","136500","2026-09-08 18:29:37"
"1427","224","2024-05-13","6000.00","12000","2026-09-08 18:29:37"
"1428","76","2024-05-13","21.00","10500","2026-09-08 18:29:37"
"1429","163","2024-05-13","17.00","42500","2026-09-08 18:29:37"
"1430","241","2024-05-13","10.00","15000","2026-09-08 18:29:37"
"1431","159","2024-05-14","5000.00","155000","2026-09-08 18:29:37"
"1432","43","2024-05-14","18000.00","261000","2026-09-08 18:29:37"
"1433","163","2024-05-14","20.00","50000","2026-09-08 18:29:37"
"1434","37","2024-05-14","10.00","15000","2026-09-08 18:29:37"
"1435","82","2024-05-14","21.00","42000","2026-09-08 18:29:37"
"1436","8","2024-05-14","9.00","54000","2026-09-08 18:29:37"
"1437","127","2024-05-14","42.00","147000","2026-09-08 18:29:37"
"1438","91","2024-05-14","19.00","19000","2026-09-08 18:29:37"
"1439","224","2024-05-14","2500.00","5000","2026-09-08 18:29:37"
"1440","76","2024-05-14","31.00","15500","2026-09-08 18:29:37"
"1441","287","2024-05-14","8.00","36000","2026-09-08 18:29:37"
"1442","51","2024-05-14","10.00","70000","2026-09-08 18:29:37"
"1443","256","2024-05-15","10.00","100000","2026-09-08 18:29:37"
"1444","51","2024-05-15","11.00","77000","2026-09-08 18:29:37"
"1445","241","2024-05-15","12.00","18000","2026-09-08 18:29:37"
"1446","71","2024-05-15","10.00","400000","2026-09-08 18:29:37"
"1447","43","2024-05-15","9000.00","130500","2026-09-08 18:29:37"
"1448","11","2024-05-16","2500.00","85000","2026-09-08 18:29:37"
"1449","133","2024-05-16","11000.00","181500","2026-09-08 18:29:37"
"1450","275","2024-05-16","20.00","20000","2026-09-08 18:29:37"
"1451","282","2024-05-16","19.00","38000","2026-09-08 18:29:37"
"1452","35","2024-05-17","10.00","25000","2026-09-08 18:29:37"
"1453","224","2024-05-17","2750.00","5500","2026-09-08 18:29:37"
"1454","2","2024-05-17","50.00","25000","2026-09-08 18:29:37"
"1455","230","2024-05-17","41.00","20500","2026-09-08 18:29:37"
"1456","163","2024-05-17","31.00","77500","2026-09-08 18:29:37"
"1457","82","2024-05-17","41.00","82000","2026-09-08 18:29:37"
"1458","3","2024-05-17","11.00","27500","2026-09-08 18:29:37"
"1459","65","2024-05-17","19.00","123500","2026-09-08 18:29:37"
"1460","122","2024-05-17","14.00","14000","2026-09-08 18:29:37"
"1461","12","2024-05-17","9.00","63000","2026-09-08 18:29:37"
"1462","159","2024-05-17","5000.00","155000","2026-09-08 18:29:37"
"1463","267","2024-05-17","18.00","36000","2026-09-08 18:29:37"
"1464","37","2024-05-17","20.00","30000","2026-09-08 18:29:37"
"1465","214","2024-05-18","30.00","15000","2026-09-08 18:29:37"
"1466","133","2024-05-18","10000.00","165000","2026-09-08 18:29:37"
"1467","118","2024-05-18","40.00","40000","2026-09-08 18:29:37"
"1468","273","2024-05-18","40.00","340000","2026-09-08 18:29:37"
"1469","224","2024-05-18","8000.00","16000","2026-09-08 18:29:37"
"1470","127","2024-05-18","56.00","196000","2026-09-08 18:29:37"
"1471","159","2024-05-18","8500.00","263500","2026-09-08 18:29:37"
"1472","141","2024-05-18","10.00","50000","2026-09-08 18:29:37"
"1473","111","2024-05-18","10.00","15000","2026-09-08 18:29:37"
"1474","37","2024-05-19","10.00","15000","2026-09-08 18:29:37"
"1475","163","2024-05-19","23.00","57500","2026-09-08 18:29:37"
"1476","193","2024-05-19","21.00","10500","2026-09-08 18:29:37"
"1477","70","2024-05-19","10.00","35000","2026-09-08 18:29:37"
"1478","2","2024-05-19","30.00","15000","2026-09-08 18:29:37"
"1479","41","2024-05-19","28.00","140000","2026-09-08 18:29:37"
"1480","214","2024-05-19","29.00","14500","2026-09-08 18:29:37"
"1481","278","2024-05-19","10.00","190000","2026-09-08 18:29:37"
"1482","82","2024-05-19","11.00","22000","2026-09-08 18:29:37"
"1483","11","2024-05-19","3000.00","102000","2026-09-08 18:29:37"
"1484","273","2024-05-20","10.00","85000","2026-09-08 18:29:37"
"1485","141","2024-05-20","20.00","100000","2026-09-08 18:29:37"
"1486","127","2024-05-20","49.00","171500","2026-09-08 18:29:37"
"1487","184","2024-05-20","10.00","60000","2026-09-08 18:29:37"
"1488","251","2024-05-20","30.00","30000","2026-09-08 18:29:37"
"1489","184","2024-05-21","10.00","60000","2026-09-08 18:29:37"
"1490","230","2024-05-21","50.00","25000","2026-09-08 18:29:37"
"1491","113","2024-05-21","21.00","42000","2026-09-08 18:29:37"
"1492","118","2024-05-21","50.00","50000","2026-09-08 18:29:37"
"1493","288","2024-05-21","5.00","42500","2026-09-08 18:29:37"
"1494","253","2024-05-21","20.00","40000","2026-09-08 18:29:37"
"1495","72","2024-05-21","10.00","20000","2026-09-08 18:29:37"
"1496","122","2024-05-21","20.00","20000","2026-09-08 18:29:37"
"1497","251","2024-05-21","30.00","30000","2026-09-08 18:29:37"
"1498","235","2024-05-21","9.00","360000","2026-09-08 18:29:37"
"1499","43","2024-05-21","10000.00","145000","2026-09-08 18:29:37"
"1500","224","2024-05-22","10000.00","20000","2026-09-08 18:29:37"
"1501","6","2024-05-22","40.00","140000","2026-09-08 18:29:37"
"1502","214","2024-05-22","40.00","20000","2026-09-08 18:29:37"
"1503","220","2024-05-22","30.00","60000","2026-09-08 18:29:37"
"1504","230","2024-05-22","22.00","11000","2026-09-08 18:29:37"
"1505","72","2024-05-22","10.00","20000","2026-09-08 18:29:37"
"1506","122","2024-05-22","31.00","31000","2026-09-08 18:29:37"
"1507","251","2024-05-23","30.00","30000","2026-09-08 18:29:37"
"1508","159","2024-05-23","5000.00","155000","2026-09-08 18:29:37"
"1509","235","2024-05-23","10.00","400000","2026-09-08 18:29:37"
"1510","133","2024-05-23","8000.00","132000","2026-09-08 18:29:37"
"1511","127","2024-05-23","49.00","171500","2026-09-08 18:29:37"
"1512","159","2024-05-24","5000.00","155000","2026-09-08 18:29:37"
"1513","6","2024-05-24","43.00","150500","2026-09-08 18:29:37"
"1514","133","2024-05-24","6000.00","99000","2026-09-08 18:29:37"
"1515","122","2024-05-24","57.00","57000","2026-09-08 18:29:37"
"1516","214","2024-05-24","30.00","15000","2026-09-08 18:29:37"
"1517","71","2024-05-24","9.00","360000","2026-09-08 18:29:37"
"1518","43","2024-05-25","10000.00","145000","2026-09-08 18:29:37"
"1519","133","2024-05-25","29000.00","478500","2026-09-08 18:29:37"
"1520","159","2024-05-25","15000.00","465000","2026-09-08 18:29:37"
"1521","11","2024-05-25","2750.00","93500","2026-09-08 18:29:37"
"1522","234","2024-05-25","20.00","20000","2026-09-08 18:29:37"
"1523","177","2024-05-25","21.00","10500","2026-09-08 18:29:37"
"1524","119","2024-05-25","10.00","50000","2026-09-08 18:29:37"
"1525","57","2024-05-25","2750.00","55000","2026-09-08 18:29:37"
"1526","133","2024-05-25","29000.00","478500","2026-09-08 18:29:37"
"1527","270","2024-05-25","20.00","120000","2026-09-08 18:29:37"
"1528","113","2024-05-26","15.00","30000","2026-09-08 18:29:37"
"1529","291","2024-05-26","31.00","31000","2026-09-08 18:29:37"
"1530","130","2024-05-26","10.00","155000","2026-09-08 18:29:37"
"1531","282","2024-05-26","30.00","60000","2026-09-08 18:29:37"
"1532","35","2024-05-26","31.00","77500","2026-09-08 18:29:37"
"1533","127","2024-05-26","67.00","234500","2026-09-08 18:29:37"
"1534","235","2024-05-26","11.00","440000","2026-09-08 18:29:37"
"1535","159","2024-05-26","9500.00","294500","2026-09-08 18:29:37"
"1536","238","2024-05-27","21.00","10500","2026-09-08 18:29:37"
"1537","279","2024-05-27","31.00","108500","2026-09-08 18:29:37"
"1538","223","2024-05-27","41.00","20500","2026-09-08 18:29:37"
"1539","230","2024-05-27","80.00","40000","2026-09-08 18:29:37"
"1540","239","2024-05-27","30.00","30000","2026-09-08 18:29:37"
"1541","153","2024-05-27","40.00","40000","2026-09-08 18:29:37"
"1542","127","2024-05-27","49.00","171500","2026-09-08 18:29:37"
"1543","214","2024-05-27","53.00","26500","2026-09-08 18:29:37"
"1544","220","2024-05-27","23.00","46000","2026-09-08 18:29:37"
"1545","167","2024-05-27","36.00","36000","2026-09-08 18:29:37"
"1546","122","2024-05-27","35.00","35000","2026-09-08 18:29:37"
"1547","224","2024-05-27","8000.00","16000","2026-09-08 18:29:37"
"1548","256","2024-05-27","10.00","100000","2026-09-08 18:29:37"
"1549","119","2024-05-27","8.00","40000","2026-09-08 18:29:37"
"1550","246","2024-05-28","44.00","44000","2026-09-08 18:29:37"
"1551","184","2024-05-28","10.00","60000","2026-09-08 18:29:37"
"1552","224","2024-05-28","10250.00","20500","2026-09-08 18:29:37"
"1553","230","2024-05-28","38.00","19000","2026-09-08 18:29:37"
"1554","28","2024-05-28","9.00","54000","2026-09-08 18:29:37"
"1555","113","2024-05-28","20.00","40000","2026-09-08 18:29:37"
"1556","246","2024-05-29","44.00","44000","2026-09-08 18:29:37"
"1557","159","2024-05-29","2250.00","72000","2026-09-08 18:29:37"
"1558","247","2024-05-29","10.00","30000","2026-09-08 18:29:37"
"1559","71","2024-05-29","10.00","400000","2026-09-08 18:29:37"
"1560","181","2024-05-29","9.00","72000","2026-09-08 18:29:37"
"1561","256","2024-05-29","11.00","110000","2026-09-08 18:29:37"
"1562","120","2024-05-29","8.00","36000","2026-09-08 18:29:37"
"1563","133","2024-05-29","2500.00","45000","2026-09-08 18:29:37"
"1564","161","2024-05-29","11.00","55000","2026-09-08 18:29:37"
"1565","255","2024-05-29","20.00","20000","2026-09-08 18:29:37"
"1566","159","2024-05-29","5000.00","155000","2026-09-08 18:29:37"
"1567","135","2024-05-29","8.00","144000","2026-09-08 18:29:37"
"1568","7","2024-05-30","750.00","75000","2026-09-08 18:29:37"
"1569","51","2024-05-30","10.00","70000","2026-09-08 18:29:37"
"1570","147","2024-05-30","87.00","43500","2026-09-08 18:29:37"
"1571","76","2024-05-30","26.00","13000","2026-09-08 18:29:37"
"1572","177","2024-05-30","10.00","5000","2026-09-08 18:29:37"
"1573","246","2024-05-30","19.00","19000","2026-09-08 18:29:37"
"1574","248","2024-05-30","10.00","75000","2026-09-08 18:29:37"
"1575","286","2024-05-30","9.00","45000","2026-09-08 18:29:37"
"1576","114","2024-05-30","40.00","40000","2026-09-08 18:29:37"
"1577","115","2024-05-30","10.00","125000","2026-09-08 18:29:37"
"1578","27","2024-05-30","9.00","27000","2026-09-08 18:29:37"
"1579","101","2024-05-30","12.00","54000","2026-09-08 18:29:37"
"1580","93","2024-05-30","9.00","117000","2026-09-08 18:29:37"
"1581","21","2024-05-30","10.00","70000","2026-09-08 18:29:37"
"1582","77","2024-05-31","10.00","20000","2026-09-08 18:29:37"
"1583","265","2024-05-31","10.00","30000","2026-09-08 18:29:37"
"1584","166","2024-05-31","9.00","18000","2026-09-08 18:29:37"
"1585","111","2024-05-31","30.00","45000","2026-09-08 18:29:37"
"1586","278","2024-05-31","10.00","190000","2026-09-08 18:29:37"
"1587","127","2024-05-31","49.00","171500","2026-09-08 18:29:37"
"1588","76","2024-05-31","65.00","32500","2026-09-08 18:29:37"
"1589","142","2024-05-31","40.00","20000","2026-09-08 18:29:37"
"1590","24","2024-05-31","23.00","57500","2026-09-08 18:29:37"
"1591","246","2024-01-06","56.00","56000","2026-09-08 18:29:37"
"1592","107","2024-01-06","30.00","30000","2026-09-08 18:29:37"
"1593","122","2024-01-06","39.00","39000","2026-09-08 18:29:37"
"1594","82","2024-01-06","10.00","20000","2026-09-08 18:29:37"
"1595","159","2024-01-06","7500.00","232500","2026-09-08 18:29:37"
"1596","251","2024-01-06","31.00","31000","2026-09-08 18:29:37"
"1597","127","2024-01-06","50.00","175000","2026-09-08 18:29:37"
"1598","111","2024-01-06","20.00","30000","2026-09-08 18:29:37"
"1599","43","2024-01-06","10000.00","145000","2026-09-08 18:29:37"
"1600","19","2024-01-06","17.00","8500","2026-09-08 18:29:37"
"1601","246","2024-02-06","60.00","60000","2026-09-08 18:29:37"
"1602","76","2024-02-06","40.00","20000","2026-09-08 18:29:37"
"1603","104","2024-02-06","10.00","55000","2026-09-08 18:29:37"
"1604","107","2024-02-06","30.00","30000","2026-09-08 18:29:37"
"1605","230","2024-02-06","45.00","22500","2026-09-08 18:29:37"
"1606","127","2024-02-06","60.00","210000","2026-09-08 18:29:37"
"1607","133","2024-02-06","19000.00","313500","2026-09-08 18:29:37"
"1608","26","2024-02-06","30.00","60000","2026-09-08 18:29:37"
"1609","282","2024-02-06","11.00","22000","2026-09-08 18:29:37"
"1610","188","2024-02-06","10.00","20000","2026-09-08 18:29:37"
"1611","251","2024-02-06","30.00","30000","2026-09-08 18:29:37"
"1612","113","2024-02-06","20.00","40000","2026-09-08 18:29:37"
"1613","73","2024-02-06","20.00","40000","2026-09-08 18:29:37"
"1614","263","2024-02-06","21.00","21000","2026-09-08 18:29:37"
"1615","65","2024-02-06","11.00","71500","2026-09-08 18:29:37"
"1616","197","2024-02-06","10.00","20000","2026-09-08 18:29:37"
"1617","223","2024-02-06","30.00","15000","2026-09-08 18:29:37"
"1618","163","2024-02-06","34.00","85000","2026-09-08 18:29:37"
"1619","6","2024-02-06","65.00","227500","2026-09-08 18:29:37"
"1620","260","2024-02-06","11.00","82500","2026-09-08 18:29:37"
"1621","111","2024-02-06","10.00","15000","2026-09-08 18:29:37"
"1622","166","2024-02-06","12.00","24000","2026-09-08 18:29:37"
"1623","128","2024-03-06","10.00","25000","2026-09-08 18:29:37"
"1624","142","2024-03-06","20.00","10000","2026-09-08 18:29:37"
"1625","246","2024-03-06","49.00","49000","2026-09-08 18:29:37"
"1626","113","2024-03-06","10.00","20000","2026-09-08 18:29:37"
"1627","166","2024-03-06","9.00","18000","2026-09-08 18:29:37"
"1628","99","2024-03-06","8.00","72000","2026-09-08 18:29:37"
"1629","227","2024-03-06","10.00","65000","2026-09-08 18:29:37"
"1630","144","2024-03-06","11.00","22000","2026-09-08 18:29:37"
"1631","159","2024-03-06","5000.00","155000","2026-09-08 18:29:37"
"1632","127","2024-03-06","49.00","171500","2026-09-08 18:29:37"
"1633","121","2024-03-06","7.00","70000","2026-09-08 18:29:37"
"1634","111","2024-04-06","18.00","27000","2026-09-08 18:29:37"
"1635","285","2024-04-06","20.00","20000","2026-09-08 18:29:37"
"1636","159","2024-04-06","6500.00","201500","2026-09-08 18:29:37"
"1637","197","2024-04-06","20.00","40000","2026-09-08 18:29:37"
"1638","246","2024-04-06","44.00","44000","2026-09-08 18:29:37"
"1639","128","2024-04-06","20.00","50000","2026-09-08 18:29:37"
"1640","111","2024-05-06","18.00","27000","2026-09-08 18:29:37"
"1641","208","2024-05-06","10.00","10000","2026-09-08 18:29:37"
"1642","198","2024-05-06","9.00","76500","2026-09-08 18:29:37"
"1643","133","2024-05-06","11000.00","181500","2026-09-08 18:29:37"
"1644","159","2024-05-06","5000.00","155000","2026-09-08 18:29:37"
"1645","279","2024-05-06","10.00","35000","2026-09-08 18:29:37"
"1646","76","2024-05-06","48.00","24000","2026-09-08 18:29:37"
"1647","263","2024-05-06","18.00","18000","2026-09-08 18:29:37"
"1648","183","2024-05-06","36.00","18000","2026-09-08 18:29:37"
"1649","82","2024-05-06","28.00","56000","2026-09-08 18:29:37"
"1650","163","2024-05-06","20.00","50000","2026-09-08 18:29:37"
"1651","3","2024-05-06","19.00","47500","2026-09-08 18:29:37"
"1652","122","2024-06-06","40.00","40000","2026-09-08 18:29:37"
"1653","142","2024-06-06","32.00","16000","2026-09-08 18:29:37"
"1654","199","2024-06-06","12.00","12000","2026-09-08 18:29:37"
"1655","279","2024-06-06","14.00","49000","2026-09-08 18:29:37"
"1656","239","2024-06-06","20.00","20000","2026-09-08 18:29:37"
"1657","223","2024-06-06","30.00","15000","2026-09-08 18:29:37"
"1658","159","2024-06-06","10000.00","310000","2026-09-08 18:29:37"
"1659","159","2024-06-06","2250.00","72000","2026-09-08 18:29:37"
"1660","238","2024-06-06","30.00","15000","2026-09-08 18:29:37"
"1661","127","2024-06-06","44.00","154000","2026-09-08 18:29:37"
"1662","272","2024-07-06","10.00","50000","2026-09-08 18:29:37"
"1663","4","2024-07-06","20.00","40000","2026-09-08 18:29:37"
"1664","197","2024-07-06","11.00","22000","2026-09-08 18:29:37"
"1665","3","2024-07-06","20.00","50000","2026-09-08 18:29:37"
"1666","166","2024-07-06","9.00","18000","2026-09-08 18:29:37"
"1667","153","2024-07-06","20.00","20000","2026-09-08 18:29:37"
"1668","223","2024-07-06","28.00","14000","2026-09-08 18:29:37"
"1669","50","2024-07-06","18.00","54000","2026-09-08 18:29:37"
"1670","188","2024-07-06","30.00","60000","2026-09-08 18:29:37"
"1671","286","2024-07-06","9.00","45000","2026-09-08 18:29:37"
"1672","240","2024-08-06","9.00","90000","2026-09-08 18:29:37"
"1673","127","2024-08-06","59.00","206500","2026-09-08 18:29:37"
"1674","238","2024-08-06","30.00","15000","2026-09-08 18:29:37"
"1675","285","2024-08-06","21.00","21000","2026-09-08 18:29:37"
"1676","231","2024-08-06","29.00","58000","2026-09-08 18:29:37"
"1677","122","2024-08-06","21.00","21000","2026-09-08 18:29:37"
"1678","142","2024-08-06","21.00","10500","2026-09-08 18:29:37"
"1679","166","2024-08-06","9.00","18000","2026-09-08 18:29:37"
"1680","107","2024-08-06","54.00","54000","2026-09-08 18:29:37"
"1681","167","2024-08-06","21.00","21000","2026-09-08 18:29:37"
"1682","111","2024-08-06","31.00","46500","2026-09-08 18:29:37"
"1683","159","2024-08-06","5000.00","155000","2026-09-08 18:29:37"
"1684","159","2024-08-06","4500.00","144000","2026-09-08 18:29:37"
"1685","35","2024-08-06","20.00","50000","2026-09-08 18:29:37"
"1686","144","2024-08-06","29.00","58000","2026-09-08 18:29:37"
"1687","166","2024-08-06","7.00","14000","2026-09-08 18:29:37"
"1688","104","2024-08-06","10.00","55000","2026-09-08 18:29:37"
"1689","4","2024-09-06","20.00","40000","2026-09-08 18:29:37"
"1690","90","2024-09-06","25.00","25000","2026-09-08 18:29:37"
"1691","282","2024-09-06","20.00","40000","2026-09-08 18:29:37"
"1692","188","2024-09-06","20.00","40000","2026-09-08 18:29:37"
"1693","231","2024-09-06","19.00","38000","2026-09-08 18:29:37"
"1694","246","2024-09-06","65.00","65000","2026-09-08 18:29:37"
"1695","159","2024-09-06","9500.00","294500","2026-09-08 18:29:37"
"1696","261","2024-09-06","11.00","55000","2026-09-08 18:29:37"
"1697","251","2024-09-06","30.00","30000","2026-09-08 18:29:37"
"1698","272","2024-09-06","20.00","100000","2026-09-08 18:29:37"
"1699","235","2024-09-06","10.00","400000","2026-09-08 18:29:37"
"1700","6","2024-09-06","75.00","262500","2026-09-08 18:29:37"
"1701","208","2024-09-06","30.00","30000","2026-09-08 18:29:37"
"1702","104","2024-09-06","11.00","60500","2026-09-08 18:29:37"
"1703","223","2024-09-06","38.00","19000","2026-09-08 18:29:37"
"1704","227","2024-09-06","10.00","65000","2026-09-08 18:29:37"
"1705","166","2024-09-06","9.00","18000","2026-09-08 18:29:37"
"1706","111","2024-09-06","15.00","22500","2026-09-08 18:29:37"
"1707","133","2024-09-06","10000.00","165000","2026-09-08 18:29:37"
"1708","35","2024-09-06","30.00","75000","2026-09-08 18:29:37"
"1709","153","2024-09-06","30.00","30000","2026-09-08 18:29:37"
"1710","223","2024-09-06","39.00","19500","2026-09-08 18:29:37"
"1711","197","2024-09-06","39.00","78000","2026-09-08 18:29:37"
"1712","159","2024-10-06","10000.00","310000","2026-09-08 18:29:37"
"1713","50","2024-10-06","17.00","51000","2026-09-08 18:29:37"
"1714","285","2024-10-06","20.00","20000","2026-09-08 18:29:37"
"1715","166","2024-10-06","11.00","22000","2026-09-08 18:29:37"
"1716","3","2024-10-06","10.00","25000","2026-09-08 18:29:37"
"1717","96","2024-10-06","10.00","5000","2026-09-08 18:29:37"
"1718","128","2024-10-06","10.00","25000","2026-09-08 18:29:37"
"1719","136","2024-10-06","11.00","33000","2026-09-08 18:29:37"
"1720","236","2024-10-06","12.00","12000","2026-09-08 18:29:37"
"1721","138","2024-10-06","20.00","10000","2026-09-08 18:29:37"
"1722","197","2024-10-06","20.00","40000","2026-09-08 18:29:37"
"1723","127","2024-10-06","43.00","150500","2026-09-08 18:29:37"
"1724","6","2024-10-06","30.00","105000","2026-09-08 18:29:37"
"1725","223","2024-10-06","24.00","12000","2026-09-08 18:29:37"
"1726","154","2024-11-06","10.00","20000","2026-09-08 18:29:37"
"1727","197","2024-11-06","21.00","42000","2026-09-08 18:29:37"
"1728","239","2024-11-06","11.00","11000","2026-09-08 18:29:37"
"1729","127","2024-11-06","45.00","157500","2026-09-08 18:29:37"
"1730","167","2024-11-06","30.00","30000","2026-09-08 18:29:37"
"1731","107","2024-11-06","22.00","22000","2026-09-08 18:29:37"
"1732","235","2024-11-06","9.00","360000","2026-09-08 18:29:37"
"1733","50","2024-11-06","19.00","57000","2026-09-08 18:29:37"
"1734","163","2024-11-06","22.00","55000","2026-09-08 18:29:37"
"1735","185","2024-12-06","2500.00","155000","2026-09-08 18:29:37"
"1736","182","2024-12-06","20.00","20000","2026-09-08 18:29:37"
"1737","114","2024-12-06","20.00","20000","2026-09-08 18:29:37"
"1738","43","2024-12-06","9000.00","130500","2026-09-08 18:29:37"
"1739","159","2024-12-06","5500.00","170500","2026-09-08 18:29:37"
"1740","142","2024-12-06","30.00","15000","2026-09-08 18:29:37"
"1741","3","2024-12-06","39.00","97500","2026-09-08 18:29:37"
"1742","246","2024-12-06","34.00","34000","2026-09-08 18:29:37"
"1743","107","2024-12-06","20.00","20000","2026-09-08 18:29:37"
"1744","271","2024-12-06","11.00","22000","2026-09-08 18:29:37"
"1745","6","2024-12-06","30.00","105000","2026-09-08 18:29:37"
"1746","127","2024-12-06","42.00","147000","2026-09-08 18:29:37"
"1747","133","2024-12-06","3000.00","49500","2026-09-08 18:29:37"
"1748","197","2024-06-13","10.00","20000","2026-09-08 18:29:37"
"1749","37","2024-06-13","20.00","30000","2026-09-08 18:29:37"
"1750","246","2024-06-13","39.00","39000","2026-09-08 18:29:37"
"1751","163","2024-06-13","11.00","27500","2026-09-08 18:29:37"
"1752","203","2024-06-13","20.00","40000","2026-09-08 18:29:37"
"1753","76","2024-06-13","33.00","16500","2026-09-08 18:29:37"
"1754","227","2024-06-13","9.00","58500","2026-09-08 18:29:37"
"1755","107","2024-06-13","30.00","30000","2026-09-08 18:29:37"
"1756","282","2024-06-13","29.00","58000","2026-09-08 18:29:37"
"1757","96","2024-06-13","28.00","14000","2026-09-08 18:29:37"
"1758","127","2024-06-13","70.00","245000","2026-09-08 18:29:37"
"1759","6","2024-06-13","65.00","227500","2026-09-08 18:29:37"
"1760","251","2024-06-13","43.00","43000","2026-09-08 18:29:37"
"1761","82","2024-06-13","36.00","72000","2026-09-08 18:29:37"
"1762","223","2024-06-13","46.00","23000","2026-09-08 18:29:37"
"1763","57","2024-06-13","3000.00","60000","2026-09-08 18:29:37"
"1764","223","2024-06-14","59.00","29500","2026-09-08 18:29:37"
"1765","252","2024-06-14","35.00","17500","2026-09-08 18:29:37"
"1766","70","2024-06-14","30.00","105000","2026-09-08 18:29:37"
"1767","236","2024-06-14","30.00","30000","2026-09-08 18:29:37"
"1768","250","2024-06-14","9.00","270000","2026-09-08 18:29:37"
"1769","151","2024-06-14","10.00","320000","2026-09-08 18:29:37"
"1770","282","2024-06-14","28.00","56000","2026-09-08 18:29:37"
"1771","134","2024-06-14","22.00","132000","2026-09-08 18:29:37"
"1772","6","2024-06-14","45.00","157500","2026-09-08 18:29:37"
"1773","199","2024-06-14","20.00","20000","2026-09-08 18:29:37"
"1774","159","2024-06-15","4500.00","144000","2026-09-08 18:29:37"
"1775","159","2024-06-15","10000.00","310000","2026-09-08 18:29:37"
"1776","43","2024-06-15","11000.00","159500","2026-09-08 18:29:37"
"1777","127","2024-06-15","58.00","203000","2026-09-08 18:29:37"
"1778","133","2024-06-15","20000.00","330000","2026-09-08 18:29:37"
"1779","57","2024-06-15","2250.00","45000","2026-09-08 18:29:37"
"1780","43","2024-06-15","6000.00","87000","2026-09-08 18:29:37"
"1781","250","2024-06-15","2.00","60000","2026-09-08 18:29:37"
"1782","7","2024-06-15","750.00","75000","2026-09-08 18:29:37"
"1783","76","2024-06-15","55.00","27500","2026-09-08 18:29:37"
"1784","136","2024-06-16","39.00","117000","2026-09-08 18:29:37"
"1785","50","2024-06-16","21.00","63000","2026-09-08 18:29:37"
"1786","281","2024-06-16","87.00","87000","2026-09-08 18:29:37"
"1787","151","2024-06-16","20.00","640000","2026-09-08 18:29:37"
"1788","193","2024-06-16","30.00","15000","2026-09-08 18:29:37"
"1789","127","2024-06-16","89.00","311500","2026-09-08 18:29:37"
"1790","251","2024-06-16","30.00","30000","2026-09-08 18:29:37"
"1791","142","2024-06-16","32.00","16000","2026-09-08 18:29:37"
"1792","197","2024-06-16","27.00","54000","2026-09-08 18:29:37"
"1793","239","2024-06-16","39.00","39000","2026-09-08 18:29:37"
"1794","111","2024-06-16","40.00","60000","2026-09-08 18:29:37"
"1795","208","2024-06-17","30.00","30000","2026-09-08 18:29:37"
"1796","76","2024-06-17","76.00","38000","2026-09-08 18:29:37"
"1797","133","2024-06-17","12000.00","198000","2026-09-08 18:29:37"
"1798","104","2024-06-17","10.00","55000","2026-09-08 18:29:37"
"1799","56","2024-06-17","20.00","100000","2026-09-08 18:29:37"
"1800","241","2024-06-17","30.00","45000","2026-09-08 18:29:37"
"1801","43","2024-06-17","20000.00","290000","2026-09-08 18:29:37"
"1802","246","2024-06-17","80.00","80000","2026-09-08 18:29:37"
"1803","76","2024-06-17","103.00","51500","2026-09-08 18:29:37"
"1804","127","2024-06-17","129.00","451500","2026-09-08 18:29:37"
"1805","35","2024-06-17","30.00","75000","2026-09-08 18:29:37"
"1806","282","2024-06-17","30.00","60000","2026-09-08 18:29:37"
"1807","104","2024-06-18","18.00","99000","2026-09-08 18:29:37"
"1808","50","2024-06-18","20.00","60000","2026-09-08 18:29:37"
"1809","234","2024-06-18","21.00","21000","2026-09-08 18:29:37"
"1810","153","2024-06-18","30.00","30000","2026-09-08 18:29:37"
"1811","3","2024-06-18","30.00","75000","2026-09-08 18:29:37"
"1812","246","2024-06-18","54.00","54000","2026-09-08 18:29:37"
"1813","82","2024-06-18","29.00","58000","2026-09-08 18:29:37"
"1814","142","2024-06-18","40.00","20000","2026-09-08 18:29:37"
"1815","76","2024-06-18","51.00","25500","2026-09-08 18:29:37"
"1816","74","2024-06-18","37.00","74000","2026-09-08 18:29:37"
"1817","166","2024-06-18","9.00","18000","2026-09-08 18:29:37"
"1818","97","2024-06-18","20.00","40000","2026-09-08 18:29:37"
"1819","220","2024-06-18","18.00","36000","2026-09-08 18:29:37"
"1820","167","2024-06-18","40.00","40000","2026-09-08 18:29:37"
"1821","159","2024-06-18","10000.00","310000","2026-09-08 18:29:37"
"1822","198","2024-06-18","22.00","187000","2026-09-08 18:29:37"
"1823","282","2024-06-18","60.00","120000","2026-09-08 18:29:37"
"1824","159","2024-06-19","9000.00","279000","2026-09-08 18:29:37"
"1825","76","2024-06-19","44.00","22000","2026-09-08 18:29:37"
"1826","142","2024-06-19","50.00","25000","2026-09-08 18:29:37"
"1827","251","2024-06-19","43.00","43000","2026-09-08 18:29:37"
"1828","167","2024-06-19","42.00","42000","2026-09-08 18:29:37"
"1829","198","2024-06-19","5.00","42500","2026-09-08 18:29:37"
"1830","70","2024-06-19","20.00","70000","2026-09-08 18:29:37"
"1831","5","2024-06-19","18.00","18000","2026-09-08 18:29:37"
"1832","246","2024-06-19","39.00","39000","2026-09-08 18:29:37"
"1833","154","2024-06-19","10.00","20000","2026-09-08 18:29:37"
"1834","107","2024-06-19","20.00","20000","2026-09-08 18:29:37"
"1835","220","2024-06-19","30.00","60000","2026-09-08 18:29:37"
"1836","97","2024-06-19","31.00","62000","2026-09-08 18:29:37"
"1837","197","2024-06-19","29.00","58000","2026-09-08 18:29:37"
"1838","133","2024-06-19","9000.00","148500","2026-09-08 18:29:37"
"1839","282","2024-06-19","14.00","28000","2026-09-08 18:29:37"
"1840","82","2024-06-20","50.00","100000","2026-09-08 18:29:37"
"1841","220","2024-06-20","54.00","108000","2026-09-08 18:29:37"
"1842","76","2024-06-20","87.00","43500","2026-09-08 18:29:37"
"1843","142","2024-06-20","70.00","35000","2026-09-08 18:29:37"
"1844","6","2024-06-21","43.00","150500","2026-09-08 18:29:37"
"1845","127","2024-06-21","44.00","154000","2026-09-08 18:29:37"
"1846","159","2024-06-21","5000.00","155000","2026-09-08 18:29:37"
"1847","159","2024-06-21","5500.00","170500","2026-09-08 18:29:37"
"1848","159","2024-06-21","2500.00","80000","2026-09-08 18:29:37"
"1849","185","2024-06-21","500.00","31000","2026-09-08 18:29:37"
"1850","251","2024-06-21","20.00","20000","2026-09-08 18:29:37"
"1851","154","2024-06-21","13.00","26000","2026-09-08 18:29:37"
"1852","50","2024-06-21","12.00","36000","2026-09-08 18:29:37"
"1853","142","2024-06-21","10.00","5000","2026-09-08 18:29:37"
"1854","208","2024-06-21","11.00","11000","2026-09-08 18:29:37"
"1855","176","2024-06-21","10.00","20000","2026-09-08 18:29:37"
"1856","133","2024-06-21","5000.00","82500","2026-09-08 18:29:37"
"1857","163","2024-06-21","8.00","20000","2026-09-08 18:29:37"
"1858","252","2024-06-22","22.00","11000","2026-09-08 18:29:37"
"1859","127","2024-06-22","44.00","154000","2026-09-08 18:29:37"
"1860","142","2024-06-22","29.00","14500","2026-09-08 18:29:37"
"1861","107","2024-06-22","22.00","22000","2026-09-08 18:29:37"
"1862","51","2024-06-22","10.00","70000","2026-09-08 18:29:37"
"1863","163","2024-06-22","59.00","147500","2026-09-08 18:29:37"
"1864","165","2024-06-22","39.00","39000","2026-09-08 18:29:37"
"1865","3","2024-06-22","41.00","102500","2026-09-08 18:29:37"
"1866","193","2024-06-22","48.00","24000","2026-09-08 18:29:37"
"1867","168","2024-06-22","128.00","192000","2026-09-08 18:29:37"
"1868","134","2024-06-22","51.00","306000","2026-09-08 18:29:37"
"1869","57","2024-06-23","2500.00","50000","2026-09-08 18:29:37"
"1870","203","2024-06-23","20.00","40000","2026-09-08 18:29:37"
"1871","159","2024-06-23","4750.00","152000","2026-09-08 18:29:37"
"1872","159","2024-06-23","10500.00","325500","2026-09-08 18:29:37"
"1873","167","2024-06-23","30.00","30000","2026-09-08 18:29:37"
"1874","43","2024-06-23","20000.00","290000","2026-09-08 18:29:37"
"1875","142","2024-06-23","40.00","20000","2026-09-08 18:29:37"
"1876","208","2024-06-23","29.00","29000","2026-09-08 18:29:37"
"1877","17","2024-06-23","30.00","60000","2026-09-08 18:29:37"
"1878","76","2024-06-23","87.00","43500","2026-09-08 18:29:37"
"1879","116","2024-06-23","16.00","16000","2026-09-08 18:29:37"
"1880","220","2024-06-23","14.00","28000","2026-09-08 18:29:37"
"1881","154","2024-06-23","10.00","20000","2026-09-08 18:29:37"
"1882","251","2024-06-23","22.00","22000","2026-09-08 18:29:37"
"1883","173","2024-06-23","20.00","40000","2026-09-08 18:29:37"
"1884","201","2024-06-23","10.00","20000","2026-09-08 18:29:37"
"1885","166","2024-06-23","9.00","18000","2026-09-08 18:29:37"
"1886","246","2024-06-23","44.00","44000","2026-09-08 18:29:37"
"1887","64","2024-06-23","750.00","22500","2026-09-08 18:29:37"
"1888","97","2024-06-23","30.00","60000","2026-09-08 18:29:37"
"1889","76","2024-06-24","39.00","19500","2026-09-08 18:29:37"
"1890","142","2024-06-24","39.00","19500","2026-09-08 18:29:37"
"1891","122","2024-06-24","31.00","31000","2026-09-08 18:29:37"
"1892","50","2024-06-24","11.00","33000","2026-09-08 18:29:37"
"1893","223","2024-06-24","30.00","15000","2026-09-08 18:29:37"
"1894","166","2024-06-24","10.00","20000","2026-09-08 18:29:37"
"1895","251","2024-06-24","43.00","43000","2026-09-08 18:29:37"
"1896","159","2024-06-24","6000.00","186000","2026-09-08 18:29:37"
"1897","35","2024-06-24","25.00","62500","2026-09-08 18:29:37"
"1898","197","2024-06-24","39.00","78000","2026-09-08 18:29:37"
"1899","43","2024-06-25","10000.00","145000","2026-09-08 18:29:37"
"1900","19","2024-06-25","11.00","5500","2026-09-08 18:29:37"
"1901","275","2024-06-25","60.00","60000","2026-09-08 18:29:37"
"1902","166","2024-06-25","9.00","18000","2026-09-08 18:29:37"
"1903","167","2024-06-25","30.00","30000","2026-09-08 18:29:37"
"1904","159","2024-06-25","5000.00","155000","2026-09-08 18:29:37"
"1905","282","2024-06-25","29.00","58000","2026-09-08 18:29:37"
"1906","272","2024-06-25","27.00","135000","2026-09-08 18:29:37"
"1907","181","2024-06-25","18.00","144000","2026-09-08 18:29:37"
"1908","133","2024-06-26","10000.00","165000","2026-09-08 18:29:37"
"1909","196","2024-06-26","4.00","36000","2026-09-08 18:29:37"
"1910","3","2024-06-26","10.00","25000","2026-09-08 18:29:37"
"1911","8","2024-06-26","9.00","54000","2026-09-08 18:29:37"
"1912","21","2024-06-26","11.00","77000","2026-09-08 18:29:37"
"1913","86","2024-06-26","5000.00","250000","2026-09-08 18:29:37"
"1914","274","2024-06-26","30.00","60000","2026-09-08 18:29:37"
"1915","142","2024-06-26","22.00","11000","2026-09-08 18:29:37"
"1916","246","2024-06-27","30.00","30000","2026-09-08 18:29:37"
"1917","163","2024-06-27","12.00","30000","2026-09-08 18:29:37"
"1918","235","2024-06-27","8.00","320000","2026-09-08 18:29:37"
"1919","7","2024-06-27","500.00","50000","2026-09-08 18:29:37"
"1920","142","2024-06-27","43.00","21500","2026-09-08 18:29:37"
"1921","165","2024-06-27","30.00","30000","2026-09-08 18:29:37"
"1922","220","2024-06-27","20.00","40000","2026-09-08 18:29:37"
"1923","166","2024-06-27","9.00","18000","2026-09-08 18:29:37"
"1924","93","2024-06-27","6.00","78000","2026-09-08 18:29:37"
"1925","3","2024-06-27","30.00","75000","2026-09-08 18:29:37"
"1926","97","2024-06-27","33.00","66000","2026-09-08 18:29:37"
"1927","6","2024-06-28","40.00","140000","2026-09-08 18:29:37"
"1928","197","2024-06-28","20.00","40000","2026-09-08 18:29:37"
"1929","3","2024-06-28","30.00","75000","2026-09-08 18:29:37"
"1930","159","2024-06-28","14000.00","434000","2026-09-08 18:29:37"
"1931","5","2024-06-28","30.00","30000","2026-09-08 18:29:37"
"1932","118","2024-06-28","21.00","21000","2026-09-08 18:29:37"
"1933","246","2024-06-28","32.00","32000","2026-09-08 18:29:37"
"1934","183","2024-06-28","39.00","19500","2026-09-08 18:29:37"
"1935","96","2024-06-28","22.00","11000","2026-09-08 18:29:37"
"1936","220","2024-06-28","25.00","50000","2026-09-08 18:29:37"
"1937","166","2024-06-28","8.00","16000","2026-09-08 18:29:37"
"1938","111","2024-06-29","28.00","42000","2026-09-08 18:29:37"
"1939","97","2024-06-29","49.00","98000","2026-09-08 18:29:37"
"1940","3","2024-06-29","33.00","82500","2026-09-08 18:29:37"
"1941","159","2024-06-29","7000.00","217000","2026-09-08 18:29:37"
"1942","220","2024-06-29","34.00","68000","2026-09-08 18:29:37"
"1943","76","2024-06-29","60.00","30000","2026-09-08 18:29:37"
"1944","142","2024-06-29","45.00","22500","2026-09-08 18:29:37"
"1945","127","2024-06-29","66.00","231000","2026-09-08 18:29:37"
"1946","107","2024-06-30","30.00","30000","2026-09-08 18:29:37"
"1947","122","2024-06-30","45.00","45000","2026-09-08 18:29:37"
"1948","82","2024-06-30","20.00","40000","2026-09-08 18:29:37"
"1949","159","2024-06-30","10000.00","310000","2026-09-08 18:29:37"
"1950","251","2024-06-30","46.00","46000","2026-09-08 18:29:37"
"1951","127","2024-06-30","60.00","210000","2026-09-08 18:29:37"
"1952","111","2024-06-30","30.00","45000","2026-09-08 18:29:37"
"1953","260","2024-06-30","10.00","75000","2026-09-08 18:29:37"
"1954","19","2024-06-30","29.00","14500","2026-09-08 18:29:37"
"1955","122","2024-06-30","48.00","48000","2026-09-08 18:29:37"
"1956","43","2024-06-30","18000.00","261000","2026-09-08 18:29:37"
"1957","104","2024-06-30","10.00","55000","2026-09-08 18:29:37"
"1958","107","2024-06-30","30.00","30000","2026-09-08 18:29:37"
"1959","230","2024-06-30","40.00","20000","2026-09-08 18:29:37"
"1960","133","2024-01-07","9000.00","148500","2026-09-08 18:29:37"
"1961","26","2024-01-07","29.00","58000","2026-09-08 18:29:37"
"1962","282","2024-01-07","30.00","60000","2026-09-08 18:29:37"
"1963","188","2024-01-07","43.00","86000","2026-09-08 18:29:37"
"1964","251","2024-01-07","54.00","54000","2026-09-08 18:29:37"
"1965","113","2024-01-07","29.00","58000","2026-09-08 18:29:37"
"1966","73","2024-01-07","43.00","86000","2026-09-08 18:29:37"
"1967","263","2024-01-07","20.00","20000","2026-09-08 18:29:37"
"1968","65","2024-01-07","11.00","71500","2026-09-08 18:29:37"
"1969","159","2024-02-07","6000.00","186000","2026-09-08 18:29:37"
"1970","107","2024-02-07","30.00","30000","2026-09-08 18:29:37"
"1971","111","2024-02-07","39.00","58500","2026-09-08 18:29:37"
"1972","208","2024-02-07","30.00","30000","2026-09-08 18:29:37"
"1973","198","2024-02-07","5.00","42500","2026-09-08 18:29:37"
"1974","133","2024-02-07","11000.00","181500","2026-09-08 18:29:37"
"1975","159","2024-02-07","2500.00","80000","2026-09-08 18:29:37"
"1976","279","2024-02-07","12.00","42000","2026-09-08 18:29:37"
"1977","76","2024-02-07","45.00","22500","2026-09-08 18:29:37"
"1978","263","2024-02-07","30.00","30000","2026-09-08 18:29:37"
"1979","183","2024-02-07","43.00","21500","2026-09-08 18:29:37"
"1980","82","2024-02-07","34.00","68000","2026-09-08 18:29:37"
"1981","159","2024-03-07","9000.00","279000","2026-09-08 18:29:37"
"1982","159","2024-03-07","3000.00","96000","2026-09-08 18:29:37"
"1983","238","2024-03-07","45.00","22500","2026-09-08 18:29:37"
"1984","127","2024-03-07","43.00","150500","2026-09-08 18:29:37"
"1985","27","2024-03-07","20.00","60000","2026-09-08 18:29:37"
"1986","223","2024-03-07","32.00","16000","2026-09-08 18:29:37"
"1987","138","2024-03-07","30.00","15000","2026-09-08 18:29:37"
"1988","238","2024-03-07","30.00","15000","2026-09-08 18:29:37"
"1989","159","2024-03-07","5000.00","155000","2026-09-08 18:29:37"
"1990","235","2024-04-07","6.00","240000","2026-09-08 18:29:37"
"1991","6","2024-04-07","30.00","105000","2026-09-08 18:29:37"
"1992","159","2024-04-07","2500.00","77500","2026-09-08 18:29:37"
"1993","159","2024-04-07","3000.00","93000","2026-09-08 18:29:37"
"1994","208","2024-04-07","19.00","19000","2026-09-08 18:29:37"
"1995","104","2024-04-07","10.00","55000","2026-09-08 18:29:37"
"1996","223","2024-04-07","20.00","10000","2026-09-08 18:29:37"
"1997","227","2024-04-07","9.00","58500","2026-09-08 18:29:37"
"1998","166","2024-04-07","2.00","4000","2026-09-08 18:29:37"
"1999","111","2024-04-07","6.00","9000","2026-09-08 18:29:37"
"2000","133","2024-04-07","9000.00","148500","2026-09-08 18:29:37"
"2001","35","2024-04-07","17.00","42500","2026-09-08 18:29:37"
"2002","153","2024-04-07","14.00","14000","2026-09-08 18:29:37"
"2003","223","2024-04-07","10.00","5000","2026-09-08 18:29:37"
"2004","197","2024-04-07","10.00","20000","2026-09-08 18:29:37"
"2005","154","2024-05-07","20.00","40000","2026-09-08 18:29:37"
"2006","197","2024-05-07","10.00","20000","2026-09-08 18:29:37"
"2007","239","2024-05-07","19.00","19000","2026-09-08 18:29:37"
"2008","127","2024-05-07","30.00","105000","2026-09-08 18:29:37"
"2009","167","2024-05-07","30.00","30000","2026-09-08 18:29:37"
"2010","107","2024-05-07","29.00","29000","2026-09-08 18:29:37"
"2011","235","2024-05-07","7.00","280000","2026-09-08 18:29:37"
"2012","50","2024-05-07","25.00","75000","2026-09-08 18:29:37"
"2013","163","2024-05-07","30.00","75000","2026-09-08 18:29:37"
"2014","240","2024-06-07","21.00","210000","2026-09-08 18:29:37"
"2015","144","2024-06-07","20.00","40000","2026-09-08 18:29:37"
"2016","282","2024-06-07","30.00","60000","2026-09-08 18:29:37"
"2017","122","2024-06-07","22.00","22000","2026-09-08 18:29:37"
"2018","6","2024-06-07","40.00","140000","2026-09-08 18:29:37"
"2019","70","2024-06-07","15.00","52500","2026-09-08 18:29:37"
"2020","142","2024-06-07","10.00","5000","2026-09-08 18:29:37"
"2021","220","2024-06-07","29.00","58000","2026-09-08 18:29:37"
"2022","96","2024-06-07","42.00","21000","2026-09-08 18:29:37"
"2023","90","2024-06-07","77.00","77000","2026-09-08 18:29:37"
"2024","203","2024-06-07","10.00","20000","2026-09-08 18:29:37"
"2025","233","2024-06-07","1.00","500","2026-09-08 18:29:37"
"2026","127","2024-06-07","65.00","227500","2026-09-08 18:29:37"
"2027","121","2024-06-07","11.00","110000","2026-09-08 18:29:37"
"2028","227","2024-06-07","8.00","52000","2026-09-08 18:29:37"
"2029","111","2024-06-07","15.00","22500","2026-09-08 18:29:37"
"2030","166","2024-06-07","10.00","20000","2026-09-08 18:29:37"
"2031","128","2024-06-07","20.00","50000","2026-09-08 18:29:37"
"2032","128","2024-07-07","30.00","75000","2026-09-08 18:29:37"
"2033","197","2024-07-07","30.00","60000","2026-09-08 18:29:37"
"2034","11","2024-07-07","2500.00","85000","2026-09-08 18:29:37"
"2035","76","2024-07-07","65.00","32500","2026-09-08 18:29:37"
"2036","203","2024-07-07","31.00","62000","2026-09-08 18:29:37"
"2037","224","2024-07-07","24500.00","49000","2026-09-08 18:29:37"
"2038","246","2024-07-07","66.00","66000","2026-09-08 18:29:37"
"2039","73","2024-07-07","10.00","20000","2026-09-08 18:29:37"
"2040","107","2024-07-07","40.00","40000","2026-09-08 18:29:37"
"2041","159","2024-07-07","4250.00","136000","2026-09-08 18:29:37"
"2042","159","2024-07-07","5000.00","155000","2026-09-08 18:29:37"
"2043","127","2024-07-07","70.00","245000","2026-09-08 18:29:37"
"2044","138","2024-07-07","31.00","15500","2026-09-08 18:29:37"
"2045","166","2024-07-07","11.00","22000","2026-09-08 18:29:37"
"2046","240","2024-08-07","10.00","100000","2026-09-08 18:29:37"
"2047","12","2024-08-07","11.00","77000","2026-09-08 18:29:38"
"2048","272","2024-08-07","30.00","150000","2026-09-08 18:29:38"
"2049","154","2024-08-07","21.00","42000","2026-09-08 18:29:38"
"2050","188","2024-08-07","32.00","64000","2026-09-08 18:29:38"
"2051","203","2024-08-07","33.00","66000","2026-09-08 18:29:38"
"2052","142","2024-08-07","32.00","16000","2026-09-08 18:29:38"
"2053","159","2024-08-07","6000.00","186000","2026-09-08 18:29:38"
"2054","6","2024-08-07","47.00","164500","2026-09-08 18:29:38"
"2055","26","2024-08-07","30.00","60000","2026-09-08 18:29:38"
"2056","6","2024-09-07","35.00","122500","2026-09-08 18:29:38"
"2057","136","2024-09-07","21.00","63000","2026-09-08 18:29:38"
"2058","223","2024-09-07","20.00","10000","2026-09-08 18:29:38"
"2059","266","2024-09-07","20.00","50000","2026-09-08 18:29:38"
"2060","50","2024-09-07","20.00","60000","2026-09-08 18:29:38"
"2061","257","2024-09-07","22.00","55000","2026-09-08 18:29:38"
"2062","208","2024-09-07","31.00","31000","2026-09-08 18:29:38"
"2063","96","2024-09-07","31.00","15500","2026-09-08 18:29:38"
"2064","203","2024-09-07","30.00","60000","2026-09-08 18:29:38"
"2065","122","2024-09-07","45.00","45000","2026-09-08 18:29:38"
"2066","96","2024-10-07","32.00","16000","2026-09-08 18:29:38"
"2067","27","2024-10-07","10.00","30000","2026-09-08 18:29:38"
"2068","197","2024-10-07","19.00","38000","2026-09-08 18:29:38"
"2069","235","2024-10-07","10.00","400000","2026-09-08 18:29:38"
"2070","35","2024-10-07","20.00","50000","2026-09-08 18:29:38"
"2071","127","2024-10-07","40.00","140000","2026-09-08 18:29:38"
"2072","6","2024-10-07","30.00","105000","2026-09-08 18:29:38"
"2073","266","2024-10-07","21.00","52500","2026-09-08 18:29:38"
"2074","159","2024-10-07","4500.00","139500","2026-09-08 18:29:38"
"2075","227","2024-10-07","11.00","71500","2026-09-08 18:29:38"
"2076","26","2024-11-07","20.00","40000","2026-09-08 18:29:38"
"2077","72","2024-11-07","21.00","42000","2026-09-08 18:29:38"
"2078","4","2024-11-07","33.00","66000","2026-09-08 18:29:38"
"2079","233","2024-11-07","41.00","20500","2026-09-08 18:29:38"
"2080","122","2024-11-07","43.00","43000","2026-09-08 18:29:38"
"2081","113","2024-11-07","33.00","66000","2026-09-08 18:29:38"
"2082","159","2024-11-07","6500.00","201500","2026-09-08 18:29:38"
"2083","197","2024-11-07","19.00","38000","2026-09-08 18:29:38"
"2084","185","2024-11-07","2000.00","124000","2026-09-08 18:29:38"
"2085","107","2024-12-07","20.00","20000","2026-09-08 18:29:38"
"2086","122","2024-12-07","39.00","39000","2026-09-08 18:29:38"
"2087","50","2024-12-07","30.00","90000","2026-09-08 18:29:38"
"2088","111","2024-12-07","33.00","49500","2026-09-08 18:29:38"
"2089","82","2024-12-07","10.00","20000","2026-09-08 18:29:38"
"2090","197","2024-12-07","17.00","34000","2026-09-08 18:29:38"
"2091","159","2024-12-07","10000.00","310000","2026-09-08 18:29:38"
"2092","183","2024-12-07","32.00","16000","2026-09-08 18:29:38"
"2093","203","2024-12-07","10.00","20000","2026-09-08 18:29:38"
"2094","185","2024-12-07","1000.00","62000","2026-09-08 18:29:38"
"2095","194","2024-12-07","10.00","20000","2026-09-08 18:29:38"
"2096","26","2024-12-07","30.00","60000","2026-09-08 18:29:38"
"2097","97","2024-07-13","36.00","72000","2026-09-08 18:29:38"
"2098","235","2024-07-13","9.00","360000","2026-09-08 18:29:38"
"2099","43","2024-07-13","12000.00","174000","2026-09-08 18:29:38"
"2100","246","2024-07-13","33.00","33000","2026-09-08 18:29:38"
"2101","272","2024-07-13","14.00","70000","2026-09-08 18:29:38"
"2102","121","2024-07-13","9.00","90000","2026-09-08 18:29:38"
"2103","144","2024-07-13","11.00","22000","2026-09-08 18:29:38"
"2104","159","2024-07-13","6000.00","186000","2026-09-08 18:29:38"
"2105","133","2024-07-14","17000.00","280500","2026-09-08 18:29:38"
"2106","43","2024-07-14","28000.00","406000","2026-09-08 18:29:38"
"2107","246","2024-07-14","41.00","41000","2026-09-08 18:29:38"
"2108","227","2024-07-14","9.00","58500","2026-09-08 18:29:38"
"2109","97","2024-07-14","30.00","60000","2026-09-08 18:29:38"
"2110","107","2024-07-14","25.00","25000","2026-09-08 18:29:38"
"2111","230","2024-07-14","49.00","24500","2026-09-08 18:29:38"
"2112","96","2024-07-14","51.00","25500","2026-09-08 18:29:38"
"2113","113","2024-07-14","31.00","62000","2026-09-08 18:29:38"
"2114","122","2024-07-14","30.00","30000","2026-09-08 18:29:38"
"2115","167","2024-07-14","33.00","33000","2026-09-08 18:29:38"
"2116","159","2024-07-15","3500.00","108500","2026-09-08 18:29:38"
"2117","11","2024-07-15","2500.00","85000","2026-09-08 18:29:38"
"2118","176","2024-07-15","9.00","18000","2026-09-08 18:29:38"
"2119","197","2024-07-15","20.00","40000","2026-09-08 18:29:38"
"2120","97","2024-07-15","10.00","20000","2026-09-08 18:29:38"
"2121","133","2024-07-15","10000.00","165000","2026-09-08 18:29:38"
"2122","185","2024-07-15","1250.00","77500","2026-09-08 18:29:38"
"2123","163","2024-07-15","20.00","50000","2026-09-08 18:29:38"
"2124","107","2024-07-15","21.00","21000","2026-09-08 18:29:38"
"2125","65","2024-07-16","10.00","65000","2026-09-08 18:29:38"
"2126","182","2024-07-16","22.00","22000","2026-09-08 18:29:38"
"2127","35","2024-07-16","10.00","25000","2026-09-08 18:29:38"
"2128","171","2024-07-16","20.00","20000","2026-09-08 18:29:38"
"2129","159","2024-07-16","9000.00","279000","2026-09-08 18:29:38"
"2130","235","2024-07-16","9.00","360000","2026-09-08 18:29:38"
"2131","245","2024-07-16","10.00","40000","2026-09-08 18:29:38"
"2132","240","2024-07-16","10.00","100000","2026-09-08 18:29:38"
"2133","43","2024-07-16","11000.00","159500","2026-09-08 18:29:38"
"2134","166","2024-07-17","19.00","38000","2026-09-08 18:29:38"
"2135","197","2024-07-17","22.00","44000","2026-09-08 18:29:38"
"2136","251","2024-07-17","30.00","30000","2026-09-08 18:29:38"
"2137","127","2024-07-17","44.00","154000","2026-09-08 18:29:38"
"2138","197","2024-07-17","30.00","60000","2026-09-08 18:29:38"
"2139","37","2024-07-17","30.00","45000","2026-09-08 18:29:38"
"2140","227","2024-07-18","10.00","65000","2026-09-08 18:29:38"
"2141","107","2024-07-18","30.00","30000","2026-09-08 18:29:38"
"2142","90","2024-07-18","40.00","40000","2026-09-08 18:29:38"
"2143","96","2024-07-18","30.00","15000","2026-09-08 18:29:38"
"2144","127","2024-07-18","49.00","171500","2026-09-08 18:29:38"
"2145","6","2024-07-18","48.00","168000","2026-09-08 18:29:38"
"2146","251","2024-07-18","30.00","30000","2026-09-08 18:29:38"
"2147","82","2024-07-18","32.00","64000","2026-09-08 18:29:38"
"2148","246","2024-07-18","44.00","44000","2026-09-08 18:29:38"
"2149","57","2024-07-18","2500.00","50000","2026-09-08 18:29:38"
"2150","223","2024-07-19","20.00","10000","2026-09-08 18:29:38"
"2151","252","2024-07-19","30.00","15000","2026-09-08 18:29:38"
"2152","70","2024-07-19","10.00","35000","2026-09-08 18:29:38"
"2153","236","2024-07-19","17.00","17000","2026-09-08 18:29:38"
"2154","250","2024-07-19","2.00","60000","2026-09-08 18:29:38"
"2155","151","2024-07-19","3.00","96000","2026-09-08 18:29:38"
"2156","111","2024-07-19","30.00","45000","2026-09-08 18:29:38"
"2157","134","2024-07-19","19.00","114000","2026-09-08 18:29:38"
"2158","6","2024-07-20","54.00","189000","2026-09-08 18:29:38"
"2159","199","2024-07-20","34.00","34000","2026-09-08 18:29:38"
"2160","159","2024-07-20","4500.00","139500","2026-09-08 18:29:38"
"2161","136","2024-07-20","20.00","60000","2026-09-08 18:29:38"
"2162","107","2024-07-20","40.00","40000","2026-09-08 18:29:38"
"2163","127","2024-07-20","40.00","140000","2026-09-08 18:29:38"
"2164","24","2024-07-20","19.00","47500","2026-09-08 18:29:38"
"2165","153","2024-07-20","20.00","20000","2026-09-08 18:29:38"
"2166","50","2024-07-20","21.00","63000","2026-09-08 18:29:38"
"2167","252","2024-07-20","22.00","11000","2026-09-08 18:29:38"
"2168","27","2024-07-20","20.00","60000","2026-09-08 18:29:38"
"2169","166","2024-07-20","20.00","40000","2026-09-08 18:29:38"
"2170","159","2024-07-21","10500.00","325500","2026-09-08 18:29:38"
"2171","159","2024-07-21","4750.00","152000","2026-09-08 18:29:38"
"2172","197","2024-07-21","20.00","40000","2026-09-08 18:29:38"
"2173","121","2024-07-21","11.00","110000","2026-09-08 18:29:38"
"2174","142","2024-07-21","32.00","16000","2026-09-08 18:29:38"
"2175","185","2024-07-21","750.00","46500","2026-09-08 18:29:38"
"2176","203","2024-07-21","20.00","40000","2026-09-08 18:29:38"
"2177","122","2024-07-21","32.00","32000","2026-09-08 18:29:38"
"2178","127","2024-07-21","60.00","210000","2026-09-08 18:29:38"
"2179","6","2024-07-21","52.00","182000","2026-09-08 18:29:38"
"2180","96","2024-07-21","30.00","15000","2026-09-08 18:29:38"
"2181","252","2024-07-21","20.00","10000","2026-09-08 18:29:38"
"2182","193","2024-07-21","32.00","16000","2026-09-08 18:29:38"
"2183","199","2024-07-21","40.00","40000","2026-09-08 18:29:38"
"2184","142","2024-07-21","43.00","21500","2026-09-08 18:29:38"
"2185","198","2024-07-22","5.00","42500","2026-09-08 18:29:38"
"2186","203","2024-07-22","30.00","60000","2026-09-08 18:29:38"
"2187","6","2024-07-22","30.00","105000","2026-09-08 18:29:38"
"2188","86","2024-07-22","1500.00","75000","2026-09-08 18:29:38"
"2189","104","2024-07-22","30.00","165000","2026-09-08 18:29:38"
"2190","70","2024-07-22","43.00","150500","2026-09-08 18:29:38"
"2191","142","2024-07-23","34.00","17000","2026-09-08 18:29:38"
"2192","32","2024-07-23","59.00","59000","2026-09-08 18:29:38"
"2193","159","2024-07-23","5500.00","170500","2026-09-08 18:29:38"
"2194","197","2024-07-23","20.00","40000","2026-09-08 18:29:38"
"2195","281","2024-07-23","30.00","30000","2026-09-08 18:29:38"
"2196","231","2024-07-23","19.00","38000","2026-09-08 18:29:38"
"2197","167","2024-07-23","30.00","30000","2026-09-08 18:29:38"
"2198","133","2024-07-23","5500.00","93500","2026-09-08 18:29:38"
"2199","82","2024-07-23","20.00","40000","2026-09-08 18:29:38"
"2200","6","2024-07-23","20.00","70000","2026-09-08 18:29:38"
"2201","76","2024-07-24","44.00","22000","2026-09-08 18:29:38"
"2202","154","2024-07-24","20.00","40000","2026-09-08 18:29:38"
"2203","4","2024-07-24","19.00","38000","2026-09-08 18:29:38"
"2204","251","2024-07-24","20.00","20000","2026-09-08 18:29:38"
"2205","283","2024-07-24","9.00","63000","2026-09-08 18:29:38"
"2206","142","2024-07-24","44.00","22000","2026-09-08 18:29:38"
"2207","50","2024-07-24","25.00","75000","2026-09-08 18:29:38"
"2208","163","2024-07-24","29.00","72500","2026-09-08 18:29:38"
"2209","246","2024-07-24","44.00","44000","2026-09-08 18:29:38"
"2210","133","2024-07-24","4500.00","76500","2026-09-08 18:29:38"
"2211","76","2024-07-25","34.00","17000","2026-09-08 18:29:38"
"2212","197","2024-07-25","30.00","60000","2026-09-08 18:29:38"
"2213","223","2024-07-25","30.00","15000","2026-09-08 18:29:38"
"2214","252","2024-07-25","40.00","20000","2026-09-08 18:29:38"
"2215","159","2024-07-25","5000.00","155000","2026-09-08 18:29:38"
"2216","251","2024-07-25","59.00","59000","2026-09-08 18:29:38"
"2217","176","2024-07-25","43.00","86000","2026-09-08 18:29:38"
"2218","231","2024-07-26","50.00","100000","2026-09-08 18:29:38"
"2219","90","2024-07-26","50.00","50000","2026-09-08 18:29:38"
"2220","76","2024-07-26","66.00","33000","2026-09-08 18:29:38"
"2221","220","2024-07-26","40.00","80000","2026-09-08 18:29:38"
"2222","37","2024-07-26","30.00","45000","2026-09-08 18:29:38"
"2223","50","2024-07-26","33.00","99000","2026-09-08 18:29:38"
"2224","159","2024-07-26","6000.00","186000","2026-09-08 18:29:38"
"2225","35","2024-07-26","19.00","47500","2026-09-08 18:29:38"
"2226","4","2024-07-26","18.00","36000","2026-09-08 18:29:38"
"2227","113","2024-07-26","20.00","40000","2026-09-08 18:29:38"
"2228","291","2024-07-27","20.00","20000","2026-09-08 18:29:38"
"2229","159","2024-07-27","7000.00","217000","2026-09-08 18:29:38"
"2230","142","2024-07-27","44.00","22000","2026-09-08 18:29:38"
"2231","198","2024-07-27","9.00","76500","2026-09-08 18:29:38"
"2232","35","2024-07-27","18.00","45000","2026-09-08 18:29:38"
"2233","133","2024-07-27","10000.00","165000","2026-09-08 18:29:38"
"2234","133","2024-07-27","5000.00","85000","2026-09-08 18:29:38"
"2235","6","2024-07-27","50.00","175000","2026-09-08 18:29:38"
"2236","127","2024-07-27","60.00","210000","2026-09-08 18:29:38"
"2237","159","2024-07-28","11500.00","356500","2026-09-08 18:29:38"
"2238","6","2024-07-28","40.00","140000","2026-09-08 18:29:38"
"2239","279","2024-07-28","22.00","77000","2026-09-08 18:29:38"
"2240","193","2024-07-28","30.00","15000","2026-09-08 18:29:38"
"2241","70","2024-07-28","31.00","108500","2026-09-08 18:29:38"
"2242","153","2024-07-28","30.00","30000","2026-09-08 18:29:38"
"2243","213","2024-07-28","2500.00","195000","2026-09-08 18:29:38"
"2244","213","2024-07-28","10000.00","260000","2026-09-08 18:29:38"
"2245","199","2024-07-28","55.00","55000","2026-09-08 18:29:38"
"2246","256","2024-07-29","20.00","200000","2026-09-08 18:29:38"
"2247","291","2024-07-29","32.00","32000","2026-09-08 18:29:38"
"2248","4","2024-07-29","33.00","66000","2026-09-08 18:29:38"
"2249","251","2024-07-29","20.00","20000","2026-09-08 18:29:38"
"2250","4","2024-07-29","21.00","42000","2026-09-08 18:29:38"
"2251","167","2024-07-29","22.00","22000","2026-09-08 18:29:38"
"2252","220","2024-07-29","31.00","62000","2026-09-08 18:29:38"
"2253","76","2024-07-29","44.00","22000","2026-09-08 18:29:38"
"2254","122","2024-07-30","1.00","1000","2026-09-08 18:29:38"
"2255","230","2024-07-30","2.00","1000","2026-09-08 18:29:38"
"2256","142","2024-07-30","2.00","1000","2026-09-08 18:29:38"
"2257","279","2024-07-30","2.00","7000","2026-09-08 18:29:38"
"2258","252","2024-07-30","2.00","1000","2026-09-08 18:29:38"
"2259","223","2024-07-30","10.00","5000","2026-09-08 18:29:38"
"2260","35","2024-07-30","10.00","25000","2026-09-08 18:29:38"
"2261","159","2024-07-30","10000.00","310000","2026-09-08 18:29:38"
"2262","159","2024-07-30","5000.00","155000","2026-09-08 18:29:38"
"2263","128","2024-07-30","2.00","5000","2026-09-08 18:29:38"
"2264","127","2024-07-31","40.00","140000","2026-09-08 18:29:38"
"2265","6","2024-07-31","40.00","140000","2026-09-08 18:29:38"
"2266","35","2024-07-31","30.00","75000","2026-09-08 18:29:38"
"2267","239","2024-07-31","33.00","33000","2026-09-08 18:29:38"
"2268","88","2024-07-31","17.00","255000","2026-09-08 18:29:38"
"2269","271","2024-07-31","16.00","32000","2026-09-08 18:29:38"
"2270","66","2024-07-31","65.00","32500","2026-09-08 18:29:38"
"2271","238","2024-07-31","70.00","35000","2026-09-08 18:29:38"
"2272","167","2024-07-31","33.00","33000","2026-09-08 18:29:38"
"2273","136","2024-07-31","19.00","57000","2026-09-08 18:29:38"
"2274","43","2024-01-08","6000.00","93000","2026-09-08 18:29:38"
"2275","159","2024-01-08","5000.00","155000","2026-09-08 18:29:38"
"2276","166","2024-01-08","9.00","18000","2026-09-08 18:29:38"
"2277","3","2024-01-08","30.00","75000","2026-09-08 18:29:38"
"2278","64","2024-01-08","2500.00","75000","2026-09-08 18:29:38"
"2279","111","2024-01-08","19.00","28500","2026-09-08 18:29:38"
"2280","19","2024-01-08","32.00","16000","2026-09-08 18:29:38"
"2281","50","2024-02-08","30.00","90000","2026-09-08 18:29:38"
"2282","43","2024-02-08","15000.00","232500","2026-09-08 18:29:38"
"2283","166","2024-02-08","18.00","36000","2026-09-08 18:29:38"
"2284","220","2024-02-08","33.00","66000","2026-09-08 18:29:38"
"2285","167","2024-02-08","43.00","43000","2026-09-08 18:29:38"
"2286","13","2024-02-08","24.00","48000","2026-09-08 18:29:38"
"2287","291","2024-02-08","44.00","44000","2026-09-08 18:29:38"
"2288","234","2024-02-08","43.00","43000","2026-09-08 18:29:38"
"2289","239","2024-02-08","30.00","30000","2026-09-08 18:29:38"
"2290","223","2024-02-08","65.00","32500","2026-09-08 18:29:38"
"2291","141","2024-03-08","20.00","100000","2026-09-08 18:29:38"
"2292","159","2024-03-08","10000.00","310000","2026-09-08 18:29:38"
"2293","213","2024-03-08","3000.00","78000","2026-09-08 18:29:38"
"2294","213","2024-03-08","1000.00","78000","2026-09-08 18:29:38"
"2295","182","2024-03-08","30.00","30000","2026-09-08 18:29:38"
"2296","127","2024-03-08","55.00","192500","2026-09-08 18:29:38"
"2297","225","2024-03-08","9.00","189000","2026-09-08 18:29:38"
"2298","13","2024-03-08","19.00","38000","2026-09-08 18:29:38"
"2299","251","2024-03-08","44.00","44000","2026-09-08 18:29:38"
"2300","67","2024-03-08","2000.00","68000","2026-09-08 18:29:38"
"2301","67","2024-03-08","1000.00","32000","2026-09-08 18:29:38"
"2302","4","2024-03-08","20.00","40000","2026-09-08 18:29:38"
"2303","76","2024-03-08","65.00","32500","2026-09-08 18:29:38"
"2304","35","2024-04-08","29.00","72500","2026-09-08 18:29:38"
"2305","208","2024-04-08","30.00","30000","2026-09-08 18:29:38"
"2306","67","2024-04-08","4000.00","136000","2026-09-08 18:29:38"
"2307","43","2024-04-08","27000.00","418500","2026-09-08 18:29:38"
"2308","197","2024-04-08","30.00","60000","2026-09-08 18:29:38"
"2309","28","2024-04-08","12.00","72000","2026-09-08 18:29:38"
"2310","176","2024-04-08","29.00","58000","2026-09-08 18:29:38"
"2311","3","2024-04-08","2.00","5000","2026-09-08 18:29:38"
"2312","111","2024-04-08","12.00","18000","2026-09-08 18:29:38"
"2313","246","2024-04-08","34.00","34000","2026-09-08 18:29:38"
"2314","67","2024-04-08","4000.00","160000","2026-09-08 18:29:38"
"2315","286","2024-04-08","9.00","45000","2026-09-08 18:29:38"
"2316","3","2024-04-08","32.00","80000","2026-09-08 18:29:38"
"2317","111","2024-04-08","43.00","64500","2026-09-08 18:29:38"
"2318","199","2024-04-08","44.00","44000","2026-09-08 18:29:38"
"2319","97","2024-04-08","54.00","108000","2026-09-08 18:29:38"
"2320","142","2024-05-08","30.00","15000","2026-09-08 18:29:38"
"2321","203","2024-05-08","31.00","62000","2026-09-08 18:29:38"
"2322","76","2024-05-08","66.00","33000","2026-09-08 18:29:38"
"2323","110","2024-05-08","39.00","39000","2026-09-08 18:29:38"
"2324","251","2024-05-08","43.00","43000","2026-09-08 18:29:38"
"2325","73","2024-05-08","22.00","44000","2026-09-08 18:29:38"
"2326","197","2024-05-08","30.00","60000","2026-09-08 18:29:38"
"2327","13","2024-05-08","40.00","80000","2026-09-08 18:29:38"
"2328","246","2024-05-08","65.00","65000","2026-09-08 18:29:38"
"2329","80","2024-05-08","5.00","125000","2026-09-08 18:29:38"
"2330","30","2024-05-08","4.00","100000","2026-09-08 18:29:38"
"2331","211","2024-06-08","3.00","84000","2026-09-08 18:29:38"
"2332","217","2024-06-08","5.00","150000","2026-09-08 18:29:38"
"2333","185","2024-06-08","2000.00","124000","2026-09-08 18:29:38"
"2334","185","2024-06-08","1000.00","50000","2026-09-08 18:29:38"
"2335","11","2024-06-08","4250.00","144500","2026-09-08 18:29:38"
"2336","111","2024-06-08","30.00","45000","2026-09-08 18:29:38"
"2337","272","2024-06-08","40.00","200000","2026-09-08 18:29:38"
"2338","240","2024-06-08","9.00","90000","2026-09-08 18:29:38"
"2339","133","2024-06-08","16000.00","264000","2026-09-08 18:29:38"
"2340","266","2024-06-08","24.00","60000","2026-09-08 18:29:38"
"2341","252","2024-07-08","20.00","10000","2026-09-08 18:29:38"
"2342","127","2024-07-08","40.00","140000","2026-09-08 18:29:38"
"2343","6","2024-07-08","30.00","105000","2026-09-08 18:29:38"
"2344","159","2024-07-08","10000.00","310000","2026-09-08 18:29:38"
"2345","279","2024-07-08","10.00","35000","2026-09-08 18:29:38"
"2346","67","2024-07-08","2250.00","72000","2026-09-08 18:29:38"
"2347","213","2024-07-08","1000.00","78000","2026-09-08 18:29:38"
"2348","282","2024-07-08","20.00","40000","2026-09-08 18:29:38"
"2349","153","2024-07-08","30.00","30000","2026-09-08 18:29:38"
"2350","185","2024-07-08","2000.00","100000","2026-09-08 18:29:38"
"2351","159","2024-08-08","5000.00","155000","2026-09-08 18:29:38"
"2352","43","2024-08-08","15000.00","232500","2026-09-08 18:29:38"
"2353","199","2024-08-08","30.00","30000","2026-09-08 18:29:38"
"2354","234","2024-08-08","12.00","12000","2026-09-08 18:29:38"
"2355","50","2024-08-08","25.00","75000","2026-09-08 18:29:38"
"2356","43","2024-08-08","6000.00","87000","2026-09-08 18:29:38"
"2357","213","2024-08-08","4000.00","104000","2026-09-08 18:29:38"
"2358","213","2024-08-08","1500.00","117000","2026-09-08 18:29:38"
"2359","159","2024-09-08","5000.00","155000","2026-09-08 18:29:38"
"2360","88","2024-09-08","9.00","135000","2026-09-08 18:29:38"
"2361","192","2024-09-08","1000.00","90000","2026-09-08 18:29:38"
"2362","43","2024-09-08","6000.00","93000","2026-09-08 18:29:38"
"2363","246","2024-09-08","20.00","20000","2026-09-08 18:29:38"
"2364","35","2024-09-08","21.00","52500","2026-09-08 18:29:38"
"2365","84","2024-09-08","11.00","55000","2026-09-08 18:29:38"
"2366","185","2024-09-08","750.00","46500","2026-09-08 18:29:38"
"2367","67","2024-09-08","1500.00","48000","2026-09-08 18:29:38"
"2368","197","2024-09-08","10.00","20000","2026-09-08 18:29:38"
"2369","251","2024-10-08","20.00","20000","2026-09-08 18:29:38"
"2370","104","2024-10-08","10.00","55000","2026-09-08 18:29:38"
"2371","240","2024-10-08","10.00","100000","2026-09-08 18:29:38"
"2372","163","2024-10-08","20.00","50000","2026-09-08 18:29:38"
"2373","67","2024-10-08","1000.00","40000","2026-09-08 18:29:38"
"2374","48","2024-10-08","3000.00","195000","2026-09-08 18:29:38"
"2375","230","2024-10-08","48.00","24000","2026-09-08 18:29:38"
"2376","192","2024-10-08","500.00","45000","2026-09-08 18:29:38"
"2377","142","2024-10-08","40.00","20000","2026-09-08 18:29:38"
"2378","185","2024-10-08","3000.00","180000","2026-09-08 18:29:38"
"2379","284","2024-10-08","2.00","110000","2026-09-08 18:29:38"
"2380","240","2024-10-08","20.00","200000","2026-09-08 18:29:38"
"2381","153","2024-10-08","30.00","30000","2026-09-08 18:29:38"
"2382","246","2024-10-08","44.00","44000","2026-09-08 18:29:38"
"2383","213","2024-11-08","1000.00","78000","2026-09-08 18:29:38"
"2384","159","2024-11-08","8000.00","248000","2026-09-08 18:29:38"
"2385","159","2024-11-08","6000.00","186000","2026-09-08 18:29:38"
"2386","272","2024-11-08","10.00","50000","2026-09-08 18:29:38"
"2387","66","2024-11-08","30.00","15000","2026-09-08 18:29:38"
"2388","141","2024-11-08","33.00","165000","2026-09-08 18:29:38"
"2389","4","2024-11-08","30.00","60000","2026-09-08 18:29:38"
"2390","154","2024-11-08","32.00","64000","2026-09-08 18:29:38"
"2391","214","2024-11-08","32.00","16000","2026-09-08 18:29:38"
"2392","76","2024-12-08","44.00","22000","2026-09-08 18:29:38"
"2393","203","2024-12-08","42.00","84000","2026-09-08 18:29:38"
"2394","230","2024-12-08","43.00","21500","2026-09-08 18:29:38"
"2395","208","2024-12-08","19.00","19000","2026-09-08 18:29:38"
"2396","136","2024-12-08","22.00","66000","2026-09-08 18:29:38"
"2397","223","2024-12-08","20.00","10000","2026-09-08 18:29:38"
"2398","199","2024-12-08","19.00","19000","2026-09-08 18:29:38"
"2399","247","2024-12-08","30.00","90000","2026-09-08 18:29:38"
"2400","252","2024-12-08","20.00","10000","2026-09-08 18:29:38"
"2401","163","2024-08-13","22.00","55000","2026-09-08 18:29:38"
"2402","158","2024-08-13","30.00","15000","2026-09-08 18:29:38"
"2403","35","2024-08-13","30.00","75000","2026-09-08 18:29:38"
"2404","266","2024-08-13","11.00","27500","2026-09-08 18:29:38"
"2405","223","2024-08-13","30.00","15000","2026-09-08 18:29:38"
"2406","235","2024-08-13","4.00","160000","2026-09-08 18:29:38"
"2407","119","2024-08-13","10.00","50000","2026-09-08 18:29:38"
"2408","97","2024-08-13","40.00","80000","2026-09-08 18:29:38"
"2409","257","2024-08-14","20.00","50000","2026-09-08 18:29:38"
"2410","159","2024-08-14","2000.00","64000","2026-09-08 18:29:38"
"2411","159","2024-08-14","5000.00","155000","2026-09-08 18:29:38"
"2412","239","2024-08-14","20.00","20000","2026-09-08 18:29:38"
"2413","2","2024-08-14","102.00","51000","2026-09-08 18:29:38"
"2414","136","2024-08-14","54.00","162000","2026-09-08 18:29:38"
"2415","223","2024-08-14","70.00","35000","2026-09-08 18:29:38"
"2416","272","2024-08-14","40.00","200000","2026-09-08 18:29:38"
"2417","163","2024-08-14","33.00","82500","2026-09-08 18:29:38"
"2418","67","2024-08-14","1000.00","34000","2026-09-08 18:29:38"
"2419","103","2024-08-15","4.00","120000","2026-09-08 18:29:38"
"2420","86","2024-08-15","500.00","26000","2026-09-08 18:29:38"
"2421","86","2024-08-15","1500.00","75000","2026-09-08 18:29:38"
"2422","172","2024-08-15","4.00","148000","2026-09-08 18:29:38"
"2423","81","2024-08-15","3.00","84000","2026-09-08 18:29:38"
"2424","122","2024-08-15","72.00","72000","2026-09-08 18:29:38"
"2425","107","2024-08-15","34.00","34000","2026-09-08 18:29:38"
"2426","84","2024-08-15","21.00","105000","2026-09-08 18:29:38"
"2427","246","2024-08-16","56.00","56000","2026-09-08 18:29:38"
"2428","11","2024-08-16","2750.00","93500","2026-09-08 18:29:38"
"2429","53","2024-08-16","2000.00","84000","2026-09-08 18:29:38"
"2430","99","2024-08-16","10.00","90000","2026-09-08 18:29:38"
"2431","121","2024-08-16","9.00","90000","2026-09-08 18:29:38"
"2432","198","2024-08-16","4.00","34000","2026-09-08 18:29:38"
"2433","212","2024-08-16","32.00","64000","2026-09-08 18:29:38"
"2434","236","2024-08-16","30.00","30000","2026-09-08 18:29:38"
"2435","136","2024-08-16","45.00","135000","2026-09-08 18:29:38"
"2436","291","2024-08-16","33.00","33000","2026-09-08 18:29:38"
"2437","133","2024-08-16","5000.00","82500","2026-09-08 18:29:38"
"2438","129","2024-08-16","9.00","108000","2026-09-08 18:29:38"
"2439","235","2024-08-16","6.00","240000","2026-09-08 18:29:38"
"2440","266","2024-08-16","4.00","10000","2026-09-08 18:29:38"
"2441","127","2024-08-16","40.00","140000","2026-09-08 18:29:38"
"2442","10","2024-08-17","4.00","100000","2026-09-08 18:29:38"
"2443","187","2024-08-17","10.00","120000","2026-09-08 18:29:38"
"2444","31","2024-08-17","2.00","112000","2026-09-08 18:29:38"
"2445","201","2024-08-17","10.00","20000","2026-09-08 18:29:38"
"2446","35","2024-08-17","22.00","55000","2026-09-08 18:29:38"
"2447","193","2024-08-17","40.00","20000","2026-09-08 18:29:38"
"2448","142","2024-08-17","54.00","27000","2026-09-08 18:29:38"
"2449","97","2024-08-17","65.00","130000","2026-09-08 18:29:38"
"2450","203","2024-08-17","20.00","40000","2026-09-08 18:29:38"
"2451","181","2024-08-17","11.00","88000","2026-09-08 18:29:38"
"2452","64","2024-08-17","1000.00","30000","2026-09-08 18:29:38"
"2453","163","2024-08-17","30.00","75000","2026-09-08 18:29:38"
"2454","246","2024-08-17","44.00","44000","2026-09-08 18:29:38"
"2455","197","2024-08-17","29.00","58000","2026-09-08 18:29:38"
"2456","84","2024-08-17","11.00","55000","2026-09-08 18:29:38"
"2457","159","2024-08-17","3750.00","120000","2026-09-08 18:29:38"
"2458","159","2024-08-17","6000.00","186000","2026-09-08 18:29:38"
"2459","246","2024-08-18","32.00","32000","2026-09-08 18:29:38"
"2460","210","2024-08-18","10.00","140000","2026-09-08 18:29:38"
"2461","97","2024-08-18","40.00","80000","2026-09-08 18:29:38"
"2462","133","2024-08-18","14000.00","231000","2026-09-08 18:29:38"
"2463","252","2024-08-18","40.00","20000","2026-09-08 18:29:38"
"2464","85","2024-08-18","12.00","42000","2026-09-08 18:29:38"
"2465","239","2024-08-18","30.00","30000","2026-09-08 18:29:38"
"2466","13","2024-08-18","42.00","84000","2026-09-08 18:29:38"
"2467","188","2024-08-18","33.00","66000","2026-09-08 18:29:38"
"2468","251","2024-08-18","42.00","42000","2026-09-08 18:29:38"
"2469","159","2024-08-18","5000.00","155000","2026-09-08 18:29:38"
"2470","252","2024-08-19","20.00","10000","2026-09-08 18:29:38"
"2471","131","2024-08-19","33.00","33000","2026-09-08 18:29:38"
"2472","199","2024-08-19","30.00","30000","2026-09-08 18:29:38"
"2473","97","2024-08-19","64.00","128000","2026-09-08 18:29:38"
"2474","231","2024-08-19","49.00","98000","2026-09-08 18:29:38"
"2475","76","2024-08-19","54.00","27000","2026-09-08 18:29:38"
"2476","142","2024-08-19","42.00","21000","2026-09-08 18:29:38"
"2477","80","2024-08-20","30.00","750000","2026-09-08 18:29:38"
"2478","64","2024-08-20","1000.00","30000","2026-09-08 18:29:38"
"2479","19","2024-08-20","30.00","15000","2026-09-08 18:29:38"
"2480","291","2024-08-20","30.00","30000","2026-09-08 18:29:38"
"2481","251","2024-08-20","30.00","30000","2026-09-08 18:29:38"
"2482","225","2024-08-20","5.00","105000","2026-09-08 18:29:38"
"2483","142","2024-08-20","40.00","20000","2026-09-08 18:29:38"
"2484","97","2024-08-20","44.00","88000","2026-09-08 18:29:38"
"2485","49","2024-08-20","30.00","60000","2026-09-08 18:29:38"
"2486","96","2024-08-20","30.00","15000","2026-09-08 18:29:38"
"2487","61","2024-08-21","4.00","74000","2026-09-08 18:29:38"
"2488","226","2024-08-21","10.00","60000","2026-09-08 18:29:38"
"2489","175","2024-08-21","3.00","60000","2026-09-08 18:29:38"
"2490","106","2024-08-21","5.00","125000","2026-09-08 18:29:38"
"2491","199","2024-08-21","20.00","20000","2026-09-08 18:29:38"
"2492","97","2024-08-21","40.00","80000","2026-09-08 18:29:38"
"2493","4","2024-08-21","32.00","64000","2026-09-08 18:29:38"
"2494","43","2024-08-21","11000.00","159500","2026-09-08 18:29:38"
"2495","246","2024-08-21","44.00","44000","2026-09-08 18:29:38"
"2496","64","2024-08-21","750.00","22500","2026-09-08 18:29:38"
"2497","70","2024-08-21","17.00","59500","2026-09-08 18:29:38"
"2498","246","2024-08-22","43.00","43000","2026-09-08 18:29:38"
"2499","251","2024-08-22","30.00","30000","2026-09-08 18:29:38"
"2500","13","2024-08-22","40.00","80000","2026-09-08 18:29:38"
"2501","188","2024-08-22","32.00","64000","2026-09-08 18:29:38"
"2502","220","2024-08-22","21.00","42000","2026-09-08 18:29:38"
"2503","154","2024-08-22","20.00","40000","2026-09-08 18:29:38"
"2504","122","2024-08-22","22.00","22000","2026-09-08 18:29:38"
"2505","107","2024-08-22","32.00","32000","2026-09-08 18:29:38"
"2506","167","2024-08-22","30.00","30000","2026-09-08 18:29:38"
"2507","96","2024-08-23","30.00","15000","2026-09-08 18:29:38"
"2508","230","2024-08-23","40.00","20000","2026-09-08 18:29:38"
"2509","159","2024-08-23","6000.00","186000","2026-09-08 18:29:38"
"2510","197","2024-08-23","19.00","38000","2026-09-08 18:29:38"
"2511","239","2024-08-23","18.00","18000","2026-09-08 18:29:38"
"2512","193","2024-08-23","44.00","22000","2026-09-08 18:29:38"
"2513","187","2024-08-23","7.00","84000","2026-09-08 18:29:38"
"2514","135","2024-08-23","4.00","72000","2026-09-08 18:29:38"
"2515","68","2024-08-23","7.00","126000","2026-09-08 18:29:38"
"2516","97","2024-08-24","56.00","112000","2026-09-08 18:29:38"
"2517","231","2024-08-24","54.00","108000","2026-09-08 18:29:38"
"2518","220","2024-08-24","22.00","44000","2026-09-08 18:29:38"
"2519","96","2024-08-24","40.00","20000","2026-09-08 18:29:38"
"2520","76","2024-08-24","79.00","39500","2026-09-08 18:29:38"
"2521","230","2024-08-24","54.00","27000","2026-09-08 18:29:38"
"2522","107","2024-08-24","45.00","45000","2026-09-08 18:29:38"
"2523","266","2024-08-24","11.00","27500","2026-09-08 18:29:38"
"2524","246","2024-08-24","54.00","54000","2026-09-08 18:29:38"
"2525","153","2024-08-24","40.00","40000","2026-09-08 18:29:38"
"2526","252","2024-08-25","39.00","19500","2026-09-08 18:29:38"
"2527","66","2024-08-25","44.00","22000","2026-09-08 18:29:38"
"2528","144","2024-08-25","40.00","80000","2026-09-08 18:29:38"
"2529","159","2024-08-25","9000.00","279000","2026-09-08 18:29:38"
"2530","97","2024-08-25","30.00","60000","2026-09-08 18:29:38"
"2531","168","2024-08-25","58.00","87000","2026-09-08 18:29:38"
"2532","272","2024-08-25","17.00","85000","2026-09-08 18:29:38"
"2533","220","2024-08-25","20.00","40000","2026-09-08 18:29:38"
"2534","4","2024-08-25","33.00","66000","2026-09-08 18:29:38"
"2535","96","2024-08-25","30.00","15000","2026-09-08 18:29:38"
"2536","76","2024-08-25","43.00","21500","2026-09-08 18:29:38"
"2537","203","2024-08-25","13.00","26000","2026-09-08 18:29:38"
"2538","158","2024-08-25","32.00","16000","2026-09-08 18:29:38"
"2539","50","2024-08-25","22.00","66000","2026-09-08 18:29:38"
"2540","51","2024-08-27","10.00","70000","2026-09-08 18:29:38"
"2541","220","2024-08-27","33.00","66000","2026-09-08 18:29:38"
"2542","167","2024-08-27","43.00","43000","2026-09-08 18:29:38"
"2543","19","2024-08-27","54.00","27000","2026-09-08 18:29:38"
"2544","197","2024-08-27","17.00","34000","2026-09-08 18:29:38"
"2545","43","2024-08-27","30000.00","465000","2026-09-08 18:29:38"
"2546","225","2024-08-27","2.00","42000","2026-09-08 18:29:38"
"2547","246","2024-08-27","32.00","32000","2026-09-08 18:29:38"
"2548","159","2024-08-27","2750.00","88000","2026-09-08 18:29:38"
"2549","103","2024-08-27","2.00","60000","2026-09-08 18:29:38"
"2550","235","2024-08-28","9.00","360000","2026-09-08 18:29:38"
"2551","97","2024-08-28","34.00","68000","2026-09-08 18:29:38"
"2552","220","2024-08-28","54.00","108000","2026-09-08 18:29:38"
"2553","4","2024-08-28","54.00","108000","2026-09-08 18:29:38"
"2554","122","2024-08-28","32.00","32000","2026-09-08 18:29:38"
"2555","203","2024-08-28","21.00","42000","2026-09-08 18:29:38"
"2556","231","2024-08-28","43.00","86000","2026-09-08 18:29:38"
"2557","96","2024-08-28","24.00","12000","2026-09-08 18:29:38"
"2558","167","2024-08-28","43.00","43000","2026-09-08 18:29:38"
"2559","76","2024-08-28","65.00","32500","2026-09-08 18:29:38"
"2560","251","2024-08-29","21.00","21000","2026-09-08 18:29:38"
"2561","73","2024-08-29","42.00","84000","2026-09-08 18:29:38"
"2562","13","2024-08-29","53.00","106000","2026-09-08 18:29:38"
"2563","230","2024-08-29","32.00","16000","2026-09-08 18:29:38"
"2564","159","2024-08-29","4500.00","139500","2026-09-08 18:29:38"
"2565","235","2024-08-29","9.00","360000","2026-09-08 18:29:38"
"2566","276","2024-08-29","14.00","70000","2026-09-08 18:29:38"
"2567","220","2024-08-29","53.00","106000","2026-09-08 18:29:38"
"2568","158","2024-08-29","32.00","16000","2026-09-08 18:29:38"
"2569","127","2024-08-29","65.00","227500","2026-09-08 18:29:38"
"2570","6","2024-08-29","43.00","150500","2026-09-08 18:29:38"
"2571","159","2024-08-29","11000.00","341000","2026-09-08 18:29:38"
"2572","197","2024-08-30","42.00","84000","2026-09-08 18:29:38"
"2573","246","2024-08-30","43.00","43000","2026-09-08 18:29:38"
"2574","91","2024-08-30","53.00","53000","2026-09-08 18:29:38"
"2575","291","2024-08-30","11.00","11000","2026-09-08 18:29:38"
"2576","49","2024-08-30","42.00","84000","2026-09-08 18:29:38"
"2577","28","2024-08-30","11.00","66000","2026-09-08 18:29:38"
"2578","82","2024-08-30","14.00","28000","2026-09-08 18:29:38"
"2579","39","2024-08-30","42.00","147000","2026-09-08 18:29:38"
"2580","3","2024-08-30","33.00","82500","2026-09-08 18:29:38"
"2581","163","2024-08-31","21.00","52500","2026-09-08 18:29:38"
"2582","142","2024-08-31","31.00","15500","2026-09-08 18:29:38"
"2583","193","2024-08-31","31.00","15500","2026-09-08 18:29:38"
"2584","252","2024-08-31","31.00","15500","2026-09-08 18:29:38"
"2585","153","2024-08-31","22.00","22000","2026-09-08 18:29:38"
"2586","239","2024-08-31","34.00","34000","2026-09-08 18:29:38"
"2587","159","2024-08-31","6500.00","201500","2026-09-08 18:29:38"
"2588","127","2024-08-31","42.00","147000","2026-09-08 18:29:38"
"2589","97","2024-08-31","22.00","44000","2026-09-08 18:29:38"
"2590","43","2024-08-31","6000.00","93000","2026-09-08 18:29:38"
"2591","136","2024-08-31","10.00","30000","2026-09-08 18:29:38"
"2592","176","2024-08-31","10.00","20000","2026-09-08 18:29:38"
"2593","160","2024-08-31","9.00","58500","2026-09-08 18:29:38"
"2594","231","2024-08-31","12.00","24000","2026-09-08 18:29:38"
"2595","3","2024-08-31","31.00","77500","2026-09-08 18:29:38"
"2596","159","2024-08-31","5000.00","155000","2026-09-08 18:29:38"
"2597","252","2024-08-31","22.00","11000","2026-09-08 18:29:38"
"2598","6","2024-08-31","41.00","143500","2026-09-08 18:29:38"
"2599","107","2024-08-31","31.00","31000","2026-09-08 18:29:38"
"2600","3","2024-08-31","22.00","55000","2026-09-08 18:29:38"
"2601","246","2024-01-09","54.00","54000","2026-09-08 18:29:38"
"2602","159","2024-01-09","9000.00","279000","2026-09-08 18:29:38"
"2603","127","2024-01-09","64.00","224000","2026-09-08 18:29:38"
"2604","251","2024-01-09","43.00","43000","2026-09-08 18:29:38"
"2605","142","2024-01-09","42.00","21000","2026-09-08 18:29:38"
"2606","245","2024-01-09","11.00","44000","2026-09-08 18:29:38"
"2607","141","2024-01-09","13.00","65000","2026-09-08 18:29:38"
"2608","282","2024-01-09","31.00","62000","2026-09-08 18:29:38"
"2609","159","2024-01-09","7500.00","232500","2026-09-08 18:29:38"
"2610","281","2024-01-09","32.00","32000","2026-09-08 18:29:38"
"2611","220","2024-01-09","33.00","66000","2026-09-08 18:29:38"
"2612","167","2024-01-09","21.00","21000","2026-09-08 18:29:38"
"2613","96","2024-02-09","21.00","10500","2026-09-08 18:29:38"
"2614","235","2024-02-09","33.00","1320000","2026-09-08 18:29:38"
"2615","142","2024-02-09","53.00","26500","2026-09-08 18:29:38"
"2616","97","2024-02-09","53.00","106000","2026-09-08 18:29:38"
"2617","127","2024-02-09","64.00","224000","2026-09-08 18:29:38"
"2618","199","2024-02-09","32.00","32000","2026-09-08 18:29:38"
"2619","111","2024-02-09","32.00","48000","2026-09-08 18:29:38"
"2620","19","2024-02-09","43.00","21500","2026-09-08 18:29:38"
"2621","70","2024-02-09","22.00","77000","2026-09-08 18:29:38"
"2622","3","2024-02-09","22.00","55000","2026-09-08 18:29:38"
"2623","96","2024-03-09","30.00","15000","2026-09-08 18:29:38"
"2624","76","2024-03-09","23.00","11500","2026-09-08 18:29:38"
"2625","203","2024-03-09","12.00","24000","2026-09-08 18:29:38"
"2626","230","2024-03-09","33.00","16500","2026-09-08 18:29:38"
"2627","154","2024-03-09","42.00","84000","2026-09-08 18:29:38"
"2628","198","2024-03-09","5.00","42500","2026-09-08 18:29:38"
"2629","246","2024-03-09","65.00","65000","2026-09-08 18:29:38"
"2630","272","2024-03-09","32.00","160000","2026-09-08 18:29:38"
"2631","154","2024-03-09","32.00","64000","2026-09-08 18:29:38"
"2632","159","2024-04-09","6000.00","186000","2026-09-08 18:29:38"
"2633","141","2024-04-09","10.00","50000","2026-09-08 18:29:38"
"2634","127","2024-04-09","32.00","112000","2026-09-08 18:29:38"
"2635","163","2024-04-09","20.00","50000","2026-09-08 18:29:38"
"2636","223","2024-04-09","44.00","22000","2026-09-08 18:29:38"
"2637","225","2024-04-09","21.00","441000","2026-09-08 18:29:38"
"2638","252","2024-04-09","39.00","19500","2026-09-08 18:29:38"
"2639","166","2024-04-09","9.00","18000","2026-09-08 18:29:38"
"2640","159","2024-04-09","11000.00","341000","2026-09-08 18:29:38"
"2641","238","2024-05-09","39.00","19500","2026-09-08 18:29:38"
"2642","282","2024-05-09","20.00","40000","2026-09-08 18:29:38"
"2643","121","2024-05-09","21.00","210000","2026-09-08 18:29:38"
"2644","104","2024-05-09","42.00","231000","2026-09-08 18:29:38"
"2645","19","2024-05-09","24.00","12000","2026-09-08 18:29:38"
"2646","246","2024-05-09","53.00","53000","2026-09-08 18:29:38"
"2647","3","2024-05-09","54.00","135000","2026-09-08 18:29:38"
"2648","163","2024-05-09","22.00","55000","2026-09-08 18:29:38"
"2649","159","2024-06-09","1500.00","46500","2026-09-08 18:29:38"
"2650","159","2024-06-09","6000.00","186000","2026-09-08 18:29:38"
"2651","69","2024-06-09","22.00","44000","2026-09-08 18:29:38"
"2652","220","2024-06-09","42.00","84000","2026-09-08 18:29:38"
"2653","251","2024-06-09","45.00","45000","2026-09-08 18:29:38"
"2654","254","2024-06-09","32.00","64000","2026-09-08 18:29:38"
"2655","225","2024-06-09","9.00","189000","2026-09-08 18:29:38"
"2656","291","2024-06-09","43.00","43000","2026-09-08 18:29:38"
"2657","251","2024-06-09","32.00","32000","2026-09-08 18:29:38"
"2658","107","2024-07-09","45.00","45000","2026-09-08 18:29:38"
"2659","167","2024-07-09","54.00","54000","2026-09-08 18:29:38"
"2660","142","2024-07-09","42.00","21000","2026-09-08 18:29:38"
"2661","230","2024-07-09","53.00","26500","2026-09-08 18:29:38"
"2662","246","2024-07-09","65.00","65000","2026-09-08 18:29:38"
"2663","282","2024-07-09","24.00","48000","2026-09-08 18:29:38"
"2664","127","2024-07-09","79.00","276500","2026-09-08 18:29:38"
"2665","104","2024-07-09","10.00","55000","2026-09-08 18:29:38"
"2666","272","2024-07-09","32.00","160000","2026-09-08 18:29:38"
"2667","163","2024-07-09","43.00","107500","2026-09-08 18:29:38"
"2668","159","2024-07-09","12000.00","372000","2026-09-08 18:29:38"
"2669","127","2024-08-09","75.00","262500","2026-09-08 18:29:38"
"2670","142","2024-08-09","33.00","16500","2026-09-08 18:29:38"
"2671","49","2024-08-09","23.00","46000","2026-09-08 18:29:38"
"2672","122","2024-08-09","42.00","42000","2026-09-08 18:29:38"
"2673","254","2024-08-09","32.00","64000","2026-09-08 18:29:38"
"2674","167","2024-08-09","53.00","53000","2026-09-08 18:29:38"
"2675","159","2024-08-09","11000.00","341000","2026-09-08 18:29:38"
"2676","159","2024-08-09","8500.00","263500","2026-09-08 18:29:38"
"2677","142","2024-08-09","31.00","15500","2026-09-08 18:29:38"
"2678","136","2024-08-09","32.00","96000","2026-09-08 18:29:38"
"2679","252","2024-09-09","42.00","21000","2026-09-08 18:29:38"
"2680","111","2024-09-09","34.00","51000","2026-09-08 18:29:38"
"2681","234","2024-09-09","21.00","21000","2026-09-08 18:29:38"
"2682","246","2024-09-09","24.00","24000","2026-09-08 18:29:38"
"2683","122","2024-09-09","24.00","24000","2026-09-08 18:29:38"
"2684","73","2024-09-09","64.00","128000","2026-09-08 18:29:38"
"2685","142","2024-09-09","24.00","12000","2026-09-08 18:29:38"
"2686","32","2024-09-09","22.00","22000","2026-09-08 18:29:38"
"2687","64","2024-09-09","500.00","15000","2026-09-08 18:29:38"
"2688","272","2024-09-09","3.00","15000","2026-09-08 18:29:38"
"2689","197","2024-10-09","12.00","24000","2026-09-08 18:29:38"
"2690","144","2024-10-09","42.00","84000","2026-09-08 18:29:38"
"2691","203","2024-10-09","23.00","46000","2026-09-08 18:29:38"
"2692","107","2024-10-09","14.00","14000","2026-09-08 18:29:38"
"2693","167","2024-10-09","34.00","34000","2026-09-08 18:29:38"
"2694","166","2024-10-09","7.00","14000","2026-09-08 18:29:38"
"2695","220","2024-10-09","20.00","40000","2026-09-08 18:29:38"
"2696","99","2024-10-09","9.00","81000","2026-09-08 18:29:38"
"2697","159","2024-10-09","5000.00","155000","2026-09-08 18:29:38"
"2698","141","2024-11-09","11.00","55000","2026-09-08 18:29:38"
"2699","251","2024-11-09","32.00","32000","2026-09-08 18:29:38"
"2700","142","2024-11-09","32.00","16000","2026-09-08 18:29:38"
"2701","246","2024-11-09","54.00","54000","2026-09-08 18:29:38"
"2702","203","2024-11-09","21.00","42000","2026-09-08 18:29:38"
"2703","73","2024-11-09","35.00","70000","2026-09-08 18:29:38"
"2704","167","2024-11-09","43.00","43000","2026-09-08 18:29:38"
"2705","107","2024-11-09","22.00","22000","2026-09-08 18:29:38"
"2706","163","2024-11-09","42.00","105000","2026-09-08 18:29:38"
"2707","154","2024-11-09","42.00","84000","2026-09-08 18:29:38"
"2708","76","2024-11-09","13.00","6500","2026-09-08 18:29:38"
"2709","127","2024-11-09","54.00","189000","2026-09-08 18:29:38"
"2710","282","2024-12-09","24.00","48000","2026-09-08 18:29:38"
"2711","272","2024-12-09","10.00","50000","2026-09-08 18:29:38"
"2712","230","2024-12-09","39.00","19500","2026-09-08 18:29:38"
"2713","198","2024-12-09","9.00","76500","2026-09-08 18:29:38"
"2714","201","2024-12-09","14.00","28000","2026-09-08 18:29:38"
"2715","32","2024-12-09","44.00","44000","2026-09-08 18:29:38"
"2716","159","2024-12-09","5000.00","155000","2026-09-08 18:29:38"
"2717","266","2024-12-09","10.00","25000","2026-09-08 18:29:38"
"2718","6","2024-12-09","40.00","140000","2026-09-08 18:29:38"
"2719","76","2024-12-09","55.00","27500","2026-09-08 18:29:38"
"2720","197","2024-12-09","20.00","40000","2026-09-08 18:29:38"
"2721","246","2024-12-09","21.00","21000","2026-09-08 18:29:38"
"2722","19","2024-12-09","31.00","15500","2026-09-08 18:29:38"
"2723","104","2024-09-13","33.00","181500","2026-09-08 18:29:38"
"2724","234","2024-09-13","42.00","42000","2026-09-08 18:29:38"
"2725","159","2024-09-13","3000.00","93000","2026-09-08 18:29:38"
"2726","112","2024-09-13","34.00","170000","2026-09-08 18:29:38"
"2727","279","2024-09-13","45.00","157500","2026-09-08 18:29:38"
"2728","103","2024-09-13","5.00","150000","2026-09-08 18:29:38"
"2729","250","2024-09-13","2.00","60000","2026-09-08 18:29:38"
"2730","240","2024-09-13","9.00","90000","2026-09-08 18:29:38"
"2731","134","2024-09-13","33.00","198000","2026-09-08 18:29:38"
"2732","201","2024-09-13","12.00","24000","2026-09-08 18:29:38"
"2733","166","2024-09-13","31.00","62000","2026-09-08 18:29:38"
"2734","6","2024-09-13","42.00","147000","2026-09-08 18:29:38"
"2735","246","2024-09-13","24.00","24000","2026-09-08 18:29:38"
"2736","159","2024-09-14","4500.00","139500","2026-09-08 18:29:38"
"2737","144","2024-09-14","42.00","84000","2026-09-08 18:29:38"
"2738","197","2024-09-14","22.00","44000","2026-09-08 18:29:38"
"2739","168","2024-09-14","42.00","63000","2026-09-08 18:29:38"
"2740","154","2024-09-14","21.00","42000","2026-09-08 18:29:38"
"2741","107","2024-09-14","13.00","13000","2026-09-08 18:29:38"
"2742","76","2024-09-14","53.00","26500","2026-09-08 18:29:38"
"2743","142","2024-09-14","24.00","12000","2026-09-08 18:29:38"
"2744","167","2024-09-14","53.00","53000","2026-09-08 18:29:38"
"2745","43","2024-09-14","15000.00","217500","2026-09-08 18:29:38"
"2746","234","2024-09-14","32.00","32000","2026-09-08 18:29:38"
"2747","166","2024-09-14","10.00","20000","2026-09-08 18:29:38"
"2748","127","2024-09-14","54.00","189000","2026-09-08 18:29:38"
"2749","76","2024-09-14","34.00","17000","2026-09-08 18:29:38"
"2750","272","2024-09-15","10.00","50000","2026-09-08 18:29:38"
"2751","159","2024-09-15","14500.00","449500","2026-09-08 18:29:38"
"2752","159","2024-09-15","4500.00","144000","2026-09-08 18:29:38"
"2753","197","2024-09-15","33.00","66000","2026-09-08 18:29:38"
"2754","201","2024-09-15","12.00","24000","2026-09-08 18:29:38"
"2755","181","2024-09-15","9.00","72000","2026-09-08 18:29:38"
"2756","144","2024-09-15","21.00","42000","2026-09-08 18:29:38"
"2757","240","2024-09-15","12.00","120000","2026-09-08 18:29:38"
"2758","64","2024-09-15","2500.00","75000","2026-09-08 18:29:38"
"2759","159","2024-09-15","6000.00","186000","2026-09-08 18:29:38"
"2760","142","2024-09-15","21.00","10500","2026-09-08 18:29:38"
"2761","125","2024-09-15","33.00","99000","2026-09-08 18:29:38"
"2762","89","2024-09-15","3.00","120000","2026-09-08 18:29:38"
"2763","180","2024-09-16","10.00","35000","2026-09-08 18:29:38"
"2764","194","2024-09-16","32.00","64000","2026-09-08 18:29:38"
"2765","246","2024-09-16","21.00","21000","2026-09-08 18:29:38"
"2766","133","2024-09-16","19000.00","313500","2026-09-08 18:29:38"
"2767","284","2024-09-16","3.00","165000","2026-09-08 18:29:38"
"2768","199","2024-09-16","31.00","31000","2026-09-08 18:29:38"
"2769","127","2024-09-16","64.00","224000","2026-09-08 18:29:38"
"2770","251","2024-09-16","31.00","31000","2026-09-08 18:29:38"
"2771","76","2024-09-16","41.00","20500","2026-09-08 18:29:38"
"2772","272","2024-09-16","44.00","220000","2026-09-08 18:29:38"
"2773","141","2024-09-16","13.00","65000","2026-09-08 18:29:38"
"2774","246","2024-09-16","64.00","64000","2026-09-08 18:29:38"
"2775","251","2024-09-16","32.00","32000","2026-09-08 18:29:38"
"2776","167","2024-09-16","32.00","32000","2026-09-08 18:29:38"
"2777","166","2024-09-16","10.00","20000","2026-09-08 18:29:38"
"2778","188","2024-09-16","22.00","44000","2026-09-08 18:29:38"
"2779","7","2024-09-16","500.00","50000","2026-09-08 18:29:38"
"2780","133","2024-09-17","20000.00","330000","2026-09-08 18:29:38"
"2781","129","2024-09-17","22.00","264000","2026-09-08 18:29:38"
"2782","266","2024-09-17","11.00","27500","2026-09-08 18:29:38"
"2783","239","2024-09-17","23.00","23000","2026-09-08 18:29:38"
"2784","136","2024-09-17","42.00","126000","2026-09-08 18:29:38"
"2785","127","2024-09-17","40.00","140000","2026-09-08 18:29:38"
"2786","144","2024-09-17","20.00","40000","2026-09-08 18:29:38"
"2787","197","2024-09-17","10.00","20000","2026-09-08 18:29:38"
"2788","43","2024-09-17","6000.00","93000","2026-09-08 18:29:38"
"2789","35","2024-09-17","10.00","25000","2026-09-08 18:29:38"
"2790","134","2024-09-17","10.00","60000","2026-09-08 18:29:38"
"2791","3","2024-09-18","10.00","25000","2026-09-08 18:29:38"
"2792","163","2024-09-18","20.00","50000","2026-09-08 18:29:38"
"2793","167","2024-09-18","31.00","31000","2026-09-08 18:29:38"
"2794","172","2024-09-18","2.00","74000","2026-09-08 18:29:38"
"2795","76","2024-09-18","31.00","15500","2026-09-08 18:29:38"
"2796","127","2024-09-18","20.00","70000","2026-09-08 18:29:38"
"2797","37","2024-09-18","31.00","46500","2026-09-08 18:29:38"
"2798","251","2024-09-18","11.00","11000","2026-09-08 18:29:38"
"2799","197","2024-09-18","23.00","46000","2026-09-08 18:29:38"
"2800","159","2024-09-18","9000.00","279000","2026-09-08 18:29:38"
"2801","272","2024-09-18","13.00","65000","2026-09-08 18:29:38"
"2802","70","2024-09-19","10.00","35000","2026-09-08 18:29:38"
"2803","236","2024-09-19","31.00","31000","2026-09-08 18:29:38"
"2804","252","2024-09-19","21.00","10500","2026-09-08 18:29:38"
"2805","144","2024-09-19","22.00","44000","2026-09-08 18:29:38"
"2806","167","2024-09-19","12.00","12000","2026-09-08 18:29:38"
"2807","166","2024-09-19","31.00","62000","2026-09-08 18:29:38"
"2808","201","2024-09-19","22.00","44000","2026-09-08 18:29:38"
"2809","97","2024-09-19","12.00","24000","2026-09-08 18:29:38"
"2810","197","2024-09-19","31.00","62000","2026-09-08 18:29:38"
"2811","188","2024-09-19","12.00","24000","2026-09-08 18:29:38"
"2812","13","2024-09-19","31.00","62000","2026-09-08 18:29:38"
"2813","111","2024-09-20","21.00","31500","2026-09-08 18:29:38"
"2814","166","2024-09-20","32.00","64000","2026-09-08 18:29:38"
"2815","197","2024-09-20","42.00","84000","2026-09-08 18:29:38"
"2816","188","2024-09-20","21.00","42000","2026-09-08 18:29:38"
"2817","13","2024-09-20","31.00","62000","2026-09-08 18:29:38"
"2818","73","2024-09-20","13.00","26000","2026-09-08 18:29:38"
"2819","11","2024-09-20","8500.00","289000","2026-09-08 18:29:38"
"2820","97","2024-09-20","22.00","44000","2026-09-08 18:29:38"
"2821","76","2024-09-21","50.00","25000","2026-09-08 18:29:38"
"2822","160","2024-09-21","31.00","201500","2026-09-08 18:29:38"
"2823","251","2024-09-21","42.00","42000","2026-09-08 18:29:38"
"2824","246","2024-09-21","54.00","54000","2026-09-08 18:29:38"
"2825","188","2024-09-21","55.00","110000","2026-09-08 18:29:38"
"2826","6","2024-09-21","30.00","105000","2026-09-08 18:29:38"
"2827","37","2024-09-21","32.00","48000","2026-09-08 18:29:38"
"2828","159","2024-09-21","12000.00","372000","2026-09-08 18:29:38"
"2829","159","2024-09-21","9500.00","294500","2026-09-08 18:29:38"
"2830","236","2024-09-21","13.00","13000","2026-09-08 18:29:38"
"2831","239","2024-09-21","31.00","31000","2026-09-08 18:29:38"
"2832","153","2024-09-21","43.00","43000","2026-09-08 18:29:38"
"2833","246","2024-09-21","22.00","22000","2026-09-08 18:29:38"
"2834","144","2024-09-21","21.00","42000","2026-09-08 18:29:38"
"2835","6","2024-09-22","30.00","105000","2026-09-08 18:29:38"
"2836","159","2024-09-22","5000.00","155000","2026-09-08 18:29:38"
"2837","159","2024-09-22","1500.00","48000","2026-09-08 18:29:38"
"2838","76","2024-09-22","44.00","22000","2026-09-08 18:29:38"
"2839","251","2024-09-22","32.00","32000","2026-09-08 18:29:38"
"2840","82","2024-09-22","23.00","46000","2026-09-08 18:29:38"
"2841","198","2024-09-22","12.00","102000","2026-09-08 18:29:38"
"2842","97","2024-09-22","43.00","86000","2026-09-08 18:29:38"
"2843","234","2024-09-22","23.00","23000","2026-09-08 18:29:38"
"2844","19","2024-09-22","42.00","21000","2026-09-08 18:29:38"
"2845","111","2024-09-22","32.00","48000","2026-09-08 18:29:38"
"2846","97","2024-09-23","21.00","42000","2026-09-08 18:29:38"
"2847","230","2024-09-23","23.00","11500","2026-09-08 18:29:38"
"2848","201","2024-09-23","23.00","46000","2026-09-08 18:29:38"
"2849","144","2024-09-23","12.00","24000","2026-09-08 18:29:38"
"2850","68","2024-09-23","9.00","162000","2026-09-08 18:29:38"
"2851","167","2024-09-23","42.00","42000","2026-09-08 18:29:38"
"2852","142","2024-09-23","21.00","10500","2026-09-08 18:29:38"
"2853","107","2024-09-23","12.00","12000","2026-09-08 18:29:38"
"2854","121","2024-09-23","9.00","90000","2026-09-08 18:29:38"
"2855","181","2024-09-23","10.00","80000","2026-09-08 18:29:38"
"2856","28","2024-09-24","2.00","12000","2026-09-08 18:29:38"
"2857","122","2024-09-24","31.00","31000","2026-09-08 18:29:38"
"2858","197","2024-09-24","21.00","42000","2026-09-08 18:29:38"
"2859","251","2024-09-24","23.00","23000","2026-09-08 18:29:38"
"2860","220","2024-09-24","43.00","86000","2026-09-08 18:29:38"
"2861","282","2024-09-24","12.00","24000","2026-09-08 18:29:38"
"2862","182","2024-09-24","121.00","121000","2026-09-08 18:29:38"
"2863","73","2024-09-24","31.00","62000","2026-09-08 18:29:38"
"2864","8","2024-09-24","12.00","72000","2026-09-08 18:29:38"
"2865","5","2024-09-24","31.00","31000","2026-09-08 18:29:38"
"2866","252","2024-09-24","33.00","16500","2026-09-08 18:29:38"
"2867","50","2024-09-25","30.00","90000","2026-09-08 18:29:38"
"2868","3","2024-09-25","21.00","52500","2026-09-08 18:29:38"
"2869","166","2024-09-25","21.00","42000","2026-09-08 18:29:38"
"2870","7","2024-09-25","500.00","50000","2026-09-08 18:29:38"
"2871","85","2024-09-25","8.00","28000","2026-09-08 18:29:38"
"2872","241","2024-09-25","10.00","15000","2026-09-08 18:29:38"
"2873","8","2024-09-25","21.00","126000","2026-09-08 18:29:38"
"2874","197","2024-09-25","31.00","62000","2026-09-08 18:29:38"
"2875","234","2024-09-26","21.00","21000","2026-09-08 18:29:38"
"2876","279","2024-09-26","22.00","77000","2026-09-08 18:29:38"
"2877","159","2024-09-26","4500.00","139500","2026-09-08 18:29:38"
"2878","208","2024-09-26","21.00","21000","2026-09-08 18:29:38"
"2879","76","2024-09-26","21.00","10500","2026-09-08 18:29:38"
"2880","127","2024-09-26","32.00","112000","2026-09-08 18:29:38"
"2881","223","2024-09-26","32.00","16000","2026-09-08 18:29:38"
"2882","282","2024-09-26","33.00","66000","2026-09-08 18:29:38"
"2883","159","2024-09-26","5000.00","155000","2026-09-08 18:29:38"
"2884","49","2024-09-26","21.00","42000","2026-09-08 18:29:38"
"2885","234","2024-09-27","21.00","21000","2026-09-08 18:29:38"
"2886","159","2024-09-27","4500.00","139500","2026-09-08 18:29:38"
"2887","3","2024-09-27","21.00","52500","2026-09-08 18:29:38"
"2888","107","2024-09-27","21.00","21000","2026-09-08 18:29:38"
"2889","251","2024-09-27","21.00","21000","2026-09-08 18:29:38"
"2890","239","2024-09-27","33.00","33000","2026-09-08 18:29:38"
"2891","252","2024-09-27","44.00","22000","2026-09-08 18:29:38"
"2892","127","2024-09-27","42.00","147000","2026-09-08 18:29:38"
"2893","73","2024-09-27","21.00","42000","2026-09-08 18:29:38"
"2894","76","2024-09-27","34.00","17000","2026-09-08 18:29:38"
"2895","199","2024-09-28","43.00","43000","2026-09-08 18:29:38"
"2896","28","2024-09-28","10.00","60000","2026-09-08 18:29:38"
"2897","246","2024-09-28","66.00","66000","2026-09-08 18:29:38"
"2898","99","2024-09-28","9.00","81000","2026-09-08 18:29:38"
"2899","198","2024-09-28","2.00","17000","2026-09-08 18:29:38"
"2900","70","2024-09-28","41.00","143500","2026-09-08 18:29:38"
"2901","194","2024-09-28","30.00","60000","2026-09-08 18:29:38"
"2902","73","2024-09-28","21.00","42000","2026-09-08 18:29:38"
"2903","142","2024-09-28","86.00","43000","2026-09-08 18:29:38"
"2904","142","2024-09-28","53.00","26500","2026-09-08 18:29:38"
"2905","230","2024-09-28","52.00","26000","2026-09-08 18:29:38"
"2906","203","2024-09-28","42.00","84000","2026-09-08 18:29:38"
"2907","190","2024-09-28","10.00","430000","2026-09-08 18:29:38"
"2908","129","2024-09-28","21.00","252000","2026-09-08 18:29:38"
"2909","159","2024-09-28","10000.00","310000","2026-09-08 18:29:38"
"2910","159","2024-09-28","6000.00","186000","2026-09-08 18:29:38"
"2911","246","2024-09-29","65.00","65000","2026-09-08 18:29:38"
"2912","201","2024-09-29","21.00","42000","2026-09-08 18:29:38"
"2913","239","2024-09-29","21.00","21000","2026-09-08 18:29:38"
"2914","193","2024-09-29","44.00","22000","2026-09-08 18:29:38"
"2915","96","2024-09-29","31.00","15500","2026-09-08 18:29:38"
"2916","50","2024-09-29","10.00","30000","2026-09-08 18:29:38"
"2917","166","2024-09-29","20.00","40000","2026-09-08 18:29:38"
"2918","74","2024-09-29","31.00","62000","2026-09-08 18:29:38"
"2919","240","2024-09-29","31.00","310000","2026-09-08 18:29:38"
"2920","125","2024-09-29","43.00","129000","2026-09-08 18:29:38"
"2921","107","2024-09-29","43.00","43000","2026-09-08 18:29:38"
"2922","50","2024-09-29","20.00","60000","2026-09-08 18:29:38"
"2923","223","2024-09-29","10.00","5000","2026-09-08 18:29:38"
"2924","37","2024-09-30","21.00","31500","2026-09-08 18:29:38"
"2925","166","2024-09-30","31.00","62000","2026-09-08 18:29:38"
"2926","3","2024-09-30","43.00","107500","2026-09-08 18:29:38"
"2927","176","2024-09-30","24.00","48000","2026-09-08 18:29:38"
"2928","134","2024-09-30","10.00","60000","2026-09-08 18:29:38"
"2929","286","2024-09-30","6.00","30000","2026-09-08 18:29:38"
"2930","99","2024-09-30","4.00","36000","2026-09-08 18:29:38"
"2931","291","2024-09-30","21.00","21000","2026-09-08 18:29:38"
"2932","220","2024-09-30","30.00","60000","2026-09-08 18:29:38"
"2933","142","2024-01-10","21.00","10500","2026-09-08 18:29:38"
"2934","6","2024-01-10","32.00","112000","2026-09-08 18:29:38"
"2935","127","2024-01-10","42.00","147000","2026-09-08 18:29:38"
"2936","159","2024-01-10","5000.00","160000","2026-09-08 18:29:38"
"2937","159","2024-01-10","10000.00","310000","2026-09-08 18:29:38"
"2938","74","2024-01-10","32.00","64000","2026-09-08 18:29:38"
"2939","230","2024-01-10","32.00","16000","2026-09-08 18:29:38"
"2940","76","2024-01-10","53.00","26500","2026-09-08 18:29:38"
"2941","167","2024-02-10","31.00","31000","2026-09-08 18:29:38"
"2942","281","2024-02-10","22.00","22000","2026-09-08 18:29:38"
"2943","107","2024-02-10","32.00","32000","2026-09-08 18:29:38"
"2944","129","2024-02-10","31.00","372000","2026-09-08 18:29:38"
"2945","166","2024-02-10","12.00","24000","2026-09-08 18:29:38"
"2946","188","2024-02-10","32.00","64000","2026-09-08 18:29:38"
"2947","141","2024-02-10","10.00","50000","2026-09-08 18:29:38"
"2948","240","2024-02-10","10.00","100000","2026-09-08 18:29:38"
"2949","12","2024-02-10","9.00","63000","2026-09-08 18:29:38"
"2950","197","2024-03-10","10.00","20000","2026-09-08 18:29:38"
"2951","35","2024-03-10","21.00","52500","2026-09-08 18:29:38"
"2952","193","2024-03-10","31.00","15500","2026-09-08 18:29:38"
"2953","223","2024-03-10","53.00","26500","2026-09-08 18:29:38"
"2954","282","2024-03-10","22.00","44000","2026-09-08 18:29:38"
"2955","185","2024-03-10","2000.00","120000","2026-09-08 18:29:38"
"2956","53","2024-03-10","1000.00","41000","2026-09-08 18:29:38"
"2957","159","2024-03-10","5000.00","155000","2026-09-08 18:29:38"
"2958","6","2024-03-10","42.00","147000","2026-09-08 18:29:38"
"2959","142","2024-03-10","46.00","23000","2026-09-08 18:29:38"
"2960","127","2024-03-10","20.00","70000","2026-09-08 18:29:38"
"2961","159","2024-03-10","20000.00","620000","2026-09-08 18:29:38"
"2962","159","2024-04-10","5000.00","155000","2026-09-08 18:29:38"
"2963","142","2024-04-10","33.00","16500","2026-09-08 18:29:38"
"2964","127","2024-04-10","42.00","147000","2026-09-08 18:29:38"
"2965","133","2024-04-10","7000.00","115500","2026-09-08 18:29:38"
"2966","57","2024-04-10","3750.00","75000","2026-09-08 18:29:38"
"2967","43","2024-04-10","10000.00","145000","2026-09-08 18:29:38"
"2968","251","2024-04-10","54.00","54000","2026-09-08 18:29:38"
"2969","227","2024-04-10","11.00","71500","2026-09-08 18:29:38"
"2970","159","2024-05-10","11000.00","341000","2026-09-08 18:29:38"
"2971","166","2024-05-10","9.00","18000","2026-09-08 18:29:38"
"2972","76","2024-05-10","43.00","21500","2026-09-08 18:29:38"
"2973","142","2024-05-10","31.00","15500","2026-09-08 18:29:38"
"2974","104","2024-05-10","21.00","115500","2026-09-08 18:29:38"
"2975","56","2024-05-10","31.00","155000","2026-09-08 18:29:38"
"2976","251","2024-05-10","32.00","32000","2026-09-08 18:29:38"
"2977","37","2024-05-10","43.00","64500","2026-09-08 18:29:38"
"2978","291","2024-05-10","23.00","23000","2026-09-08 18:29:38"
"2979","246","2024-05-10","54.00","54000","2026-09-08 18:29:38"
"2980","127","2024-05-10","70.00","245000","2026-09-08 18:29:38"
"2981","159","2024-06-10","17000.00","527000","2026-09-08 18:29:38"
"2982","85","2024-06-10","13.00","45500","2026-09-08 18:29:38"
"2983","252","2024-06-10","32.00","16000","2026-09-08 18:29:38"
"2984","159","2024-06-10","3250.00","104000","2026-09-08 18:29:38"
"2985","57","2024-06-10","13500.00","270000","2026-09-08 18:29:38"
"2986","6","2024-06-10","2.00","7000","2026-09-08 18:29:38"
"2987","185","2024-06-10","750.00","46500","2026-09-08 18:29:38"
"2988","3","2024-06-10","31.00","77500","2026-09-08 18:29:38"
"2989","127","2024-06-10","31.00","108500","2026-09-08 18:29:38"
"2990","251","2024-06-10","31.00","31000","2026-09-08 18:29:38"
"2991","142","2024-06-10","23.00","11500","2026-09-08 18:29:38"
"2992","197","2024-06-10","42.00","84000","2026-09-08 18:29:38"
"2993","239","2024-06-10","42.00","42000","2026-09-08 18:29:38"
"2994","111","2024-06-10","42.00","63000","2026-09-08 18:29:38"
"2995","282","2024-07-10","10.00","20000","2026-09-08 18:29:38"
"2996","142","2024-07-10","42.00","21000","2026-09-08 18:29:38"
"2997","197","2024-07-10","10.00","20000","2026-09-08 18:29:38"
"2998","166","2024-07-10","9.00","18000","2026-09-08 18:29:38"
"2999","104","2024-07-10","12.00","66000","2026-09-08 18:29:38"
"3000","50","2024-07-10","12.00","36000","2026-09-08 18:29:39"
"3001","234","2024-07-10","31.00","31000","2026-09-08 18:29:39"
"3002","153","2024-07-10","31.00","31000","2026-09-08 18:29:39"
"3003","3","2024-07-10","21.00","52500","2026-09-08 18:29:39"
"3004","246","2024-08-10","31.00","31000","2026-09-08 18:29:39"
"3005","82","2024-08-10","31.00","62000","2026-09-08 18:29:39"
"3006","142","2024-08-10","21.00","10500","2026-09-08 18:29:39"
"3007","76","2024-08-10","45.00","22500","2026-09-08 18:29:39"
"3008","74","2024-08-10","53.00","106000","2026-09-08 18:29:39"
"3009","166","2024-08-10","32.00","64000","2026-09-08 18:29:39"
"3010","97","2024-08-10","45.00","90000","2026-09-08 18:29:39"
"3011","220","2024-08-10","30.00","60000","2026-09-08 18:29:39"
"3012","167","2024-08-10","24.00","24000","2026-09-08 18:29:39"
"3013","159","2024-08-10","5000.00","155000","2026-09-08 18:29:39"
"3014","198","2024-09-10","11.00","93500","2026-09-08 18:29:39"
"3015","13","2024-09-10","21.00","42000","2026-09-08 18:29:39"
"3016","159","2024-09-10","4500.00","139500","2026-09-08 18:29:39"
"3017","76","2024-09-10","2.00","1000","2026-09-08 18:29:39"
"3018","142","2024-09-10","31.00","15500","2026-09-08 18:29:39"
"3019","251","2024-09-10","21.00","21000","2026-09-08 18:29:39"
"3020","167","2024-09-10","29.00","29000","2026-09-08 18:29:39"
"3021","198","2024-09-10","31.00","263500","2026-09-08 18:29:39"
"3022","70","2024-09-10","21.00","73500","2026-09-08 18:29:39"
"3023","5","2024-09-10","31.00","31000","2026-09-08 18:29:39"
"3024","246","2024-09-10","34.00","34000","2026-09-08 18:29:39"
"3025","154","2024-10-10","22.00","44000","2026-09-08 18:29:39"
"3026","107","2024-10-10","20.00","20000","2026-09-08 18:29:39"
"3027","220","2024-10-10","23.00","46000","2026-09-08 18:29:39"
"3028","97","2024-10-10","28.00","56000","2026-09-08 18:29:39"
"3029","197","2024-10-10","22.00","44000","2026-09-08 18:29:39"
"3030","133","2024-10-10","10000.00","165000","2026-09-08 18:29:39"
"3031","282","2024-10-10","29.00","58000","2026-09-08 18:29:39"
"3032","82","2024-10-10","38.00","76000","2026-09-08 18:29:39"
"3033","220","2024-10-10","22.00","44000","2026-09-08 18:29:39"
"3034","76","2024-10-10","34.00","17000","2026-09-08 18:29:39"
"3035","6","2024-11-10","40.00","140000","2026-09-08 18:29:39"
"3036","127","2024-11-10","40.00","140000","2026-09-08 18:29:39"
"3037","159","2024-11-10","10000.00","310000","2026-09-08 18:29:39"
"3038","159","2024-11-10","8500.00","263500","2026-09-08 18:29:39"
"3039","159","2024-11-10","2500.00","80000","2026-09-08 18:29:39"
"3040","185","2024-11-10","500.00","31000","2026-09-08 18:29:39"
"3041","251","2024-11-10","11.00","11000","2026-09-08 18:29:39"
"3042","154","2024-11-10","10.00","20000","2026-09-08 18:29:39"
"3043","50","2024-12-10","10.00","30000","2026-09-08 18:29:39"
"3044","142","2024-12-10","21.00","10500","2026-09-08 18:29:39"
"3045","208","2024-12-10","32.00","32000","2026-09-08 18:29:39"
"3046","176","2024-12-10","30.00","60000","2026-09-08 18:29:39"
"3047","133","2024-12-10","10000.00","165000","2026-09-08 18:29:39"
"3048","163","2024-12-10","21.00","52500","2026-09-08 18:29:39"
"3049","252","2024-12-10","19.00","9500","2026-09-08 18:29:39"
"3050","127","2024-12-10","40.00","140000","2026-09-08 18:29:39"
"3051","142","2024-12-10","32.00","16000","2026-09-08 18:29:39"
"3052","107","2024-12-10","33.00","33000","2026-09-08 18:29:39"
"3053","51","2024-12-10","9.00","63000","2026-09-08 18:29:39"
"3054","163","2024-12-10","37.00","92500","2026-09-08 18:29:39"
"3055","165","2024-12-10","43.00","43000","2026-09-08 18:29:39"
"3056","3","2024-12-10","43.00","107500","2026-09-08 18:29:39"
"3057","193","2024-12-10","47.00","23500","2026-09-08 18:29:39"
"3058","168","2024-12-10","65.00","97500","2026-09-08 18:29:39"
"3059","134","2024-10-13","20.00","120000","2026-09-08 18:29:39"
"3060","220","2024-10-13","33.00","66000","2026-09-08 18:29:39"
"3061","167","2024-10-13","21.00","21000","2026-09-08 18:29:39"
"3062","142","2024-10-13","32.00","16000","2026-09-08 18:29:39"
"3063","144","2024-10-13","19.00","38000","2026-09-08 18:29:39"
"3064","6","2024-10-13","43.00","150500","2026-09-08 18:29:39"
"3065","127","2024-10-13","47.00","164500","2026-09-08 18:29:39"
"3066","136","2024-10-13","12.00","36000","2026-09-08 18:29:39"
"3067","197","2024-10-13","22.00","44000","2026-09-08 18:29:39"
"3068","97","2024-10-13","31.00","62000","2026-09-08 18:29:39"
"3069","76","2024-10-13","56.00","28000","2026-09-08 18:29:39"
"3070","165","2024-10-13","32.00","32000","2026-09-08 18:29:39"
"3071","122","2024-10-13","45.00","45000","2026-09-08 18:29:39"
"3072","279","2024-10-13","11.00","38500","2026-09-08 18:29:39"
"3073","159","2024-10-13","5250.00","168000","2026-09-08 18:29:39"
"3074","176","2024-10-13","54.00","108000","2026-09-08 18:29:39"
"3075","43","2024-10-14","10000.00","145000","2026-09-08 18:29:39"
"3076","86","2024-10-14","2000.00","100000","2026-09-08 18:29:39"
"3077","86","2024-10-14","2250.00","117000","2026-09-08 18:29:39"
"3078","142","2024-10-14","33.00","16500","2026-09-08 18:29:39"
"3079","50","2024-10-14","12.00","36000","2026-09-08 18:29:39"
"3080","166","2024-10-14","10.00","20000","2026-09-08 18:29:39"
"3081","74","2024-10-14","64.00","128000","2026-09-08 18:29:39"
"3082","223","2024-10-14","31.00","15500","2026-09-08 18:29:39"
"3083","127","2024-10-15","50.00","175000","2026-09-08 18:29:39"
"3084","43","2024-10-15","10000.00","145000","2026-09-08 18:29:39"
"3085","133","2024-10-15","10000.00","165000","2026-09-08 18:29:39"
"3086","193","2024-10-15","45.00","22500","2026-09-08 18:29:39"
"3087","82","2024-10-15","32.00","64000","2026-09-08 18:29:39"
"3088","241","2024-10-15","33.00","49500","2026-09-08 18:29:39"
"3089","11","2024-10-15","2500.00","85000","2026-09-08 18:29:39"
"3090","159","2024-10-15","8500.00","263500","2026-09-08 18:29:39"
"3091","159","2024-10-15","3000.00","93000","2026-09-08 18:29:39"
"3092","142","2024-10-15","43.00","21500","2026-09-08 18:29:39"
"3093","251","2024-10-16","32.00","32000","2026-09-08 18:29:39"
"3094","107","2024-10-16","43.00","43000","2026-09-08 18:29:39"
"3095","133","2024-10-16","11000.00","181500","2026-09-08 18:29:39"
"3096","159","2024-10-16","10000.00","310000","2026-09-08 18:29:39"
"3097","127","2024-10-16","43.00","150500","2026-09-08 18:29:39"
"3098","6","2024-10-16","50.00","175000","2026-09-08 18:29:39"
"3099","35","2024-10-16","32.00","80000","2026-09-08 18:29:39"
"3100","193","2024-10-16","21.00","10500","2026-09-08 18:29:39"
"3101","142","2024-10-16","42.00","21000","2026-09-08 18:29:39"
"3102","104","2024-10-17","31.00","170500","2026-09-08 18:29:39"
"3103","198","2024-10-17","32.00","272000","2026-09-08 18:29:39"
"3104","166","2024-10-17","2.00","4000","2026-09-08 18:29:39"
"3105","82","2024-10-17","12.00","24000","2026-09-08 18:29:39"
"3106","144","2024-10-17","43.00","86000","2026-09-08 18:29:39"
"3107","13","2024-10-17","22.00","44000","2026-09-08 18:29:39"
"3108","43","2024-10-17","2000.00","29000","2026-09-08 18:29:39"
"3109","159","2024-10-17","7500.00","232500","2026-09-08 18:29:39"
"3110","190","2024-10-17","13.00","559000","2026-09-08 18:29:39"
"3111","35","2024-10-17","21.00","52500","2026-09-08 18:29:39"
"3112","239","2024-10-17","42.00","42000","2026-09-08 18:29:39"
"3113","142","2024-10-18","53.00","26500","2026-09-08 18:29:39"
"3114","97","2024-10-18","63.00","126000","2026-09-08 18:29:39"
"3115","165","2024-10-18","31.00","31000","2026-09-08 18:29:39"
"3116","116","2024-10-18","34.00","34000","2026-09-08 18:29:39"
"3117","76","2024-10-18","64.00","32000","2026-09-08 18:29:39"
"3118","11","2024-10-18","2500.00","85000","2026-09-08 18:29:39"
"3119","246","2024-10-18","65.00","65000","2026-09-08 18:29:39"
"3120","43","2024-10-18","7000.00","101500","2026-09-08 18:29:39"
"3121","203","2024-10-18","21.00","42000","2026-09-08 18:29:39"
"3122","197","2024-10-18","44.00","88000","2026-09-08 18:29:39"
"3123","282","2024-10-19","31.00","62000","2026-09-08 18:29:39"
"3124","197","2024-10-19","21.00","42000","2026-09-08 18:29:39"
"3125","50","2024-10-19","23.00","69000","2026-09-08 18:29:39"
"3126","272","2024-10-19","21.00","105000","2026-09-08 18:29:39"
"3127","159","2024-10-19","4000.00","124000","2026-09-08 18:29:39"
"3128","266","2024-10-19","34.00","85000","2026-09-08 18:29:39"
"3129","127","2024-10-19","32.00","112000","2026-09-08 18:29:39"
"3130","107","2024-10-19","5.00","5000","2026-09-08 18:29:39"
"3131","203","2024-10-19","34.00","68000","2026-09-08 18:29:39"
"3132","116","2024-10-19","23.00","23000","2026-09-08 18:29:39"
"3133","76","2024-10-19","65.00","32500","2026-09-08 18:29:39"
"3134","97","2024-10-20","43.00","86000","2026-09-08 18:29:39"
"3135","166","2024-10-20","32.00","64000","2026-09-08 18:29:39"
"3136","220","2024-10-20","56.00","112000","2026-09-08 18:29:39"
"3137","159","2024-10-20","20000.00","620000","2026-09-08 18:29:39"
"3138","252","2024-10-20","67.00","33500","2026-09-08 18:29:39"
"3139","239","2024-10-20","76.00","76000","2026-09-08 18:29:39"
"3140","198","2024-10-20","45.00","382500","2026-09-08 18:29:39"
"3141","111","2024-10-20","45.00","67500","2026-09-08 18:29:39"
"3142","252","2024-10-20","67.00","33500","2026-09-08 18:29:39"
"3143","104","2024-10-20","34.00","187000","2026-09-08 18:29:39"
"3144","243","2024-10-20","10.00","60000","2026-09-08 18:29:39"
"3145","98","2024-10-20","10.00","50000","2026-09-08 18:29:39"
"3146","246","2024-10-20","56.00","56000","2026-09-08 18:29:39"
"3147","6","2024-10-21","40.00","140000","2026-09-08 18:29:39"
"3148","142","2024-10-21","21.00","10500","2026-09-08 18:29:39"
"3149","167","2024-10-21","23.00","23000","2026-09-08 18:29:39"
"3150","291","2024-10-21","21.00","21000","2026-09-08 18:29:39"
"3151","166","2024-10-21","8.00","16000","2026-09-08 18:29:39"
"3152","96","2024-10-21","45.00","22500","2026-09-08 18:29:39"
"3153","76","2024-10-21","67.00","33500","2026-09-08 18:29:39"
"3154","127","2024-10-21","56.00","196000","2026-09-08 18:29:39"
"3155","107","2024-10-21","45.00","45000","2026-09-08 18:29:39"
"3156","165","2024-10-21","23.00","23000","2026-09-08 18:29:39"
"3157","239","2024-10-21","43.00","43000","2026-09-08 18:29:39"
"3158","223","2024-10-21","54.00","27000","2026-09-08 18:29:39"
"3159","159","2024-10-22","5000.00","155000","2026-09-08 18:29:39"
"3160","62","2024-10-22","34.00","68000","2026-09-08 18:29:39"
"3161","246","2024-10-22","34.00","34000","2026-09-08 18:29:39"
"3162","251","2024-10-22","29.00","29000","2026-09-08 18:29:39"
"3163","13","2024-10-22","12.00","24000","2026-09-08 18:29:39"
"3164","76","2024-10-22","56.00","28000","2026-09-08 18:29:39"
"3165","43","2024-10-22","20000.00","290000","2026-09-08 18:29:39"
"3166","17","2024-10-22","20.00","40000","2026-09-08 18:29:39"
"3167","43","2024-10-23","20000.00","290000","2026-09-08 18:29:39"
"3168","133","2024-10-23","10000.00","165000","2026-09-08 18:29:39"
"3169","159","2024-10-23","2500.00","80000","2026-09-08 18:29:39"
"3170","11","2024-10-23","2500.00","85000","2026-09-08 18:29:39"
"3171","76","2024-10-23","55.00","27500","2026-09-08 18:29:39"
"3172","251","2024-10-23","43.00","43000","2026-09-08 18:29:39"
"3173","220","2024-10-23","12.00","24000","2026-09-08 18:29:39"
"3174","97","2024-10-23","32.00","64000","2026-09-08 18:29:39"
"3175","154","2024-10-23","32.00","64000","2026-09-08 18:29:39"
"3176","17","2024-10-23","12.00","24000","2026-09-08 18:29:39"
"3177","173","2024-10-23","45.00","90000","2026-09-08 18:29:39"
"3178","251","2024-10-24","34.00","34000","2026-09-08 18:29:39"
"3179","129","2024-10-24","31.00","372000","2026-09-08 18:29:39"
"3180","133","2024-10-24","18000.00","297000","2026-09-08 18:29:39"
"3181","184","2024-10-24","12.00","72000","2026-09-08 18:29:39"
"3182","198","2024-10-24","23.00","195500","2026-09-08 18:29:39"
"3183","7","2024-10-24","250.00","25000","2026-09-08 18:29:39"
"3184","114","2024-10-24","20.00","20000","2026-09-08 18:29:39"
"3185","136","2024-10-24","34.00","102000","2026-09-08 18:29:39"
"3186","159","2024-10-24","10000.00","310000","2026-09-08 18:29:39"
"3187","159","2024-10-24","4500.00","139500","2026-09-08 18:29:39"
"3188","165","2024-10-25","23.00","23000","2026-09-08 18:29:39"
"3189","19","2024-10-25","21.00","10500","2026-09-08 18:29:39"
"3190","184","2024-10-25","23.00","138000","2026-09-08 18:29:39"
"3191","243","2024-10-25","17.00","102000","2026-09-08 18:29:39"
"3192","43","2024-10-25","11000.00","159500","2026-09-08 18:29:39"
"3193","11","2024-10-25","10750.00","365500","2026-09-08 18:29:39"
"3194","5","2024-10-25","65.00","65000","2026-09-08 18:29:39"
"3195","239","2024-10-25","23.00","23000","2026-09-08 18:29:39"
"3196","70","2024-10-25","12.00","42000","2026-09-08 18:29:39"
"3197","173","2024-10-26","32.00","64000","2026-09-08 18:29:39"
"3198","183","2024-10-26","21.00","10500","2026-09-08 18:29:39"
"3199","163","2024-10-26","45.00","112500","2026-09-08 18:29:39"
"3200","176","2024-10-26","32.00","64000","2026-09-08 18:29:39"
"3201","282","2024-10-26","65.00","130000","2026-09-08 18:29:39"
"3202","173","2024-10-26","23.00","46000","2026-09-08 18:29:39"
"3203","122","2024-10-26","65.00","65000","2026-09-08 18:29:39"
"3204","220","2024-10-26","23.00","46000","2026-09-08 18:29:39"
"3205","142","2024-10-26","56.00","28000","2026-09-08 18:29:39"
"3206","154","2024-10-26","23.00","46000","2026-09-08 18:29:39"
"3207","85","2024-10-26","12.00","42000","2026-09-08 18:29:39"
"3208","159","2024-10-26","5000.00","155000","2026-09-08 18:29:39"
"3209","251","2024-10-26","21.00","21000","2026-09-08 18:29:39"
"3210","17","2024-10-26","11.00","22000","2026-09-08 18:29:39"
"3211","143","2024-10-26","10.00","115000","2026-09-08 18:29:39"
"3212","133","2024-10-26","2500.00","42500","2026-09-08 18:29:39"
"3213","246","2024-10-27","65.00","65000","2026-09-08 18:29:39"
"3214","3","2024-10-27","21.00","52500","2026-09-08 18:29:39"
"3215","166","2024-10-27","32.00","64000","2026-09-08 18:29:39"
"3216","43","2024-10-27","17000.00","246500","2026-09-08 18:29:39"
"3217","239","2024-10-27","43.00","43000","2026-09-08 18:29:39"
"3218","5","2024-10-27","21.00","21000","2026-09-08 18:29:39"
"3219","68","2024-10-27","32.00","576000","2026-09-08 18:29:39"
"3220","64","2024-10-27","500.00","15000","2026-09-08 18:29:39"
"3221","43","2024-10-27","14000.00","203000","2026-09-08 18:29:39"
"3222","133","2024-10-27","10000.00","165000","2026-09-08 18:29:39"
"3223","250","2024-10-27","1.00","30000","2026-09-08 18:29:39"
"3224","76","2024-10-27","54.00","27000","2026-09-08 18:29:39"
"3225","96","2024-10-27","34.00","17000","2026-09-08 18:29:39"
"3226","203","2024-10-28","32.00","64000","2026-09-08 18:29:39"
"3227","122","2024-10-28","45.00","45000","2026-09-08 18:29:39"
"3228","163","2024-10-28","12.00","30000","2026-09-08 18:29:39"
"3229","74","2024-10-28","21.00","42000","2026-09-08 18:29:39"
"3230","220","2024-10-28","54.00","108000","2026-09-08 18:29:39"
"3231","234","2024-10-28","32.00","32000","2026-09-08 18:29:39"
"3232","116","2024-10-28","12.00","12000","2026-09-08 18:29:39"
"3233","239","2024-10-28","12.00","12000","2026-09-08 18:29:39"
"3234","223","2024-10-28","32.00","16000","2026-09-08 18:29:39"
"3235","165","2024-10-28","12.00","12000","2026-09-08 18:29:39"
"3236","104","2024-10-29","21.00","115500","2026-09-08 18:29:39"
"3237","208","2024-10-29","21.00","21000","2026-09-08 18:29:39"
"3238","142","2024-10-29","43.00","21500","2026-09-08 18:29:39"
"3239","198","2024-10-29","12.00","102000","2026-09-08 18:29:39"
"3240","199","2024-10-29","32.00","32000","2026-09-08 18:29:39"
"3241","133","2024-10-29","32000.00","528000","2026-09-08 18:29:39"
"3242","82","2024-10-30","11.00","22000","2026-09-08 18:29:39"
"3243","246","2024-10-30","75.00","75000","2026-09-08 18:29:39"
"3244","198","2024-10-30","9.00","76500","2026-09-08 18:29:39"
"3245","260","2024-10-30","31.00","232500","2026-09-08 18:29:39"
"3246","111","2024-10-30","21.00","31500","2026-09-08 18:29:39"
"3247","127","2024-10-30","58.00","203000","2026-09-08 18:29:39"
"3248","220","2024-10-31","21.00","42000","2026-09-08 18:29:39"
"3249","251","2024-10-31","32.00","32000","2026-09-08 18:29:39"
"3250","57","2024-10-31","2500.00","50000","2026-09-08 18:29:39"
"3251","203","2024-10-31","62.00","124000","2026-09-08 18:29:39"
"3252","159","2024-10-31","2500.00","80000","2026-09-08 18:29:39"
"3253","159","2024-10-31","10000.00","310000","2026-09-08 18:29:39"
"3254","167","2024-10-31","54.00","54000","2026-09-08 18:29:39"
"3255","43","2024-10-31","12000.00","174000","2026-09-08 18:29:39"
"3256","142","2024-01-11","45.00","22500","2026-09-08 18:29:39"
"3257","208","2024-01-11","10.00","10000","2026-09-08 18:29:39"
"3258","17","2024-01-11","12.00","24000","2026-09-08 18:29:39"
"3259","142","2024-01-11","65.00","32500","2026-09-08 18:29:39"
"3260","116","2024-01-11","34.00","34000","2026-09-08 18:29:39"
"3261","220","2024-01-11","34.00","68000","2026-09-08 18:29:39"
"3262","154","2024-01-11","13.00","26000","2026-09-08 18:29:39"
"3263","251","2024-01-11","43.00","43000","2026-09-08 18:29:39"
"3264","173","2024-01-11","33.00","66000","2026-09-08 18:29:39"
"3265","201","2024-02-11","14.00","28000","2026-09-08 18:29:39"
"3266","166","2024-02-11","8.00","16000","2026-09-08 18:29:39"
"3267","246","2024-02-11","76.00","76000","2026-09-08 18:29:39"
"3268","64","2024-02-11","2500.00","75000","2026-09-08 18:29:39"
"3269","97","2024-02-11","55.00","110000","2026-09-08 18:29:39"
"3270","173","2024-02-11","45.00","90000","2026-09-08 18:29:39"
"3271","129","2024-02-11","43.00","516000","2026-09-08 18:29:39"
"3272","220","2024-02-11","54.00","108000","2026-09-08 18:29:39"
"3273","97","2024-02-11","45.00","90000","2026-09-08 18:29:39"
"3274","76","2024-03-11","48.00","24000","2026-09-08 18:29:39"
"3275","142","2024-03-11","42.00","21000","2026-09-08 18:29:39"
"3276","122","2024-03-11","32.00","32000","2026-09-08 18:29:39"
"3277","50","2024-03-11","43.00","129000","2026-09-08 18:29:39"
"3278","223","2024-03-11","23.00","11500","2026-09-08 18:29:39"
"3279","166","2024-03-11","34.00","68000","2026-09-08 18:29:39"
"3280","251","2024-03-11","24.00","24000","2026-09-08 18:29:39"
"3281","159","2024-03-11","5500.00","170500","2026-09-08 18:29:39"
"3282","35","2024-03-11","22.00","55000","2026-09-08 18:29:39"
"3283","197","2024-03-11","5.00","10000","2026-09-08 18:29:39"
"3284","127","2024-03-11","97.00","339500","2026-09-08 18:29:39"
"3285","6","2024-03-11","54.00","189000","2026-09-08 18:29:39"
"3286","33","2024-03-11","5.00","60000","2026-09-08 18:29:39"
"3287","43","2024-03-11","7000.00","101500","2026-09-08 18:29:39"
"3288","19","2024-03-11","11.00","5500","2026-09-08 18:29:39"
"3289","275","2024-04-11","53.00","53000","2026-09-08 18:29:39"
"3290","166","2024-04-11","8.00","16000","2026-09-08 18:29:39"
"3291","167","2024-04-11","42.00","42000","2026-09-08 18:29:39"
"3292","159","2024-04-11","10000.00","310000","2026-09-08 18:29:39"
"3293","282","2024-04-11","13.00","26000","2026-09-08 18:29:39"
"3294","272","2024-04-11","10.00","50000","2026-09-08 18:29:39"
"3295","181","2024-04-11","23.00","184000","2026-09-08 18:29:39"
"3296","35","2024-04-11","22.00","55000","2026-09-08 18:29:39"
"3297","144","2024-04-11","10.00","20000","2026-09-08 18:29:39"
"3298","239","2024-05-11","23.00","23000","2026-09-08 18:29:39"
"3299","136","2024-05-11","10.00","30000","2026-09-08 18:29:39"
"3300","17","2024-05-11","32.00","64000","2026-09-08 18:29:39"
"3301","166","2024-05-11","6.00","12000","2026-09-08 18:29:39"
"3302","188","2024-05-11","42.00","84000","2026-09-08 18:29:39"
"3303","127","2024-05-11","75.00","262500","2026-09-08 18:29:39"
"3304","142","2024-05-11","33.00","16500","2026-09-08 18:29:39"
"3305","166","2024-06-11","8.00","16000","2026-09-08 18:29:39"
"3306","107","2024-06-11","43.00","43000","2026-09-08 18:29:39"
"3307","165","2024-06-11","28.00","28000","2026-09-08 18:29:39"
"3308","163","2024-06-11","39.00","97500","2026-09-08 18:29:39"
"3309","104","2024-06-11","9.00","49500","2026-09-08 18:29:39"
"3310","167","2024-06-11","26.00","26000","2026-09-08 18:29:39"
"3311","76","2024-06-11","76.00","38000","2026-09-08 18:29:39"
"3312","133","2024-07-11","11000.00","181500","2026-09-08 18:29:39"
"3313","196","2024-07-11","10.00","90000","2026-09-08 18:29:39"
"3314","3","2024-07-11","23.00","57500","2026-09-08 18:29:39"
"3315","8","2024-07-11","11.00","66000","2026-09-08 18:29:39"
"3316","21","2024-07-11","4.00","28000","2026-09-08 18:29:39"
"3317","86","2024-07-11","1500.00","75000","2026-09-08 18:29:39"
"3318","274","2024-07-11","32.00","64000","2026-09-08 18:29:39"
"3319","142","2024-07-11","44.00","22000","2026-09-08 18:29:39"
"3320","291","2024-07-11","52.00","52000","2026-09-08 18:29:39"
"3321","165","2024-07-11","42.00","42000","2026-09-08 18:29:39"
"3322","96","2024-08-11","23.00","11500","2026-09-08 18:29:39"
"3323","220","2024-08-11","44.00","88000","2026-09-08 18:29:39"
"3324","154","2024-08-11","17.00","34000","2026-09-08 18:29:39"
"3325","97","2024-08-11","42.00","84000","2026-09-08 18:29:39"
"3326","69","2024-08-11","11.00","22000","2026-09-08 18:29:39"
"3327","8","2024-08-11","9.00","54000","2026-09-08 18:29:39"
"3328","35","2024-08-11","16.00","40000","2026-09-08 18:29:39"
"3329","246","2024-08-11","63.00","63000","2026-09-08 18:29:39"
"3330","163","2024-09-11","23.00","57500","2026-09-08 18:29:39"
"3331","235","2024-09-11","10.00","400000","2026-09-08 18:29:39"
"3332","7","2024-09-11","1250.00","125000","2026-09-08 18:29:39"
"3333","246","2024-09-11","98.00","98000","2026-09-08 18:29:39"
"3334","43","2024-09-11","10000.00","145000","2026-09-08 18:29:39"
"3335","220","2024-09-11","32.00","64000","2026-09-08 18:29:39"
"3336","166","2024-09-11","17.00","34000","2026-09-08 18:29:39"
"3337","93","2024-09-11","21.00","273000","2026-09-08 18:29:39"
"3338","3","2024-10-11","34.00","85000","2026-09-08 18:29:39"
"3339","97","2024-10-11","54.00","108000","2026-09-08 18:29:39"
"3340","127","2024-10-11","97.00","339500","2026-09-08 18:29:39"
"3341","6","2024-10-11","23.00","80500","2026-09-08 18:29:39"
"3342","197","2024-10-11","34.00","68000","2026-09-08 18:29:39"
"3343","3","2024-10-11","54.00","135000","2026-09-08 18:29:39"
"3344","159","2024-10-11","21000.00","651000","2026-09-08 18:29:39"
"3345","5","2024-10-11","32.00","32000","2026-09-08 18:29:39"
"3346","118","2024-10-11","12.00","12000","2026-09-08 18:29:39"
"3347","142","2024-11-11","51.00","25500","2026-09-08 18:29:39"
"3348","183","2024-11-11","21.00","10500","2026-09-08 18:29:39"
"3349","96","2024-11-11","13.00","6500","2026-09-08 18:29:39"
"3350","220","2024-11-11","18.00","36000","2026-09-08 18:29:39"
"3351","166","2024-11-11","11.00","22000","2026-09-08 18:29:39"
"3352","246","2024-11-11","85.00","85000","2026-09-08 18:29:39"
"3353","220","2024-11-11","43.00","86000","2026-09-08 18:29:39"
"3354","159","2024-11-11","11000.00","341000","2026-09-08 18:29:39"
"3355","239","2024-11-11","45.00","45000","2026-09-08 18:29:39"
"3356","223","2024-11-11","54.00","27000","2026-09-08 18:29:39"
"3357","35","2024-12-11","47.00","117500","2026-09-08 18:29:39"
"3358","136","2024-12-11","31.00","93000","2026-09-08 18:29:39"
"3359","197","2024-12-11","28.00","56000","2026-09-08 18:29:39"
"3360","199","2024-12-11","32.00","32000","2026-09-08 18:29:39"
"3361","181","2024-12-11","34.00","272000","2026-09-08 18:29:39"
"3362","142","2024-12-11","21.00","10500","2026-09-08 18:29:39"
"3363","166","2024-12-11","54.00","108000","2026-09-08 18:29:39"
"3364","99","2024-11-13","54.00","486000","2026-09-08 18:29:39"
"3365","165","2024-11-13","23.00","23000","2026-09-08 18:29:39"
"3366","142","2024-11-13","56.00","28000","2026-09-08 18:29:39"
"3367","198","2024-11-13","21.00","178500","2026-09-08 18:29:39"
"3368","165","2024-11-13","45.00","45000","2026-09-08 18:29:39"
"3369","291","2024-11-13","21.00","21000","2026-09-08 18:29:39"
"3370","173","2024-11-13","23.00","46000","2026-09-08 18:29:39"
"3371","96","2024-11-14","53.00","26500","2026-09-08 18:29:39"
"3372","159","2024-11-14","5000.00","155000","2026-09-08 18:29:39"
"3373","111","2024-11-14","12.00","18000","2026-09-08 18:29:39"
"3374","97","2024-11-14","21.00","42000","2026-09-08 18:29:39"
"3375","3","2024-11-14","31.00","77500","2026-09-08 18:29:39"
"3376","159","2024-11-14","10000.00","310000","2026-09-08 18:29:39"
"3377","220","2024-11-14","29.00","58000","2026-09-08 18:29:39"
"3378","76","2024-11-14","32.00","16000","2026-09-08 18:29:39"
"3379","142","2024-11-14","24.00","12000","2026-09-08 18:29:39"
"3380","127","2024-11-15","87.00","304500","2026-09-08 18:29:39"
"3381","256","2024-11-15","10.00","100000","2026-09-08 18:29:39"
"3382","184","2024-11-15","18.00","108000","2026-09-08 18:29:39"
"3383","196","2024-11-15","28.00","252000","2026-09-08 18:29:39"
"3384","225","2024-11-15","6.00","126000","2026-09-08 18:29:39"
"3385","93","2024-11-15","1.00","13000","2026-09-08 18:29:39"
"3386","6","2024-11-16","32.00","112000","2026-09-08 18:29:39"
"3387","274","2024-11-16","5.00","10000","2026-09-08 18:29:39"
"3388","154","2024-11-16","20.00","40000","2026-09-08 18:29:39"
"3389","251","2024-11-16","42.00","42000","2026-09-08 18:29:39"
"3390","107","2024-11-16","21.00","21000","2026-09-08 18:29:39"
"3391","76","2024-11-16","44.00","22000","2026-09-08 18:29:39"
"3392","127","2024-11-16","87.00","304500","2026-09-08 18:29:39"
"3393","197","2024-11-16","11.00","22000","2026-09-08 18:29:39"
"3394","136","2024-11-16","23.00","69000","2026-09-08 18:29:39"
"3395","3","2024-11-16","45.00","112500","2026-09-08 18:29:39"
"3396","133","2024-11-16","10000.00","165000","2026-09-08 18:29:39"
"3397","246","2024-11-16","82.00","82000","2026-09-08 18:29:39"
"3398","282","2024-11-16","34.00","68000","2026-09-08 18:29:39"
"3399","198","2024-11-17","10.00","85000","2026-09-08 18:29:39"
"3400","6","2024-11-17","23.00","80500","2026-09-08 18:29:39"
"3401","165","2024-11-17","23.00","23000","2026-09-08 18:29:39"
"3402","239","2024-11-17","54.00","54000","2026-09-08 18:29:39"
"3403","153","2024-11-17","12.00","12000","2026-09-08 18:29:39"
"3404","121","2024-11-17","33.00","330000","2026-09-08 18:29:39"
"3405","246","2024-11-17","43.00","43000","2026-09-08 18:29:39"
"3406","166","2024-11-17","10.00","20000","2026-09-08 18:29:39"
"3407","198","2024-11-17","12.00","102000","2026-09-08 18:29:39"
"3408","39","2024-11-18","23.00","80500","2026-09-08 18:29:39"
"3409","159","2024-11-18","6000.00","186000","2026-09-08 18:29:39"
"3410","57","2024-11-18","2500.00","50000","2026-09-08 18:29:39"
"3411","152","2024-11-18","22.00","110000","2026-09-08 18:29:39"
"3412","203","2024-11-18","10.00","20000","2026-09-08 18:29:39"
"3413","196","2024-11-18","21.00","189000","2026-09-08 18:29:39"
"3414","43","2024-11-18","20000.00","290000","2026-09-08 18:29:39"
"3415","282","2024-11-18","21.00","42000","2026-09-08 18:29:39"
"3416","154","2024-11-18","23.00","46000","2026-09-08 18:29:39"
"3417","183","2024-11-18","23.00","11500","2026-09-08 18:29:39"
"3418","127","2024-11-18","54.00","189000","2026-09-08 18:29:39"
"3419","107","2024-11-19","23.00","23000","2026-09-08 18:29:39"
"3420","122","2024-11-19","12.00","12000","2026-09-08 18:29:39"
"3421","82","2024-11-19","10.00","20000","2026-09-08 18:29:39"
"3422","159","2024-11-19","9000.00","279000","2026-09-08 18:29:39"
"3423","251","2024-11-19","22.00","22000","2026-09-08 18:29:39"
"3424","127","2024-11-19","84.00","294000","2026-09-08 18:29:39"
"3425","111","2024-11-19","53.00","79500","2026-09-08 18:29:39"
"3426","260","2024-11-19","21.00","157500","2026-09-08 18:29:39"
"3427","19","2024-11-19","30.00","15000","2026-09-08 18:29:39"
"3428","104","2024-11-20","22.00","121000","2026-09-08 18:29:39"
"3429","107","2024-11-20","23.00","23000","2026-09-08 18:29:39"
"3430","230","2024-11-20","45.00","22500","2026-09-08 18:29:39"
"3431","127","2024-11-20","30.00","105000","2026-09-08 18:29:39"
"3432","133","2024-11-20","19000.00","313500","2026-09-08 18:29:39"
"3433","26","2024-11-20","34.00","68000","2026-09-08 18:29:39"
"3434","282","2024-11-20","65.00","130000","2026-09-08 18:29:39"
"3435","188","2024-11-21","34.00","68000","2026-09-08 18:29:39"
"3436","251","2024-11-21","42.00","42000","2026-09-08 18:29:39"
"3437","113","2024-11-21","86.00","172000","2026-09-08 18:29:39"
"3438","73","2024-11-21","21.00","42000","2026-09-08 18:29:39"
"3439","263","2024-11-21","40.00","40000","2026-09-08 18:29:39"
"3440","65","2024-11-21","11.00","71500","2026-09-08 18:29:39"
"3441","197","2024-11-21","21.00","42000","2026-09-08 18:29:39"
"3442","223","2024-11-21","23.00","11500","2026-09-08 18:29:39"
"3443","163","2024-11-21","56.00","140000","2026-09-08 18:29:39"
"3444","6","2024-11-22","32.00","112000","2026-09-08 18:29:39"
"3445","260","2024-11-22","21.00","157500","2026-09-08 18:29:39"
"3446","111","2024-11-22","11.00","16500","2026-09-08 18:29:39"
"3447","166","2024-11-22","18.00","36000","2026-09-08 18:29:39"
"3448","159","2024-11-22","8500.00","263500","2026-09-08 18:29:39"
"3449","235","2024-11-22","10.00","400000","2026-09-08 18:29:39"
"3450","133","2024-11-22","20000.00","330000","2026-09-08 18:29:39"
"3451","128","2024-11-23","18.00","45000","2026-09-08 18:29:39"
"3452","188","2024-11-23","31.00","62000","2026-09-08 18:29:39"
"3453","154","2024-11-23","10.00","20000","2026-09-08 18:29:39"
"3454","142","2024-11-23","32.00","16000","2026-09-08 18:29:39"
"3455","279","2024-11-23","32.00","112000","2026-09-08 18:29:39"
"3456","76","2024-11-23","97.00","48500","2026-09-08 18:29:39"
"3457","6","2024-11-23","87.00","304500","2026-09-08 18:29:39"
"3458","131","2024-11-23","21.00","21000","2026-09-08 18:29:39"
"3459","141","2024-11-23","44.00","220000","2026-09-08 18:29:39"
"3460","154","2024-11-23","42.00","84000","2026-09-08 18:29:39"
"3461","281","2024-11-23","53.00","53000","2026-09-08 18:29:39"
"3462","220","2024-11-23","31.00","62000","2026-09-08 18:29:39"
"3463","26","2024-11-24","31.00","62000","2026-09-08 18:29:39"
"3464","107","2024-11-24","43.00","43000","2026-09-08 18:29:39"
"3465","142","2024-11-24","21.00","10500","2026-09-08 18:29:39"
"3466","166","2024-11-24","9.00","18000","2026-09-08 18:29:39"
"3467","257","2024-11-24","22.00","55000","2026-09-08 18:29:39"
"3468","138","2024-11-24","13.00","6500","2026-09-08 18:29:39"
"3469","239","2024-11-24","5.00","5000","2026-09-08 18:29:39"
"3470","238","2024-11-24","56.00","28000","2026-09-08 18:29:39"
"3471","179","2024-11-24","53.00","159000","2026-09-08 18:29:39"
"3472","3","2024-11-24","43.00","107500","2026-09-08 18:29:39"
"3473","246","2024-11-24","41.00","41000","2026-09-08 18:29:39"
"3474","6","2024-11-24","76.00","266000","2026-09-08 18:29:39"
"3475","127","2024-11-24","98.00","343000","2026-09-08 18:29:39"
"3476","128","2024-11-25","42.00","105000","2026-09-08 18:29:39"
"3477","142","2024-11-25","42.00","21000","2026-09-08 18:29:39"
"3478","122","2024-11-25","56.00","56000","2026-09-08 18:29:39"
"3479","113","2024-11-25","33.00","66000","2026-09-08 18:29:39"
"3480","166","2024-11-25","13.00","26000","2026-09-08 18:29:39"
"3481","99","2024-11-25","3.00","27000","2026-09-08 18:29:39"
"3482","227","2024-11-25","23.00","149500","2026-09-08 18:29:39"
"3483","144","2024-11-26","24.00","48000","2026-09-08 18:29:39"
"3484","159","2024-11-26","11500.00","356500","2026-09-08 18:29:39"
"3485","127","2024-11-26","30.00","105000","2026-09-08 18:29:39"
"3486","121","2024-11-26","10.00","100000","2026-09-08 18:29:39"
"3487","159","2024-11-26","10000.00","310000","2026-09-08 18:29:39"
"3488","122","2024-11-26","43.00","43000","2026-09-08 18:29:39"
"3489","50","2024-11-26","11.00","33000","2026-09-08 18:29:39"
"3490","197","2024-11-27","41.00","82000","2026-09-08 18:29:39"
"3491","27","2024-11-27","22.00","66000","2026-09-08 18:29:39"
"3492","279","2024-11-27","11.00","38500","2026-09-08 18:29:39"
"3493","223","2024-11-27","30.00","15000","2026-09-08 18:29:39"
"3494","4","2024-11-27","20.00","40000","2026-09-08 18:29:39"
"3495","128","2024-11-27","42.00","105000","2026-09-08 18:29:39"
"3496","3","2024-11-27","21.00","52500","2026-09-08 18:29:39"
"3497","19","2024-11-27","44.00","22000","2026-09-08 18:29:39"
"3498","197","2024-11-28","20.00","40000","2026-09-08 18:29:39"
"3499","246","2024-11-28","76.00","76000","2026-09-08 18:29:39"
"3500","128","2024-11-28","31.00","77500","2026-09-08 18:29:39"
"3501","227","2024-11-28","21.00","136500","2026-09-08 18:29:39"
"3502","11","2024-11-28","1000.00","34000","2026-09-08 18:29:39"
"3503","193","2024-11-28","33.00","16500","2026-09-08 18:29:39"
"3504","127","2024-11-29","94.00","329000","2026-09-08 18:29:39"
"3505","27","2024-11-29","32.00","96000","2026-09-08 18:29:39"
"3506","138","2024-11-29","22.00","11000","2026-09-08 18:29:39"
"3507","159","2024-11-29","5000.00","155000","2026-09-08 18:29:39"
"3508","107","2024-11-29","32.00","32000","2026-09-08 18:29:39"
"3509","111","2024-11-30","42.00","63000","2026-09-08 18:29:39"
"3510","208","2024-11-30","18.00","18000","2026-09-08 18:29:39"
"3511","198","2024-11-30","10.00","85000","2026-09-08 18:29:39"
"3512","133","2024-11-30","10000.00","165000","2026-09-08 18:29:39"
"3513","159","2024-11-30","9500.00","294500","2026-09-08 18:29:39"
"3514","279","2024-11-30","32.00","112000","2026-09-08 18:29:39"
"3515","76","2024-11-30","97.00","48500","2026-09-08 18:29:39"
"3516","263","2024-11-30","21.00","21000","2026-09-08 18:29:39"
"3517","183","2024-11-30","32.00","16000","2026-09-08 18:29:39"
"3518","82","2024-11-30","21.00","42000","2026-09-08 18:29:39"
"3519","163","2024-11-30","30.00","75000","2026-09-08 18:29:39"
"3520","3","2024-11-30","32.00","80000","2026-09-08 18:29:39"
"3521","122","2024-11-30","53.00","53000","2026-09-08 18:29:39"
"3522","197","2024-01-12","23.00","46000","2026-09-08 18:29:39"
"3523","3","2024-01-12","10.00","25000","2026-09-08 18:29:39"
"3524","166","2024-01-12","10.00","20000","2026-09-08 18:29:39"
"3525","153","2024-01-12","23.00","23000","2026-09-08 18:29:39"
"3526","223","2024-01-12","31.00","15500","2026-09-08 18:29:39"
"3527","50","2024-01-12","10.00","30000","2026-09-08 18:29:39"
"3528","188","2024-01-12","31.00","62000","2026-09-08 18:29:39"
"3529","286","2024-01-12","31.00","155000","2026-09-08 18:29:39"
"3530","231","2024-01-12","22.00","44000","2026-09-08 18:29:39"
"3531","122","2024-01-12","13.00","13000","2026-09-08 18:29:39"
"3532","142","2024-01-12","17.00","8500","2026-09-08 18:29:39"
"3533","127","2024-01-12","43.00","150500","2026-09-08 18:29:39"
"3534","107","2024-01-12","33.00","33000","2026-09-08 18:29:39"
"3535","167","2024-01-12","90.00","90000","2026-09-08 18:29:39"
"3536","35","2024-02-12","17.00","42500","2026-09-08 18:29:39"
"3537","144","2024-02-12","55.00","110000","2026-09-08 18:29:39"
"3538","166","2024-02-12","10.00","20000","2026-09-08 18:29:39"
"3539","104","2024-02-12","11.00","60500","2026-09-08 18:29:39"
"3540","282","2024-02-12","23.00","46000","2026-09-08 18:29:39"
"3541","104","2024-02-12","11.00","60500","2026-09-08 18:29:39"
"3542","128","2024-02-12","23.00","57500","2026-09-08 18:29:39"
"3543","138","2024-02-12","40.00","20000","2026-09-08 18:29:39"
"3544","127","2024-03-12","40.00","140000","2026-09-08 18:29:39"
"3545","142","2024-03-12","43.00","21500","2026-09-08 18:29:39"
"3546","122","2024-03-12","32.00","32000","2026-09-08 18:29:39"
"3547","198","2024-03-12","8.00","68000","2026-09-08 18:29:39"
"3548","159","2024-03-12","9000.00","279000","2026-09-08 18:29:39"
"3549","11","2024-03-12","2750.00","93500","2026-09-08 18:29:39"
"3550","11","2024-03-12","5000.00","200000","2026-09-08 18:29:39"
"3551","246","2024-04-12","44.00","44000","2026-09-08 18:29:39"
"3552","6","2024-04-12","40.00","140000","2026-09-08 18:29:39"
"3553","197","2024-04-12","31.00","62000","2026-09-08 18:29:39"
"3554","153","2024-04-12","21.00","21000","2026-09-08 18:29:39"
"3555","4","2024-04-12","33.00","66000","2026-09-08 18:29:39"
"3556","90","2024-04-12","87.00","87000","2026-09-08 18:29:39"
"3557","282","2024-04-12","11.00","22000","2026-09-08 18:29:39"
"3558","188","2024-04-12","40.00","80000","2026-09-08 18:29:39"
"3559","231","2024-04-12","21.00","42000","2026-09-08 18:29:39"
"3560","127","2024-05-12","37.00","129500","2026-09-08 18:29:39"
"3561","6","2024-05-12","44.00","154000","2026-09-08 18:29:39"
"3562","252","2024-05-12","30.00","15000","2026-09-08 18:29:39"
"3563","235","2024-05-12","5.00","200000","2026-09-08 18:29:39"
"3564","159","2024-05-12","5000.00","155000","2026-09-08 18:29:39"
"3565","223","2024-05-12","31.00","15500","2026-09-08 18:29:39"
"3566","6","2024-05-12","40.00","140000","2026-09-08 18:29:39"
"3567","159","2024-06-12","6500.00","201500","2026-09-08 18:29:39"
"3568","159","2024-06-12","5000.00","160000","2026-09-08 18:29:39"
"3569","127","2024-06-12","40.00","140000","2026-09-08 18:29:39"
"3570","142","2024-06-12","42.00","21000","2026-09-08 18:29:39"
"3571","8","2024-07-12","42.00","252000","2026-09-08 18:29:39"
"3572","131","2024-07-12","45.00","45000","2026-09-08 18:29:39"
"3573","266","2024-07-12","23.00","57500","2026-09-08 18:29:39"
"3574","262","2024-07-12","39.00","78000","2026-09-08 18:29:39"
"3575","166","2024-07-12","11.00","22000","2026-09-08 18:29:39"
"3576","193","2024-07-12","43.00","21500","2026-09-08 18:29:39"
"3577","142","2024-07-12","31.00","15500","2026-09-08 18:29:39"
"3578","20","2024-07-12","24.00","48000","2026-09-08 18:29:39"
"3579","235","2024-07-12","10.00","400000","2026-09-08 18:29:39"
"3580","167","2024-07-12","43.00","43000","2026-09-08 18:29:39"
"3581","197","2024-07-12","32.00","64000","2026-09-08 18:29:39"
"3582","231","2024-08-12","42.00","84000","2026-09-08 18:29:39"
"3583","24","2024-08-12","42.00","105000","2026-09-08 18:29:39"
"3584","64","2024-08-12","11000.00","330000","2026-09-08 18:29:39"
"3585","153","2024-08-12","53.00","53000","2026-09-08 18:29:39"
"3586","76","2024-08-12","97.00","48500","2026-09-08 18:29:39"
"3587","36","2024-08-12","22.00","44000","2026-09-08 18:29:39"
"3588","238","2024-08-12","30.00","15000","2026-09-08 18:29:39"
"3589","76","2024-09-12","86.00","43000","2026-09-08 18:29:39"
"3590","113","2024-09-12","20.00","40000","2026-09-08 18:29:39"
"3591","159","2024-09-12","10000.00","310000","2026-09-08 18:29:39"
"3592","88","2024-09-12","8.00","120000","2026-09-08 18:29:39"
"3593","11","2024-09-12","4750.00","161500","2026-09-08 18:29:39"
"3594","279","2024-10-12","21.00","73500","2026-09-08 18:29:39"
"3595","159","2024-10-12","18000.00","558000","2026-09-08 18:29:39"
"3596","127","2024-10-12","50.00","175000","2026-09-08 18:29:39"
"3597","6","2024-10-12","40.00","140000","2026-09-08 18:29:39"
"3598","134","2024-10-12","10.00","60000","2026-09-08 18:29:39"
"3599","13","2024-10-12","21.00","42000","2026-09-08 18:29:39"
"3600","176","2024-11-12","32.00","64000","2026-09-08 18:29:39"
"3601","197","2024-11-12","10.00","20000","2026-09-08 18:29:39"
"3602","166","2024-11-12","22.00","44000","2026-09-08 18:29:39"
"3603","234","2024-11-12","10.00","10000","2026-09-08 18:29:39"
"3604","127","2024-11-12","59.00","206500","2026-09-08 18:29:39"
"3605","159","2024-11-12","6500.00","201500","2026-09-08 18:29:39"
"3606","223","2024-12-12","42.00","21000","2026-09-08 18:29:39"
"3607","32","2024-12-12","21.00","21000","2026-09-08 18:29:39"
"3608","176","2024-12-12","10.00","20000","2026-09-08 18:29:39"
"3609","159","2024-12-12","5500.00","170500","2026-09-08 18:29:39"
"3610","6","2024-12-12","43.00","150500","2026-09-08 18:29:39"
"3611","136","2024-12-12","20.00","60000","2026-09-08 18:29:39"
"3612","2","2024-12-12","22.00","11000","2026-09-08 18:29:39"
"3613","76","2024-12-13","42.00","21000","2026-09-08 18:29:39"
"3614","127","2024-12-13","44.00","154000","2026-09-08 18:29:39"
"3615","72","2024-12-13","32.00","64000","2026-09-08 18:29:39"
"3616","251","2024-12-13","21.00","21000","2026-09-08 18:29:39"
"3617","6","2024-12-13","15.00","52500","2026-09-08 18:29:39"
"3618","107","2024-12-13","51.00","51000","2026-09-08 18:29:39"
"3619","82","2024-12-13","31.00","62000","2026-09-08 18:29:39"
"3620","113","2024-12-14","10.00","20000","2026-09-08 18:29:39"
"3621","73","2024-12-14","21.00","42000","2026-09-08 18:29:39"
"3622","197","2024-12-14","45.00","90000","2026-09-08 18:29:39"
"3623","283","2024-12-14","32.00","224000","2026-09-08 18:29:39"
"3624","159","2024-12-14","8500.00","263500","2026-09-08 18:29:39"
"3625","159","2024-12-14","4750.00","152000","2026-09-08 18:29:39"
"3626","71","2024-12-14","9.00","360000","2026-09-08 18:29:39"
"3627","3","2024-12-14","10.00","25000","2026-09-08 18:29:39"
"3628","7","2024-12-14","2250.00","225000","2026-09-08 18:29:39"
"3629","13","2024-12-15","42.00","84000","2026-09-08 18:29:39"
"3630","35","2024-12-15","22.00","55000","2026-09-08 18:29:39"
"3631","229","2024-12-15","10.00","30000","2026-09-08 18:29:39"
"3632","3","2024-12-15","21.00","52500","2026-09-08 18:29:39"
"3633","246","2024-12-15","50.00","50000","2026-09-08 18:29:39"
"3634","159","2024-12-15","10000.00","310000","2026-09-08 18:29:39"
"3635","159","2024-12-15","2250.00","72000","2026-09-08 18:29:39"
"3636","2","2024-12-15","43.00","21500","2026-09-08 18:29:39"
"3637","235","2024-12-15","10.00","400000","2026-09-08 18:29:39"
"3638","198","2024-12-15","11.00","93500","2026-09-08 18:29:39"
"3639","239","2024-12-17","20.00","20000","2026-09-08 18:29:39"
"3640","13","2024-12-17","12.00","24000","2026-09-08 18:29:39"
"3641","176","2024-12-17","43.00","86000","2026-09-08 18:29:39"
"3642","159","2024-12-17","15000.00","465000","2026-09-08 18:29:39"
"3643","159","2024-12-17","21000.00","651000","2026-09-08 18:29:39"
"3644","82","2024-12-17","20.00","40000","2026-09-08 18:29:39"
"3645","197","2024-12-17","20.00","40000","2026-09-08 18:29:39"
"3646","35","2024-12-17","32.00","80000","2026-09-08 18:29:39"
"3647","122","2024-12-17","42.00","42000","2026-09-08 18:29:39"
"3648","246","2024-12-17","57.00","57000","2026-09-08 18:29:39"
"3649","266","2024-12-17","31.00","77500","2026-09-08 18:29:39"
"3650","3","2024-12-17","21.00","52500","2026-09-08 18:29:39"
"3651","197","2024-12-17","20.00","40000","2026-09-08 18:29:39"
"3652","27","2024-12-17","22.00","66000","2026-09-08 18:29:39"
"3653","246","2024-12-18","54.00","54000","2026-09-08 18:29:39"
"3654","176","2024-12-18","32.00","64000","2026-09-08 18:29:39"
"3655","122","2024-12-18","23.00","23000","2026-09-08 18:29:39"
"3656","197","2024-12-18","10.00","20000","2026-09-08 18:29:39"
"3657","220","2024-12-18","29.00","58000","2026-09-08 18:29:39"
"3658","229","2024-12-18","8.00","24000","2026-09-08 18:29:39"
"3659","166","2024-12-18","22.00","44000","2026-09-08 18:29:39"
"3660","11","2024-12-18","3250.00","110500","2026-09-08 18:29:39"
"3661","76","2024-12-18","70.00","35000","2026-09-08 18:29:39"
"3662","37","2024-12-18","21.00","31500","2026-09-08 18:29:39"
"3663","13","2024-12-19","32.00","64000","2026-09-08 18:29:39"
"3664","282","2024-12-19","30.00","60000","2026-09-08 18:29:39"
"3665","49","2024-12-19","33.00","66000","2026-09-08 18:29:39"
"3666","20","2024-12-19","21.00","42000","2026-09-08 18:29:39"
"3667","122","2024-12-19","28.00","28000","2026-09-08 18:29:39"
"3668","127","2024-12-19","65.00","227500","2026-09-08 18:29:39"
"3669","159","2024-12-19","5500.00","170500","2026-09-08 18:29:39"
"3670","197","2024-12-19","20.00","40000","2026-09-08 18:29:39"
"3671","239","2024-12-20","34.00","34000","2026-09-08 18:29:39"
"3672","28","2024-12-20","21.00","126000","2026-09-08 18:29:39"
"3673","41","2024-12-20","10.00","50000","2026-09-08 18:29:39"
"3674","246","2024-12-20","64.00","64000","2026-09-08 18:29:39"
"3675","166","2024-12-20","9.00","18000","2026-09-08 18:29:39"
"3676","71","2024-12-20","8.00","320000","2026-09-08 18:29:39"
"3677","127","2024-12-20","11.00","38500","2026-09-08 18:29:39"
"3678","199","2024-12-20","4.00","4000","2026-09-08 18:29:39"
"3679","220","2024-12-21","2.00","4000","2026-09-08 18:29:39"
"3680","291","2024-12-21","3.00","3000","2026-09-08 18:29:39"
"3681","126","2024-12-21","5.00","2500","2026-09-08 18:29:39"
"3682","128","2024-12-21","2.00","5000","2026-09-08 18:29:39"
"3683","251","2024-12-21","3.00","3000","2026-09-08 18:29:39"
"3684","17","2024-12-21","2.00","4000","2026-09-08 18:29:39"
"3685","159","2024-12-21","30000.00","930000","2026-09-08 18:29:39"
"3686","184","2024-12-21","12.00","72000","2026-09-08 18:29:39"
"3687","122","2024-12-21","6.00","6000","2026-09-08 18:29:39"
"3688","50","2024-12-21","12.00","36000","2026-09-08 18:29:39"
"3689","260","2024-12-22","5.00","37500","2026-09-08 18:29:39"
"3690","159","2024-12-22","10000.00","310000","2026-09-08 18:29:39"
"3691","122","2024-12-22","13.00","13000","2026-09-08 18:29:39"
"3692","240","2024-12-22","10.00","100000","2026-09-08 18:29:39"
"3693","122","2024-12-22","34.00","34000","2026-09-08 18:29:39"
"3694","239","2024-12-22","21.00","21000","2026-09-08 18:29:39"
"3695","193","2024-12-22","54.00","27000","2026-09-08 18:29:39"
"3696","6","2024-12-23","40.00","140000","2026-09-08 18:29:39"
"3697","50","2024-12-23","11.00","33000","2026-09-08 18:29:39"
"3698","107","2024-12-23","49.00","49000","2026-09-08 18:29:39"
"3699","6","2024-12-23","66.00","231000","2026-09-08 18:29:39"
"3700","107","2024-12-23","10.00","10000","2026-09-08 18:29:39"
"3701","159","2024-12-23","15000.00","465000","2026-09-08 18:29:39"
"3702","159","2024-12-23","5250.00","168000","2026-09-08 18:29:39"
"3703","49","2024-12-23","20.00","40000","2026-09-08 18:29:39"
"3704","220","2024-12-23","33.00","66000","2026-09-08 18:29:39"
"3705","281","2024-12-23","15.00","15000","2026-09-08 18:29:39"
"3706","231","2024-12-23","22.00","44000","2026-09-08 18:29:39"
"3707","246","2024-12-23","22.00","22000","2026-09-08 18:29:39"
"3708","154","2024-12-24","20.00","40000","2026-09-08 18:29:39"
"3709","159","2024-12-24","4750.00","152000","2026-09-08 18:29:39"
"3710","6","2024-12-24","42.00","147000","2026-09-08 18:29:39"
"3711","83","2024-12-24","4.00","18000","2026-09-08 18:29:39"
"3712","111","2024-12-24","43.00","64500","2026-09-08 18:29:39"
"3713","127","2024-12-24","20.00","70000","2026-09-08 18:29:39"
"3714","159","2024-12-24","5500.00","170500","2026-09-08 18:29:39"
"3715","76","2024-12-24","55.00","27500","2026-09-08 18:29:39"
"3716","73","2024-12-25","21.00","42000","2026-09-08 18:29:39"
"3717","166","2024-12-25","9.00","18000","2026-09-08 18:29:39"
"3718","107","2024-12-25","19.00","19000","2026-09-08 18:29:39"
"3719","73","2024-12-25","12.00","24000","2026-09-08 18:29:39"
"3720","282","2024-12-25","21.00","42000","2026-09-08 18:29:39"
"3721","246","2024-12-25","54.00","54000","2026-09-08 18:29:39"
"3722","11","2024-12-25","5000.00","170000","2026-09-08 18:29:39"
"3723","114","2024-12-25","68.00","68000","2026-09-08 18:29:39"
"3724","76","2024-12-26","69.00","34500","2026-09-08 18:29:39"
"3725","166","2024-12-26","22.00","44000","2026-09-08 18:29:39"
"3726","107","2024-12-26","21.00","21000","2026-09-08 18:29:39"
"3727","183","2024-12-26","43.00","21500","2026-09-08 18:29:39"
"3728","292","2024-12-26","7000.00","294000","2026-09-08 18:29:39"
"3729","235","2024-12-26","10.00","400000","2026-09-08 18:29:39"
"3730","17","2024-12-27","82.00","164000","2026-09-08 18:29:39"
"3731","19","2024-12-27","31.00","15500","2026-09-08 18:29:39"
"3732","127","2024-12-27","98.00","343000","2026-09-08 18:29:39"
"3733","154","2024-12-27","22.00","44000","2026-09-08 18:29:39"
"3734","251","2024-12-27","29.00","29000","2026-09-08 18:29:39"
"3735","159","2024-12-27","5000.00","155000","2026-09-08 18:29:39"
"3736","73","2024-12-27","44.00","88000","2026-09-08 18:29:39"
"3737","6","2024-12-27","87.00","304500","2026-09-08 18:29:39"
"3738","144","2024-12-27","10.00","20000","2026-09-08 18:29:39"
"3739","104","2024-12-27","22.00","121000","2026-09-08 18:29:39"
"3740","159","2024-12-28","15000.00","465000","2026-09-08 18:29:39"
"3741","159","2024-12-28","5000.00","160000","2026-09-08 18:29:39"
"3742","166","2024-12-28","18.00","36000","2026-09-08 18:29:39"
"3743","107","2024-12-28","53.00","53000","2026-09-08 18:29:39"
"3744","282","2024-12-28","21.00","42000","2026-09-08 18:29:39"
"3745","111","2024-12-28","43.00","64500","2026-09-08 18:29:39"
"3746","197","2024-12-28","22.00","44000","2026-09-08 18:29:39"
"3747","153","2024-12-28","44.00","44000","2026-09-08 18:29:39"
"3748","70","2024-12-28","86.00","301000","2026-09-08 18:29:39"
"3749","166","2024-12-29","17.00","34000","2026-09-08 18:29:39"
"3750","128","2024-12-29","23.00","57500","2026-09-08 18:29:39"
"3751","127","2024-12-29","87.00","304500","2026-09-08 18:29:39"
"3752","159","2024-12-29","14000.00","434000","2026-09-08 18:29:39"
"3753","129","2024-12-29","10.00","120000","2026-09-08 18:29:39"
"3754","35","2024-12-29","32.00","80000","2026-09-08 18:29:39"
"3755","197","2024-12-29","10.00","20000","2026-09-08 18:29:39"
"3756","134","2024-12-29","21.00","126000","2026-09-08 18:29:39"
"3757","246","2024-12-29","88.00","88000","2026-09-08 18:29:39"
"3758","260","2024-12-29","21.00","157500","2026-09-08 18:29:39"
"3759","107","2024-12-29","21.00","21000","2026-09-08 18:29:39"
"3760","144","2024-12-29","10.00","20000","2026-09-08 18:29:39"
"3761","76","2024-12-29","87.00","43500","2026-09-08 18:29:39"
"3762","179","2024-12-29","88.00","264000","2026-09-08 18:29:39"
"3763","13","2024-12-29","10.00","20000","2026-09-08 18:29:39"
"3764","13","2024-12-30","32.00","64000","2026-09-08 18:29:39"
"3765","231","2024-12-30","12.00","24000","2026-09-08 18:29:39"
"3766","154","2024-12-30","31.00","62000","2026-09-08 18:29:39"
"3767","127","2024-12-30","98.00","343000","2026-09-08 18:29:39"
"3768","17","2024-12-30","21.00","42000","2026-09-08 18:29:39"
"3769","76","2024-12-30","33.00","16500","2026-09-08 18:29:39"
"3770","246","2024-12-30","42.00","42000","2026-09-08 18:29:39"
"3771","181","2024-12-30","12.00","96000","2026-09-08 18:29:39"
"3772","14","2024-12-31","10.00","210000","2026-09-08 18:29:39"
"3773","199","2024-12-31","10.00","10000","2026-09-08 18:29:39"
"3774","159","2024-12-31","9000.00","279000","2026-09-08 18:29:39"
"3775","159","2024-12-31","10000.00","310000","2026-09-08 18:29:39"
"3776","127","2024-12-31","89.00","311500","2026-09-08 18:29:39"
"3777","168","2024-12-31","42.00","63000","2026-09-08 18:29:39"
"3778","197","2024-12-31","31.00","62000","2026-09-08 18:29:39"
"3779","86","2024-12-31","1250.00","65000","2026-09-08 18:29:39"
"3780","111","2024-12-31","76.00","114000","2026-09-08 18:29:39"
"3781","24","2025-08-10","30.00","75000","2026-09-08 18:29:39"
"3782","235","2025-08-10","10.00","400000","2026-09-08 18:29:39"
"3783","134","2025-08-10","30.00","180000","2026-09-08 18:29:39"
"3784","12","2025-08-10","21.00","147000","2026-09-08 18:29:39"
"3785","136","2025-08-10","32.00","96000","2026-09-08 18:29:39"
"3786","50","2025-09-10","20.00","60000","2026-09-08 18:29:39"
"3787","127","2025-09-10","42.00","147000","2026-09-08 18:29:39"
"3788","133","2025-09-10","7000.00","115500","2026-09-08 18:29:39"
"3789","166","2025-09-10","10.00","20000","2026-09-08 18:29:39"
"3790","187","2025-09-10","10.00","120000","2026-09-08 18:29:39"
"3791","11","2025-10-10","5000.00","170000","2026-09-08 18:29:39"
"3792","240","2025-10-10","22.00","220000","2026-09-08 18:29:39"
"3793","104","2025-10-10","1.00","5500","2026-09-08 18:29:39"
"3794","70","2025-10-10","3.00","10500","2026-09-08 18:29:39"
"3795","111","2025-10-10","31.00","46500","2026-09-08 18:29:39"
"3796","223","2025-11-10","50.00","25000","2026-09-08 18:29:39"
"3797","252","2025-11-10","10.00","5000","2026-09-08 18:29:39"
"3798","159","2025-11-10","5000.00","155000","2026-09-08 18:29:39"
"3799","166","2025-12-10","20.00","40000","2026-09-08 18:29:39"
"3800","252","2025-12-10","10.00","5000","2026-09-08 18:29:39"
"3801","110","2025-12-10","24.00","24000","2026-09-08 18:29:39"
"3802","142","2025-12-10","24.00","12000","2026-09-08 18:29:39"
"3803","133","2025-10-13","50000.00","825000","2026-09-08 18:29:39"
"3804","159","2025-10-13","5000.00","155000","2026-09-08 18:29:39"
"3805","82","2025-10-13","12.00","24000","2026-09-08 18:29:39"
"3806","246","2025-10-13","24.00","24000","2026-09-08 18:29:39"
"3807","272","2025-10-13","10.00","50000","2026-09-08 18:29:39"
"3808","223","2025-10-13","20.00","10000","2026-09-08 18:29:39"
"3809","127","2025-10-14","40.00","140000","2026-09-08 18:29:39"
"3810","6","2025-10-14","40.00","140000","2026-09-08 18:29:39"
"3811","252","2025-10-14","10.00","5000","2026-09-08 18:29:39"
"3812","235","2025-10-14","20.00","800000","2026-09-08 18:29:39"
"3813","159","2025-10-14","15000.00","465000","2026-09-08 18:29:39"
"3814","223","2025-10-14","20.00","10000","2026-09-08 18:29:39"
"3815","6","2025-10-15","40.00","140000","2026-09-08 18:29:39"
"3816","142","2025-10-15","24.00","12000","2026-09-08 18:29:39"
"3817","159","2025-10-15","25000.00","775000","2026-09-08 18:29:39"
"3818","166","2025-10-15","10.00","20000","2026-09-08 18:29:39"
"3819","246","2025-10-15","50.00","50000","2026-09-08 18:29:39"
"3820","159","2025-10-16","15000.00","465000","2026-09-08 18:29:39"
"3821","159","2025-10-16","5000.00","160000","2026-09-08 18:29:39"
"3822","127","2025-10-16","40.00","140000","2026-09-08 18:29:39"
"3823","142","2025-10-16","20.00","10000","2026-09-08 18:29:39"
"3824","144","2025-10-16","10.00","20000","2026-09-08 18:29:39"
"3825","236","2025-10-16","10.00","10000","2026-09-08 18:29:39"
"3826","19","2025-10-16","20.00","10000","2026-09-08 18:29:39"
"3827","104","2025-10-16","10.00","55000","2026-09-08 18:29:39"
"3828","8","2025-10-16","10.00","60000","2026-09-08 18:29:39"
"3829","131","2025-10-16","10.00","10000","2026-09-08 18:29:39"
"3830","266","2025-10-16","40.00","100000","2026-09-08 18:29:39"
"3831","262","2025-10-16","20.00","40000","2026-09-08 18:29:39"
"3832","166","2025-10-16","50.00","100000","2026-09-08 18:29:39"
"3833","193","2025-10-16","20.00","10000","2026-09-08 18:29:39"
"3834","82","2025-10-16","20.00","40000","2026-09-08 18:29:39"
"3835","112","2025-10-16","20.00","100000","2026-09-08 18:29:39"
"3836","180","2025-10-16","110.00","385000","2026-09-08 18:29:39"
"3837","13","2025-10-17","130.00","260000","2026-09-08 18:29:39"
"3838","167","2025-10-17","2.00","2000","2026-09-08 18:29:39"
"3839","90","2025-10-17","2.00","2000","2026-09-08 18:29:39"
"3840","134","2025-10-17","2.00","12000","2026-09-08 18:29:39"
"3841","127","2025-10-17","40.00","140000","2026-09-08 18:29:39"
"3842","6","2025-10-17","40.00","140000","2026-09-08 18:29:39"
"3843","159","2025-10-18","30000.00","930000","2026-09-08 18:29:40"
"3844","19","2025-10-18","10.00","5000","2026-09-08 18:29:40"
"3845","208","2025-10-18","10.00","10000","2026-09-08 18:29:40"
"3846","188","2025-10-18","10.00","20000","2026-09-08 18:29:40"
"3847","167","2025-10-18","24.00","24000","2026-09-08 18:29:40"
"3848","70","2025-10-18","10.00","35000","2026-09-08 18:29:40"
"3849","104","2025-10-18","10.00","55000","2026-09-08 18:29:40"
"3850","166","2025-10-18","15.00","30000","2026-09-08 18:29:40"
"3851","246","2025-10-18","60.00","60000","2026-09-08 18:29:40"
"3852","82","2025-10-18","20.00","40000","2026-09-08 18:29:40"
"3853","107","2025-10-18","50.00","50000","2026-09-08 18:29:40"
"3854","142","2025-10-18","20.00","10000","2026-09-08 18:29:40"
"3855","20","2025-10-18","24.00","48000","2026-09-08 18:29:40"
"3856","235","2025-10-19","6.00","240000","2026-09-08 18:29:40"
"3857","167","2025-10-19","24.00","24000","2026-09-08 18:29:40"
"3858","197","2025-10-19","20.00","40000","2026-09-08 18:29:40"
"3859","35","2025-10-19","20.00","50000","2026-09-08 18:29:40"
"3860","104","2025-10-19","10.00","55000","2026-09-08 18:29:40"
"3861","13","2025-10-19","10.00","20000","2026-09-08 18:29:40"
"3862","251","2025-10-19","40.00","40000","2026-09-08 18:29:40"
"3863","231","2025-10-19","3.00","6000","2026-09-08 18:29:40"
"3864","24","2025-10-19","1.00","2500","2026-09-08 18:29:40"
"3865","64","2025-10-19","1250.00","37500","2026-09-08 18:29:40"
"3866","153","2025-10-19","1.00","1000","2026-09-08 18:29:40"
"3867","76","2025-10-19","4.00","2000","2026-09-08 18:29:40"
"3868","36","2025-10-19","2.00","4000","2026-09-08 18:29:40"
"3869","238","2025-10-20","4.00","2000","2026-09-08 18:29:40"
"3870","134","2025-10-20","1.00","6000","2026-09-08 18:29:40"
"3871","135","2025-10-20","1.00","18000","2026-09-08 18:29:40"
"3872","159","2025-10-20","5000.00","155000","2026-09-08 18:29:40"
"3873","168","2025-10-20","2.00","3000","2026-09-08 18:29:40"
"3874","143","2025-10-20","1.00","11500","2026-09-08 18:29:40"
"3875","141","2025-10-20","1.00","5000","2026-09-08 18:29:40"
"3876","166","2025-10-21","4.00","8000","2026-09-08 18:29:40"
"3877","107","2025-10-21","5.00","5000","2026-09-08 18:29:40"
"3878","127","2025-10-21","41.00","143500","2026-09-08 18:29:40"
"3879","6","2025-10-21","40.00","140000","2026-09-08 18:29:40"
"3880","271","2025-10-21","2.00","4000","2026-09-08 18:29:40"
"3881","3","2025-10-21","10.00","25000","2026-09-08 18:29:40"
"3882","193","2025-10-21","1.00","500","2026-09-08 18:29:40"
"3883","136","2025-10-21","1.00","3000","2026-09-08 18:29:40"
"3884","45","2025-10-21","1.00","2000","2026-09-08 18:29:40"
"3885","230","2025-10-21","2.00","1000","2026-09-08 18:29:40"
"3886","167","2025-10-21","1.00","1000","2026-09-08 18:29:40"
"3887","159","2025-10-21","2500.00","80000","2026-09-08 18:29:40"
"3888","20","2025-10-21","2.00","4000","2026-09-08 18:29:40"
"3889","281","2025-10-21","2.00","2000","2026-09-08 18:29:40"
"3890","76","2025-10-21","4.00","2000","2026-09-08 18:29:40"
"3891","252","2025-10-22","4.00","2000","2026-09-08 18:29:40"
"3892","111","2025-10-22","9.00","13500","2026-09-08 18:29:40"
"3893","144","2025-10-22","4.00","8000","2026-09-08 18:29:40"
"3894","236","2025-10-22","1.00","1000","2026-09-08 18:29:40"
"3895","159","2025-10-22","10000.00","310000","2026-09-08 18:29:40"
"3896","134","2025-10-22","6.00","36000","2026-09-08 18:29:40"
"3897","166","2025-10-23","1.00","2000","2026-09-08 18:29:40"
"3898","194","2025-10-23","3.00","6000","2026-09-08 18:29:40"
"3899","82","2025-10-23","2.00","4000","2026-09-08 18:29:40"
"3900","127","2025-10-23","40.00","140000","2026-09-08 18:29:40"
"3901","193","2025-10-23","10.00","5000","2026-09-08 18:29:40"
"3902","107","2025-10-23","2.00","2000","2026-09-08 18:29:40"
"3903","6","2025-10-23","1.00","3500","2026-09-08 18:29:40"
"3904","194","2025-10-23","5.00","10000","2026-09-08 18:29:40"
"3905","13","2025-10-23","1.00","2000","2026-09-08 18:29:40"
"3906","24","2025-10-23","1.00","2500","2026-09-08 18:29:40"
"3907","197","2025-10-23","20.00","40000","2026-09-08 18:29:40"
"3908","234","2025-10-23","2.00","2000","2026-09-08 18:29:40"
"3909","7","2025-10-24","5000.00","500000","2026-09-08 18:29:40"
"3910","266","2025-10-24","4.00","10000","2026-09-08 18:29:40"
"3911","239","2025-10-24","3.00","3000","2026-09-08 18:29:40"
"3912","223","2025-10-24","3.00","1500","2026-09-08 18:29:40"
"3913","252","2025-10-24","5.00","2500","2026-09-08 18:29:40"
"3914","134","2025-10-24","2.00","12000","2026-09-08 18:29:40"
"3915","235","2025-10-24","20.00","800000","2026-09-08 18:29:40"
"3916","113","2025-10-24","6.00","12000","2026-09-08 18:29:40"
"3917","107","2025-10-24","10.00","10000","2026-09-08 18:29:40"
"3918","110","2025-10-25","10.00","10000","2026-09-08 18:29:40"
"3919","153","2025-10-25","2.00","2000","2026-09-08 18:29:40"
"3920","41","2025-10-25","2.00","10000","2026-09-08 18:29:40"
"3921","246","2025-10-25","10.00","10000","2026-09-08 18:29:40"
"3922","212","2025-10-25","2.00","4000","2026-09-08 18:29:40"
"3923","163","2025-10-25","10.00","25000","2026-09-08 18:29:40"
"3924","91","2025-10-25","5.00","5000","2026-09-08 18:29:40"
"3925","107","2025-10-25","10.00","10000","2026-09-08 18:29:40"
"3926","166","2025-10-25","10.00","20000","2026-09-08 18:29:40"
"3927","144","2025-10-25","2.00","4000","2026-09-08 18:29:40"
"3928","197","2025-10-25","20.00","40000","2026-09-08 18:29:40"
"3929","24","2025-10-25","2.00","5000","2026-09-08 18:29:40"
"3930","251","2025-10-25","2.00","2000","2026-09-08 18:29:40"
"3931","259","2025-10-25","2.00","4000","2026-09-08 18:29:40"
"3932","262","2025-10-25","2.00","4000","2026-09-08 18:29:40"
"3933","159","2025-10-25","15000.00","465000","2026-09-08 18:29:40"
"3934","238","2025-10-25","3.00","1500","2026-09-08 18:29:40"
"3935","133","2025-10-25","10000.00","165000","2026-09-08 18:29:40"
"3936","104","2025-10-25","2.00","11000","2026-09-08 18:29:40"
"3937","111","2025-10-25","9.00","13500","2026-09-08 18:29:40"
"3938","282","2025-10-26","2.00","4000","2026-09-08 18:29:40"
"3939","188","2025-10-26","2.00","4000","2026-09-08 18:29:40"
"3940","262","2025-10-26","2.00","4000","2026-09-08 18:29:40"
"3941","144","2025-10-26","2.00","4000","2026-09-08 18:29:40"
"3942","236","2025-10-26","2.00","2000","2026-09-08 18:29:40"
"3943","166","2025-10-26","4.00","8000","2026-09-08 18:29:40"
"3944","6","2025-10-26","40.00","140000","2026-09-08 18:29:40"
"3945","272","2025-10-26","10.00","50000","2026-09-08 18:29:40"
"3946","235","2025-10-26","12.00","480000","2026-09-08 18:29:40"
"3947","3","2025-10-26","2.00","5000","2026-09-08 18:29:40"
"3948","76","2025-10-27","24.00","12000","2026-09-08 18:29:40"
"3949","113","2025-10-27","5.00","10000","2026-09-08 18:29:40"
"3950","159","2025-10-27","20000.00","620000","2026-09-08 18:29:40"
"3951","88","2025-10-27","2.00","30000","2026-09-08 18:29:40"
"3952","11","2025-10-27","7500.00","255000","2026-09-08 18:29:40"
"3953","193","2025-10-27","10.00","5000","2026-09-08 18:29:40"
"3954","231","2025-10-27","24.00","48000","2026-09-08 18:29:40"
"3955","2","2025-10-27","2.00","1000","2026-09-08 18:29:40"
"3956","212","2025-10-27","2.00","4000","2026-09-08 18:29:40"
"3957","127","2025-10-28","3.00","10500","2026-09-08 18:29:40"
"3958","159","2025-10-28","10000.00","310000","2026-09-08 18:29:40"
"3959","142","2025-10-28","6.00","3000","2026-09-08 18:29:40"
"3960","166","2025-10-28","2.00","4000","2026-09-08 18:29:40"
"3961","104","2025-10-28","2.00","11000","2026-09-08 18:29:40"
"3962","6","2025-10-28","40.00","140000","2026-09-08 18:29:40"
"3963","154","2025-10-28","8.00","16000","2026-09-08 18:29:40"
"3964","113","2025-10-28","2.00","4000","2026-09-08 18:29:40"
"3965","94","2025-10-28","2.00","2000","2026-09-08 18:29:40"
"3966","197","2025-10-29","30.00","60000","2026-09-08 18:29:40"
"3967","166","2025-10-29","10.00","20000","2026-09-08 18:29:40"
"3968","163","2025-10-29","2.00","5000","2026-09-08 18:29:40"
"3969","203","2025-10-29","3.00","6000","2026-09-08 18:29:40"
"3970","291","2025-10-29","2.00","2000","2026-09-08 18:29:40"
"3971","246","2025-10-29","20.00","20000","2026-09-08 18:29:40"
"3972","159","2025-10-30","15000.00","465000","2026-09-08 18:29:40"
"3973","159","2025-10-30","5000.00","160000","2026-09-08 18:29:40"
"3974","141","2025-10-30","2.00","10000","2026-09-08 18:29:40"
"3975","197","2025-10-30","2.00","4000","2026-09-08 18:29:40"
"3976","127","2025-10-30","20.00","70000","2026-09-08 18:29:40"
"3977","223","2025-10-30","2.00","1000","2026-09-08 18:29:40"
"3978","24","2025-10-31","2.00","5000","2026-09-08 18:29:40"
"3979","247","2025-10-31","12.00","36000","2026-09-08 18:29:40"
"3980","159","2025-10-31","20000.00","620000","2026-09-08 18:29:40"
"3981","133","2025-10-31","15000.00","255000","2026-09-08 18:29:40"
"3982","2","2025-10-31","3.00","1500","2026-09-08 18:29:40"
"3983","181","2025-10-31","12.00","96000","2026-09-08 18:29:40"
"3984","183","2025-10-31","6.00","3000","2026-09-08 18:29:40"
"3985","127","2025-10-31","40.00","140000","2026-09-08 18:29:40"
"3986","166","2025-10-31","3.00","6000","2026-09-08 18:29:40"
"3987","282","2025-10-31","2.00","4000","2026-09-08 18:29:40"
"3988","197","2025-10-31","30.00","60000","2026-09-08 18:29:40"
"3989","154","2025-01-11","3.00","6000","2026-09-08 18:29:40"
"3990","188","2025-01-11","2.00","4000","2026-09-08 18:29:40"
"3991","251","2025-01-11","6.00","6000","2026-09-08 18:29:40"
"3992","76","2025-01-11","2.00","1000","2026-09-08 18:29:40"
"3993","159","2025-01-11","30000.00","930000","2026-09-08 18:29:40"
"3994","246","2025-01-11","10.00","10000","2026-09-08 18:29:40"
"3995","266","2025-02-11","10.00","25000","2026-09-08 18:29:40"
"3996","142","2025-02-11","6.00","3000","2026-09-08 18:29:40"
"3997","235","2025-02-11","18.00","720000","2026-09-08 18:29:40"
"3998","240","2025-02-11","3.00","30000","2026-09-08 18:29:40"
"3999","272","2025-02-11","10.00","50000","2026-09-08 18:29:40"
"4000","123","2025-02-11","10.00","65000","2026-09-08 18:29:40"
"4001","198","2025-02-11","6.00","51000","2026-09-08 18:29:40"
"4002","166","2025-03-11","5.00","10000","2026-09-08 18:29:40"
"4003","107","2025-03-11","2.00","2000","2026-09-08 18:29:40"
"4004","167","2025-03-11","3.00","3000","2026-09-08 18:29:40"
"4005","159","2025-03-11","25000.00","775000","2026-09-08 18:29:40"
"4006","159","2025-03-11","5000.00","160000","2026-09-08 18:29:40"
"4007","188","2025-03-11","2.00","4000","2026-09-08 18:29:40"
"4008","183","2025-03-11","5.00","2500","2026-09-08 18:29:40"
"4009","231","2025-03-11","2.00","4000","2026-09-08 18:29:40"
"4010","220","2025-03-11","12.00","24000","2026-09-08 18:29:40"
"4011","111","2025-03-11","27.00","40500","2026-09-08 18:29:40"
"4012","203","2025-03-11","4.00","8000","2026-09-08 18:29:40"
"4013","162","2025-04-11","200.00","12000","2026-09-08 18:29:40"
"4014","153","2025-04-11","2.00","2000","2026-09-08 18:29:40"
"4015","70","2025-04-11","2.00","7000","2026-09-08 18:29:40"
"4016","11","2025-04-11","7500.00","255000","2026-09-08 18:29:40"
"4017","252","2025-04-11","2.00","1000","2026-09-08 18:29:40"
"4018","279","2025-04-11","6.00","21000","2026-09-08 18:29:40"
"4019","159","2025-04-11","50000.00","1550000","2026-09-08 18:29:40"
"4020","127","2025-04-11","40.00","140000","2026-09-08 18:29:40"
"4021","6","2025-04-11","40.00","140000","2026-09-08 18:29:40"
"4022","134","2025-04-11","3.00","18000","2026-09-08 18:29:40"
"4023","13","2025-04-11","2.00","4000","2026-09-08 18:29:40"
"4024","246","2025-04-11","30.00","30000","2026-09-08 18:29:40"
"4025","236","2025-04-11","2.00","2000","2026-09-08 18:29:40"
"4026","194","2025-05-11","10.00","20000","2026-09-08 18:29:40"
"4027","144","2025-05-11","1.00","2000","2026-09-08 18:29:40"
"4028","159","2025-05-11","10000.00","310000","2026-09-08 18:29:40"
"4029","246","2025-05-11","50.00","50000","2026-09-08 18:29:40"
"4030","141","2025-05-11","2.00","10000","2026-09-08 18:29:40"
"4031","13","2025-05-11","2.00","4000","2026-09-08 18:29:40"
"4032","176","2025-05-11","6.00","12000","2026-09-08 18:29:40"
"4033","197","2025-06-11","10.00","20000","2026-09-08 18:29:40"
"4034","166","2025-06-11","3.00","6000","2026-09-08 18:29:40"
"4035","234","2025-06-11","5.00","5000","2026-09-08 18:29:40"
"4036","127","2025-06-11","50.00","175000","2026-09-08 18:29:40"
"4037","159","2025-06-11","25000.00","775000","2026-09-08 18:29:40"
"4038","154","2025-06-11","2.00","4000","2026-09-08 18:29:40"
"4039","154","2025-07-11","2.00","4000","2026-09-08 18:29:40"
"4040","107","2025-07-11","2.00","2000","2026-09-08 18:29:40"
"4041","266","2025-07-11","10.00","25000","2026-09-08 18:29:40"
"4042","223","2025-07-11","3.00","1500","2026-09-08 18:29:40"
"4043","32","2025-07-11","5.00","5000","2026-09-08 18:29:40"
"4044","176","2025-07-11","2.00","4000","2026-09-08 18:29:40"
"4045","159","2025-08-11","25000.00","775000","2026-09-08 18:29:40"
"4046","6","2025-08-11","40.00","140000","2026-09-08 18:29:40"
"4047","136","2025-08-11","2.00","6000","2026-09-08 18:29:40"
"4048","2","2025-08-11","3.00","1500","2026-09-08 18:29:40"
"4049","166","2025-08-11","2.00","4000","2026-09-08 18:29:40"
"4050","229","2025-08-11","4.00","12000","2026-09-08 18:29:40"
"4051","167","2025-08-11","3.00","3000","2026-09-08 18:29:40"
"4052","159","2025-09-11","15000.00","465000","2026-09-08 18:29:40"
"4053","159","2025-09-11","3750.00","120000","2026-09-08 18:29:40"
"4054","176","2025-09-11","3.00","6000","2026-09-08 18:29:40"
"4055","133","2025-09-11","50000.00","825000","2026-09-08 18:29:40"
"4056","266","2025-09-11","15.00","37500","2026-09-08 18:29:40"
"4057","184","2025-09-11","15.00","90000","2026-09-08 18:29:40"
"4058","119","2025-09-11","2.00","10000","2026-09-08 18:29:40"
"4059","230","2025-09-11","5.00","2500","2026-09-08 18:29:40"
"4060","142","2025-09-11","6.00","3000","2026-09-08 18:29:40"
"4061","76","2025-09-11","4.00","2000","2026-09-08 18:29:40"
"4062","127","2025-09-11","40.00","140000","2026-09-08 18:29:40"
"4063","72","2025-09-11","2.00","4000","2026-09-08 18:29:40"
"4064","251","2025-09-11","5.00","5000","2026-09-08 18:29:40"
"4065","6","2025-09-11","80.00","280000","2026-09-08 18:29:40"
"4066","107","2025-09-11","10.00","10000","2026-09-08 18:29:40"
"4067","82","2025-09-11","10.00","20000","2026-09-08 18:29:40"
"4068","220","2025-09-11","3.00","6000","2026-09-08 18:29:40"
"4069","20","2025-09-11","2.00","4000","2026-09-08 18:29:40"
"4070","113","2025-09-11","2.00","4000","2026-09-08 18:29:40"
"4071","73","2025-09-11","2.00","4000","2026-09-08 18:29:40"
"4072","197","2025-09-11","13.00","26000","2026-09-08 18:29:40"
"4073","283","2025-10-11","2.00","14000","2026-09-08 18:29:40"
"4074","159","2025-10-11","15000.00","465000","2026-09-08 18:29:40"
"4075","159","2025-10-11","6250.00","200000","2026-09-08 18:29:40"
"4076","71","2025-10-11","12.00","480000","2026-09-08 18:29:40"
"4077","197","2025-10-11","10.00","20000","2026-09-08 18:29:40"
"4078","240","2025-10-11","1.00","10000","2026-09-08 18:29:40"
"4079","142","2025-10-11","6.00","3000","2026-09-08 18:29:40"
"4080","272","2025-10-11","10.00","50000","2026-09-08 18:29:40"
"4081","282","2025-10-11","2.00","4000","2026-09-08 18:29:40"
"4082","64","2025-10-11","5000.00","150000","2026-09-08 18:29:40"
"4083","127","2025-10-11","60.00","210000","2026-09-08 18:29:40"
"4084","3","2025-10-11","10.00","25000","2026-09-08 18:29:40"
"4085","7","2025-11-11","5000.00","500000","2026-09-08 18:29:40"
"4086","203","2025-11-11","2.00","4000","2026-09-08 18:29:40"
"4087","239","2025-11-11","2.00","2000","2026-09-08 18:29:40"
"4088","193","2025-11-11","2.00","1000","2026-09-08 18:29:40"
"4089","127","2025-11-11","25.00","87500","2026-09-08 18:29:40"
"4090","32","2025-11-11","2.00","2000","2026-09-08 18:29:40"
"4091","13","2025-11-11","2.00","4000","2026-09-08 18:29:40"
"4092","35","2025-11-11","20.00","50000","2026-09-08 18:29:40"
"4093","229","2025-11-11","3.00","9000","2026-09-08 18:29:40"
"4094","3","2025-11-11","10.00","25000","2026-09-08 18:29:40"
"4095","246","2025-11-11","50.00","50000","2026-09-08 18:29:40"
"4096","159","2025-12-11","20000.00","620000","2026-09-08 18:29:40"
"4097","159","2025-12-11","8750.00","280000","2026-09-08 18:29:40"
"4098","2","2025-12-11","2.00","1000","2026-09-08 18:29:40"
"4099","235","2025-12-11","12.00","480000","2026-09-08 18:29:40"
"4100","198","2025-12-11","4.00","34000","2026-09-08 18:29:40"
"4101","166","2025-12-11","2.00","4000","2026-09-08 18:29:40"
"4102","73","2025-12-11","2.00","4000","2026-09-08 18:29:40"
"4103","183","2025-12-11","3.00","1500","2026-09-08 18:29:40"
"4104","223","2025-12-11","2.00","1000","2026-09-08 18:29:40"
"4105","239","2025-12-11","2.00","2000","2026-09-08 18:29:40"
"4106","13","2025-12-11","2.00","4000","2026-09-08 18:29:40"
"4107","176","2025-12-11","3.00","6000","2026-09-08 18:29:40"
"4108","159","2025-11-13","25000.00","775000","2026-09-08 18:29:40"
"4109","159","2025-11-13","50000.00","1550000","2026-09-08 18:29:40"
"4110","82","2025-11-13","2.00","4000","2026-09-08 18:29:40"
"4111","197","2025-11-13","20.00","40000","2026-09-08 18:29:40"
"4112","35","2025-11-13","2.00","5000","2026-09-08 18:29:40"
"4113","122","2025-11-13","2.00","2000","2026-09-08 18:29:40"
"4114","239","2025-11-13","2.00","2000","2026-09-08 18:29:40"
"4115","159","2025-11-14","12500.00","387500","2026-09-08 18:29:40"
"4116","246","2025-11-14","10.00","10000","2026-09-08 18:29:40"
"4117","266","2025-11-14","2.00","5000","2026-09-08 18:29:40"
"4118","3","2025-11-14","3.00","7500","2026-09-08 18:29:40"
"4119","197","2025-11-14","4.00","8000","2026-09-08 18:29:40"
"4120","159","2025-11-15","10000.00","310000","2026-09-08 18:29:40"
"4121","159","2025-11-15","7500.00","240000","2026-09-08 18:29:40"
"4122","234","2025-11-15","8.00","8000","2026-09-08 18:29:40"
"4123","133","2025-11-15","10000.00","170000","2026-09-08 18:29:40"
"4124","104","2025-11-15","2.00","11000","2026-09-08 18:29:40"
"4125","27","2025-11-15","2.00","6000","2026-09-08 18:29:40"
"4126","127","2025-11-15","50.00","175000","2026-09-08 18:29:40"
"4127","247","2025-11-15","2.00","6000","2026-09-08 18:29:40"
"4128","107","2025-11-15","14.00","14000","2026-09-08 18:29:40"
"4129","198","2025-11-15","3.00","25500","2026-09-08 18:29:40"
"4130","227","2025-11-15","3.00","19500","2026-09-08 18:29:40"
"4131","260","2025-11-15","3.00","22500","2026-09-08 18:29:40"
"4132","64","2025-11-15","5000.00","150000","2026-09-08 18:29:40"
"4133","188","2025-11-15","2.00","4000","2026-09-08 18:29:40"
"4134","76","2025-11-15","4.00","2000","2026-09-08 18:29:40"
"4135","281","2025-11-15","2.00","2000","2026-09-08 18:29:40"
"4136","17","2025-11-15","2.00","4000","2026-09-08 18:29:40"
"4137","13","2025-11-15","2.00","4000","2026-09-08 18:29:40"
"4138","178","2025-11-15","4.00","14000","2026-09-08 18:29:40"
"4139","132","2025-11-15","2.00","2000","2026-09-08 18:29:40"
"4140","246","2025-11-15","15.00","15000","2026-09-08 18:29:40"
"4141","176","2025-11-15","3.00","6000","2026-09-08 18:29:40"
"4142","122","2025-11-15","12.00","12000","2026-09-08 18:29:40"
"4143","203","2025-11-15","5.00","10000","2026-09-08 18:29:40"
"4144","220","2025-11-15","2.00","4000","2026-09-08 18:29:40"
"4145","229","2025-11-16","3.00","9000","2026-09-08 18:29:40"
"4146","166","2025-11-16","2.00","4000","2026-09-08 18:29:40"
"4147","11","2025-11-16","5000.00","170000","2026-09-08 18:29:40"
"4148","76","2025-11-16","10.00","5000","2026-09-08 18:29:40"
"4149","37","2025-11-16","5.00","7500","2026-09-08 18:29:40"
"4150","272","2025-11-16","10.00","50000","2026-09-08 18:29:40"
"4151","143","2025-11-16","2.00","23000","2026-09-08 18:29:40"
"4152","13","2025-11-16","5.00","10000","2026-09-08 18:29:40"
"4153","282","2025-11-16","2.00","4000","2026-09-08 18:29:40"
"4154","49","2025-11-16","2.00","4000","2026-09-08 18:29:40"
"4155","20","2025-11-16","6.00","12000","2026-09-08 18:29:40"
"4156","122","2025-11-16","2.00","2000","2026-09-08 18:29:40"
"4157","127","2025-11-16","3.00","10500","2026-09-08 18:29:40"
"4158","159","2025-11-16","15000.00","465000","2026-09-08 18:29:40"
"4159","197","2025-11-16","2.00","4000","2026-09-08 18:29:40"
"4160","239","2025-11-16","2.00","2000","2026-09-08 18:29:40"
"4161","252","2025-11-16","2.00","1000","2026-09-08 18:29:40"
"4162","281","2025-11-17","3.00","3000","2026-09-08 18:29:40"
"4163","76","2025-11-17","4.00","2000","2026-09-08 18:29:40"
"4164","122","2025-11-17","1.00","1000","2026-09-08 18:29:40"
"4165","17","2025-11-17","24.00","48000","2026-09-08 18:29:40"
"4166","203","2025-11-17","5.00","10000","2026-09-08 18:29:40"
"4167","234","2025-11-17","2.00","2000","2026-09-08 18:29:40"
"4168","6","2025-11-17","2.00","7000","2026-09-08 18:29:40"
"4169","107","2025-11-17","15.00","15000","2026-09-08 18:29:40"
"4170","159","2025-11-17","27500.00","852500","2026-09-08 18:29:40"
"4171","142","2025-11-17","2.00","1000","2026-09-08 18:29:40"
"4172","279","2025-11-17","10.00","35000","2026-09-08 18:29:40"
"4173","266","2025-11-17","10.00","25000","2026-09-08 18:29:40"
"4174","223","2025-11-17","3.00","1500","2026-09-08 18:29:40"
"4175","239","2025-11-17","5.00","5000","2026-09-08 18:29:40"
"4176","28","2025-11-17","12.00","72000","2026-09-08 18:29:40"
"4177","41","2025-11-17","4.00","20000","2026-09-08 18:29:40"
"4178","246","2025-11-18","10.00","10000","2026-09-08 18:29:40"
"4179","166","2025-11-18","5.00","10000","2026-09-08 18:29:40"
"4180","71","2025-11-18","12.00","480000","2026-09-08 18:29:40"
"4181","127","2025-11-18","40.00","140000","2026-09-08 18:29:40"
"4182","199","2025-11-18","4.00","4000","2026-09-08 18:29:40"
"4183","167","2025-11-18","3.00","3000","2026-09-08 18:29:40"
"4184","203","2025-11-18","2.00","4000","2026-09-08 18:29:40"
"4185","76","2025-11-18","4.00","2000","2026-09-08 18:29:40"
"4186","220","2025-11-18","2.00","4000","2026-09-08 18:29:40"
"4187","291","2025-11-18","3.00","3000","2026-09-08 18:29:40"
"4188","126","2025-11-18","5.00","2500","2026-09-08 18:29:40"
"4189","128","2025-11-19","2.00","5000","2026-09-08 18:29:40"
"4190","251","2025-11-19","3.00","3000","2026-09-08 18:29:40"
"4191","17","2025-11-19","2.00","4000","2026-09-08 18:29:40"
"4192","159","2025-11-19","25000.00","775000","2026-09-08 18:29:40"
"4193","267","2025-11-19","2.00","4000","2026-09-08 18:29:40"
"4194","279","2025-11-19","2.00","7000","2026-09-08 18:29:40"
"4195","24","2025-11-20","10.00","25000","2026-09-08 18:29:40"
"4196","197","2025-11-20","30.00","60000","2026-09-08 18:29:40"
"4197","154","2025-11-20","2.00","4000","2026-09-08 18:29:40"
"4198","220","2025-11-20","2.00","4000","2026-09-08 18:29:40"
"4199","150","2025-11-20","6.00","12000","2026-09-08 18:29:40"
"4200","144","2025-11-20","2.00","4000","2026-09-08 18:29:40"
"4201","167","2025-11-20","5.00","5000","2026-09-08 18:29:40"
"4202","159","2025-11-20","30000.00","930000","2026-09-08 18:29:40"
"4203","184","2025-11-20","12.00","72000","2026-09-08 18:29:40"
"4204","122","2025-11-20","6.00","6000","2026-09-08 18:29:40"
"4205","50","2025-11-20","12.00","36000","2026-09-08 18:29:40"
"4206","133","2025-11-20","20000.00","330000","2026-09-08 18:29:40"
"4207","71","2025-11-20","15.00","600000","2026-09-08 18:29:40"
"4208","127","2025-11-21","30.00","105000","2026-09-08 18:29:40"
"4209","230","2025-11-21","24.00","12000","2026-09-08 18:29:40"
"4210","260","2025-11-21","5.00","37500","2026-09-08 18:29:40"
"4211","159","2025-11-21","10000.00","310000","2026-09-08 18:29:40"
"4212","122","2025-11-21","5.00","5000","2026-09-08 18:29:40"
"4213","240","2025-11-21","2.00","20000","2026-09-08 18:29:40"
"4214","122","2025-11-22","3.00","3000","2026-09-08 18:29:40"
"4215","239","2025-11-22","2.00","2000","2026-09-08 18:29:40"
"4216","193","2025-11-22","6.00","3000","2026-09-08 18:29:40"
"4217","266","2025-11-22","3.00","7500","2026-09-08 18:29:40"
"4218","144","2025-11-22","3.00","6000","2026-09-08 18:29:40"
"4219","68","2025-11-22","2.00","36000","2026-09-08 18:29:40"
"4220","197","2025-11-22","10.00","20000","2026-09-08 18:29:40"
"4221","159","2025-11-22","20000.00","620000","2026-09-08 18:29:40"
"4222","6","2025-11-22","40.00","140000","2026-09-08 18:29:40"
"4223","50","2025-11-22","3.00","9000","2026-09-08 18:29:40"
"4224","107","2025-11-22","2.00","2000","2026-09-08 18:29:40"
"4225","6","2025-11-23","40.00","140000","2026-09-08 18:29:40"
"4226","107","2025-11-23","10.00","10000","2026-09-08 18:29:40"
"4227","159","2025-11-23","15000.00","465000","2026-09-08 18:29:40"
"4228","159","2025-11-23","5000.00","160000","2026-09-08 18:29:40"
"4229","241","2025-11-23","3.00","4500","2026-09-08 18:29:40"
"4230","246","2025-11-23","50.00","50000","2026-09-08 18:29:40"
"4231","239","2025-11-23","2.00","2000","2026-09-08 18:29:40"
"4232","230","2025-11-23","8.00","4000","2026-09-08 18:29:40"
"4233","20","2025-11-23","2.00","4000","2026-09-08 18:29:40"
"4234","49","2025-11-23","2.00","4000","2026-09-08 18:29:40"
"4235","220","2025-11-23","3.00","6000","2026-09-08 18:29:40"
"4236","281","2025-11-23","2.00","2000","2026-09-08 18:29:40"
"4237","231","2025-11-23","2.00","4000","2026-09-08 18:29:40"
"4238","44","2025-11-23","2.00","2000","2026-09-08 18:29:40"
"4239","251","2025-11-23","2.00","2000","2026-09-08 18:29:40"
"4240","127","2025-11-23","40.00","140000","2026-09-08 18:29:40"
"4241","166","2025-11-23","2.00","4000","2026-09-08 18:29:40"
"4242","197","2025-11-24","3.00","6000","2026-09-08 18:29:40"
"4243","122","2025-11-24","5.00","5000","2026-09-08 18:29:40"
"4244","167","2025-11-24","2.00","2000","2026-09-08 18:29:40"
"4245","154","2025-11-24","2.00","4000","2026-09-08 18:29:40"
"4246","159","2025-11-24","12500.00","400000","2026-09-08 18:29:40"
"4247","6","2025-11-24","42.00","147000","2026-09-08 18:29:40"
"4248","83","2025-11-25","1.00","4500","2026-09-08 18:29:40"
"4249","111","2025-11-25","2.00","3000","2026-09-08 18:29:40"
"4250","127","2025-11-25","20.00","70000","2026-09-08 18:29:40"
"4251","159","2025-11-25","17500.00","542500","2026-09-08 18:29:40"
"4252","76","2025-11-25","4.00","2000","2026-09-08 18:29:40"
"4253","203","2025-11-25","2.00","4000","2026-09-08 18:29:40"
"4254","45","2025-11-25","2.00","4000","2026-09-08 18:29:40"
"4255","197","2025-11-25","4.00","8000","2026-09-08 18:29:40"
"4256","266","2025-11-26","5.00","12500","2026-09-08 18:29:40"
"4257","230","2025-11-26","8.00","4000","2026-09-08 18:29:40"
"4258","197","2025-11-26","2.00","4000","2026-09-08 18:29:40"
"4259","142","2025-11-26","6.00","3000","2026-09-08 18:29:40"
"4260","76","2025-11-26","6.00","3000","2026-09-08 18:29:40"
"4261","94","2025-11-26","2.00","2000","2026-09-08 18:29:40"
"4262","44","2025-11-26","2.00","2000","2026-09-08 18:29:40"
"4263","107","2025-11-26","2.00","2000","2026-09-08 18:29:40"
"4264","251","2025-11-26","12.00","12000","2026-09-08 18:29:40"
"4265","166","2025-11-26","3.00","6000","2026-09-08 18:29:40"
"4266","262","2025-11-26","2.00","4000","2026-09-08 18:29:40"
"4267","73","2025-11-26","2.00","4000","2026-09-08 18:29:40"
"4268","166","2025-11-27","4.00","8000","2026-09-08 18:29:40"
"4269","107","2025-11-27","2.00","2000","2026-09-08 18:29:40"
"4270","73","2025-11-27","2.00","4000","2026-09-08 18:29:40"
"4271","282","2025-11-27","2.00","4000","2026-09-08 18:29:40"
"4272","246","2025-11-27","10.00","10000","2026-09-08 18:29:40"
"4273","11","2025-11-28","12500.00","425000","2026-09-08 18:29:40"
"4274","114","2025-11-28","2.00","2000","2026-09-08 18:29:40"
"4275","199","2025-11-28","4.00","4000","2026-09-08 18:29:40"
"4276","168","2025-11-28","10.00","15000","2026-09-08 18:29:40"
"4277","2","2025-11-28","2.00","1000","2026-09-08 18:29:40"
"4278","203","2025-11-28","2.00","4000","2026-09-08 18:29:40"
"4279","127","2025-11-28","40.00","140000","2026-09-08 18:29:40"
"4280","76","2025-11-28","2.00","1000","2026-09-08 18:29:40"
"4281","166","2025-11-28","2.00","4000","2026-09-08 18:29:40"
"4282","107","2025-11-28","9.00","9000","2026-09-08 18:29:40"
"4283","183","2025-11-28","6.00","3000","2026-09-08 18:29:40"
"4284","292","2025-11-29","2000.00","84000","2026-09-08 18:29:40"
"4285","235","2025-11-29","18.00","720000","2026-09-08 18:29:40"
"4286","143","2025-11-29","2.00","23000","2026-09-08 18:29:40"
"4287","105","2025-11-29","2.00","34000","2026-09-08 18:29:40"
"4288","244","2025-11-29","2.00","28000","2026-09-08 18:29:40"
"4289","127","2025-11-29","50.00","175000","2026-09-08 18:29:40"
"4290","188","2025-11-29","5.00","10000","2026-09-08 18:29:40"
"4291","90","2025-11-29","10.00","10000","2026-09-08 18:29:40"
"4292","57","2025-11-29","15000.00","300000","2026-09-08 18:29:40"
"4293","14","2025-11-29","20.00","420000","2026-09-08 18:29:40"
"4294","159","2025-11-30","15000.00","465000","2026-09-08 18:29:40"
"4295","203","2025-11-30","2.00","4000","2026-09-08 18:29:40"
"4296","76","2025-11-30","6.00","3000","2026-09-08 18:29:40"
"4297","17","2025-11-30","2.00","4000","2026-09-08 18:29:40"
"4298","19","2025-11-30","2.00","1000","2026-09-08 18:29:40"
"4299","127","2025-11-30","20.00","70000","2026-09-08 18:29:40"
"4300","154","2025-11-30","2.00","4000","2026-09-08 18:29:40"
"4301","251","2025-11-30","2.00","2000","2026-09-08 18:29:40"
"4302","73","2025-11-30","1.00","2000","2026-09-08 18:29:40"
"4303","197","2025-11-30","20.00","40000","2026-09-08 18:29:40"
"4304","88","2025-11-30","1.00","15000","2026-09-08 18:29:40"
"4305","240","2025-11-30","1.00","10000","2026-09-08 18:29:40"
"4306","272","2025-11-30","1.00","5000","2026-09-08 18:29:40"
"4307","246","2025-01-12","10.00","10000","2026-09-08 18:29:40"
"4308","127","2025-01-12","40.00","140000","2026-09-08 18:29:40"
"4309","272","2025-01-12","1.00","5000","2026-09-08 18:29:40"
"4310","159","2025-01-12","5000.00","155000","2026-09-08 18:29:40"
"4311","73","2025-01-12","1.00","2000","2026-09-08 18:29:40"
"4312","6","2025-01-12","100.00","350000","2026-09-08 18:29:40"
"4313","144","2025-01-12","1.00","2000","2026-09-08 18:29:40"
"4314","104","2025-01-12","1.00","5500","2026-09-08 18:29:40"
"4315","83","2025-01-12","1.00","4500","2026-09-08 18:29:40"
"4316","252","2025-01-12","2.00","1000","2026-09-08 18:29:40"
"4317","223","2025-01-12","6.00","3000","2026-09-08 18:29:40"
"4318","246","2025-02-12","6.00","6000","2026-09-08 18:29:40"
"4319","144","2025-02-12","2.00","4000","2026-09-08 18:29:40"
"4320","251","2025-02-12","3.00","3000","2026-09-08 18:29:40"
"4321","113","2025-02-12","1.00","2000","2026-09-08 18:29:40"
"4322","159","2025-02-12","5000.00","155000","2026-09-08 18:29:40"
"4323","159","2025-03-12","2500.00","80000","2026-09-08 18:29:40"
"4324","166","2025-03-12","7.00","14000","2026-09-08 18:29:40"
"4325","107","2025-03-12","1.00","1000","2026-09-08 18:29:40"
"4326","282","2025-03-12","2.00","4000","2026-09-08 18:29:40"
"4327","111","2025-04-12","9.00","13500","2026-09-08 18:29:40"
"4328","197","2025-04-12","10.00","20000","2026-09-08 18:29:40"
"4329","153","2025-04-12","1.00","1000","2026-09-08 18:29:40"
"4330","70","2025-04-12","1.00","3500","2026-09-08 18:29:40"
"4331","166","2025-04-12","4.00","8000","2026-09-08 18:29:40"
"4332","128","2025-04-12","1.00","2500","2026-09-08 18:29:40"
"4333","127","2025-04-12","30.00","105000","2026-09-08 18:29:40"
"4334","159","2025-05-12","10000.00","310000","2026-09-08 18:29:40"
"4335","129","2025-05-12","10.00","120000","2026-09-08 18:29:40"
"4336","35","2025-05-12","1.00","2500","2026-09-08 18:29:40"
"4337","197","2025-05-12","10.00","20000","2026-09-08 18:29:40"
"4338","134","2025-05-12","2.00","12000","2026-09-08 18:29:40"
"4339","166","2025-06-12","2.00","4000","2026-09-08 18:29:40"
"4340","260","2025-06-12","1.00","7500","2026-09-08 18:29:40"
"4341","107","2025-06-12","10.00","10000","2026-09-08 18:29:40"
"4342","128","2025-06-12","5.00","12500","2026-09-08 18:29:40"
"4343","231","2025-06-12","4.00","8000","2026-09-08 18:29:40"
"4344","281","2025-06-12","2.00","2000","2026-09-08 18:29:40"
"4345","24","2025-06-12","2.00","5000","2026-09-08 18:29:40"
"4346","197","2025-06-12","2.00","4000","2026-09-08 18:29:40"
"4347","66","2025-06-12","12.00","6000","2026-09-08 18:29:40"
"4348","235","2025-06-12","10.00","400000","2026-09-08 18:29:40"
"4349","266","2025-06-12","8.00","20000","2026-09-08 18:29:40"
"4350","6","2025-06-12","20.00","70000","2026-09-08 18:29:40"
"4351","246","2025-06-12","7.00","7000","2026-09-08 18:29:40"
"4352","37","2025-06-12","2.00","3000","2026-09-08 18:29:40"
"4353","141","2025-07-12","1.00","5000","2026-09-08 18:29:40"
"4354","11","2025-07-12","2500.00","85000","2026-09-08 18:29:40"
"4355","144","2025-07-12","1.00","2000","2026-09-08 18:29:40"
"4356","76","2025-07-12","2.00","1000","2026-09-08 18:29:40"
"4357","179","2025-07-12","1.00","3000","2026-09-08 18:29:40"
"4358","13","2025-07-12","4.00","8000","2026-09-08 18:29:40"
"4359","251","2025-07-12","2.00","2000","2026-09-08 18:29:40"
"4360","159","2025-07-12","10000.00","310000","2026-09-08 18:29:40"
"4361","127","2025-07-12","40.00","140000","2026-09-08 18:29:40"
"4362","246","2025-07-12","10.00","10000","2026-09-08 18:29:40"
"4363","220","2025-07-12","2.00","4000","2026-09-08 18:29:40"
"4364","160","2025-07-12","1.00","6500","2026-09-08 18:29:40"
"4365","159","2025-08-12","5000.00","155000","2026-09-08 18:29:40"
"4366","122","2025-08-12","2.00","2000","2026-09-08 18:29:40"
"4367","127","2025-08-12","30.00","105000","2026-09-08 18:29:40"
"4368","238","2025-08-12","2.00","1000","2026-09-08 18:29:40"
"4369","104","2025-08-12","1.00","5500","2026-09-08 18:29:40"
"4370","13","2025-08-12","1.00","2000","2026-09-08 18:29:40"
"4371","231","2025-08-12","1.00","2000","2026-09-08 18:29:40"
"4372","154","2025-08-12","1.00","2000","2026-09-08 18:29:40"
"4373","127","2025-09-12","30.00","105000","2026-09-08 18:29:40"
"4374","17","2025-09-12","4.00","8000","2026-09-08 18:29:40"
"4375","76","2025-09-12","5.00","2500","2026-09-08 18:29:40"
"4376","230","2025-09-12","5.00","2500","2026-09-08 18:29:40"
"4377","181","2025-09-12","1.00","8000","2026-09-08 18:29:40"
"4378","198","2025-09-12","1.00","8500","2026-09-08 18:29:40"
"4379","113","2025-09-12","1.00","2000","2026-09-08 18:29:40"
"4380","251","2025-09-12","2.00","2000","2026-09-08 18:29:40"
"4381","159","2025-09-12","5000.00","155000","2026-09-08 18:29:40"
"4382","41","2025-09-12","1.00","5000","2026-09-08 18:29:40"
"4383","134","2025-09-12","4.00","24000","2026-09-08 18:29:40"
"4384","260","2025-09-12","1.00","7500","2026-09-08 18:29:40"
"4385","220","2025-09-12","1.00","2000","2026-09-08 18:29:40"
"4386","11","2025-09-12","5000.00","200000","2026-09-08 18:29:40"
"4387","144","2025-09-12","1.00","2000","2026-09-08 18:29:40"
"4388","14","2025-10-12","10.00","210000","2026-09-08 18:29:40"
"4389","199","2025-10-12","3.00","3000","2026-09-08 18:29:40"
"4390","159","2025-10-12","5000.00","155000","2026-09-08 18:29:40"
"4391","159","2025-10-12","10000.00","310000","2026-09-08 18:29:40"
"4392","127","2025-10-12","20.00","70000","2026-09-08 18:29:40"
"4393","168","2025-10-12","20.00","30000","2026-09-08 18:29:40"
"4394","197","2025-10-12","1.00","2000","2026-09-08 18:29:40"
"4395","86","2025-11-12","2500.00","130000","2026-09-08 18:29:40"
"4396","111","2025-11-12","1.00","1500","2026-09-08 18:29:40"
"4397","153","2025-11-12","1.00","1000","2026-09-08 18:29:40"
"4398","159","2025-11-12","2500.00","80000","2026-09-08 18:29:40"
"4399","197","2025-12-12","1.00","2000","2026-09-08 18:29:40"
"4400","235","2025-12-12","1.00","40000","2026-09-08 18:29:40"
"4401","124","2025-12-12","3.00","30000","2026-09-08 18:29:40"
"4402","133","2025-12-12","5000.00","85000","2026-09-08 18:29:40"
"4403","286","2025-12-12","1.00","5000","2026-09-08 18:29:40"
"4404","76","2025-12-12","4.00","2000","2026-09-08 18:29:40"
"4405","90","2025-12-12","1.00","1000","2026-09-08 18:29:40"
"4406","251","2025-12-12","1.00","1000","2026-09-08 18:29:40"
"4407","231","2025-12-12","3.00","6000","2026-09-08 18:29:40"
"4408","281","2025-12-12","3.00","3000","2026-09-08 18:29:40"
"4409","282","2025-12-12","1.00","2000","2026-09-08 18:29:40"
"4410","41","2025-12-12","2.00","10000","2026-09-08 18:29:40"
"4411","144","2025-12-12","1.00","2000","2026-09-08 18:29:40"
"4412","122","2025-12-12","3.00","3000","2026-09-08 18:29:40"
"4413","82","2025-12-13","3.00","6000","2026-09-08 18:29:40"
"4414","76","2025-12-13","8.00","4000","2026-09-08 18:29:40"
"4415","107","2025-12-13","2.00","2000","2026-09-08 18:29:40"
"4416","122","2025-12-13","7.00","7000","2026-09-08 18:29:40"
"4417","40","2025-12-13","1.00","9000","2026-09-08 18:29:40"
"4418","57","2025-12-13","2500.00","50000","2026-09-08 18:29:40"
"4419","159","2025-12-13","5000.00","155000","2026-09-08 18:29:40"
"4420","159","2025-12-13","30000.00","930000","2026-09-08 18:29:40"
"4421","220","2025-12-13","1.00","2000","2026-09-08 18:29:40"
"4422","281","2025-12-13","1.00","1000","2026-09-08 18:29:40"
"4423","128","2025-12-13","1.00","2500","2026-09-08 18:29:40"
"4424","166","2025-12-13","8.00","16000","2026-09-08 18:29:40"
"4425","260","2025-12-13","1.00","7500","2026-09-08 18:29:40"
"4426","159","2025-12-14","5000.00","155000","2026-09-08 18:29:40"
"4427","166","2025-12-14","2.00","4000","2026-09-08 18:29:40"
"4428","128","2025-12-14","2.00","5000","2026-09-08 18:29:40"
"4429","144","2025-12-14","1.00","2000","2026-09-08 18:29:40"
"4430","263","2025-12-14","3.00","3000","2026-09-08 18:29:40"
"4431","240","2025-12-14","1.00","10000","2026-09-08 18:29:40"
"4432","127","2025-12-14","40.00","140000","2026-09-08 18:29:40"
"4433","76","2025-12-14","1.00","500","2026-09-08 18:29:40"
"4434","6","2025-12-14","20.00","70000","2026-09-08 18:29:40"
"4435","49","2025-12-14","3.00","6000","2026-09-08 18:29:40"
"4436","230","2025-12-14","1.00","500","2026-09-08 18:29:40"
"4437","122","2025-12-14","1.00","1000","2026-09-08 18:29:40"
"4438","154","2025-12-14","1.00","2000","2026-09-08 18:29:40"
"4439","73","2025-12-14","1.00","2000","2026-09-08 18:29:40"
"4440","203","2025-12-14","1.00","2000","2026-09-08 18:29:40"
"4441","159","2025-12-14","5000.00","155000","2026-09-08 18:29:40"
"4442","111","2025-12-15","2.00","3000","2026-09-08 18:29:40"
"4443","24","2025-12-15","2.00","5000","2026-09-08 18:29:40"
"4444","122","2025-12-15","4.00","4000","2026-09-08 18:29:40"
"4445","272","2025-12-15","1.00","5000","2026-09-08 18:29:40"
"4446","79","2025-12-15","2.00","4000","2026-09-08 18:29:40"
"4447","220","2025-12-16","1.00","2000","2026-09-08 18:29:40"
"4448","227","2025-12-16","2.00","13000","2026-09-08 18:29:40"
"4449","166","2025-12-16","5.00","10000","2026-09-08 18:29:40"
"4450","127","2025-12-16","40.00","140000","2026-09-08 18:29:40"
"4451","167","2025-12-16","2.00","2000","2026-09-08 18:29:40"
"4452","251","2025-12-16","2.00","2000","2026-09-08 18:29:40"
"4453","76","2025-12-16","4.00","2000","2026-09-08 18:29:40"
"4454","159","2025-12-16","5000.00","160000","2026-09-08 18:29:40"
"4455","282","2025-12-16","2.00","4000","2026-09-08 18:29:40"
"4456","4","2025-12-16","4.00","8000","2026-09-08 18:29:40"
"4457","26","2025-12-16","1.00","2000","2026-09-08 18:29:40"
"4458","79","2025-12-16","1.00","2000","2026-09-08 18:29:40"
"4459","231","2025-12-16","1.00","2000","2026-09-08 18:29:40"
"4460","281","2025-12-16","1.00","1000","2026-09-08 18:29:40"
"4461","122","2025-12-16","1.00","1000","2026-09-08 18:29:40"
"4462","113","2025-12-16","1.00","2000","2026-09-08 18:29:40"
"4463","238","2025-12-16","10.00","5000","2026-09-08 18:29:40"
"4464","154","2025-12-16","2.00","4000","2026-09-08 18:29:40"
"4465","107","2025-12-16","5.00","5000","2026-09-08 18:29:40"
"4466","176","2025-12-16","3.00","6000","2026-09-08 18:29:40"
"4467","246","2025-12-16","10.00","10000","2026-09-08 18:29:40"
"4468","122","2025-12-17","2.00","2000","2026-09-08 18:29:40"
"4469","128","2025-12-17","6.00","15000","2026-09-08 18:29:40"
"4470","223","2025-12-17","1.00","500","2026-09-08 18:29:40"
"4471","159","2025-12-17","10000.00","310000","2026-09-08 18:29:40"
"4472","134","2025-12-17","1.00","6000","2026-09-08 18:29:40"
"4473","19","2025-12-17","1.00","500","2026-09-08 18:29:40"
"4474","127","2025-12-17","20.00","70000","2026-09-08 18:29:40"
"4475","6","2025-12-17","20.00","70000","2026-09-08 18:29:40"
"4476","79","2025-12-17","1.00","2000","2026-09-08 18:29:40"
"4477","246","2025-12-17","20.00","20000","2026-09-08 18:29:40"
"4478","133","2025-12-17","2500.00","45000","2026-09-08 18:29:40"
"4479","166","2025-12-17","9.00","18000","2026-09-08 18:29:40"
"4480","239","2025-12-18","1.00","1000","2026-09-08 18:29:40"
"4481","197","2025-12-18","2.00","4000","2026-09-08 18:29:40"
"4482","13","2025-12-18","1.00","2000","2026-09-08 18:29:40"
"4483","227","2025-12-18","3.00","19500","2026-09-08 18:29:40"
"4484","193","2025-12-18","10.00","5000","2026-09-08 18:29:40"
"4485","111","2025-12-19","1.00","1500","2026-09-08 18:29:40"
"4486","99","2025-12-19","1.00","9000","2026-09-08 18:29:40"
"4487","227","2025-12-19","1.00","6500","2026-09-08 18:29:40"
"4488","193","2025-12-19","10.00","5000","2026-09-08 18:29:40"
"4489","246","2025-12-19","20.00","20000","2026-09-08 18:29:40"
"4490","127","2025-12-19","2.00","7000","2026-09-08 18:29:40"
"4491","159","2025-12-20","15000.00","465000","2026-09-08 18:29:40"
"4492","166","2025-12-20","2.00","4000","2026-09-08 18:29:40"
"4493","197","2025-12-20","10.00","20000","2026-09-08 18:29:40"
"4494","234","2025-12-20","2.00","2000","2026-09-08 18:29:40"
"4495","26","2025-12-20","1.00","2000","2026-09-08 18:29:40"
"4496","6","2025-12-20","20.00","70000","2026-09-08 18:29:40"
"4497","208","2025-12-20","2.00","2000","2026-09-08 18:29:40"
"4498","188","2025-12-20","1.00","2000","2026-09-08 18:29:40"
"4499","251","2025-12-20","10.00","10000","2026-09-08 18:29:40"
"4500","76","2025-12-20","4.00","2000","2026-09-08 18:29:40"
"4501","127","2025-12-20","30.00","105000","2026-09-08 18:29:40"
"4502","129","2025-12-21","10.00","120000","2026-09-08 18:29:40"
"4503","188","2025-12-21","1.00","2000","2026-09-08 18:29:40"
"4504","251","2025-12-21","3.00","3000","2026-09-08 18:29:40"
"4505","159","2025-12-21","5000.00","155000","2026-09-08 18:29:40"
"4506","127","2025-12-21","30.00","105000","2026-09-08 18:29:40"
"4507","19","2025-12-21","4.00","2000","2026-09-08 18:29:40"
"4508","107","2025-12-21","5.00","5000","2026-09-08 18:29:40"
"4509","3","2025-12-21","1.00","2500","2026-09-08 18:29:40"
"4510","159","2025-12-22","15000.00","465000","2026-09-08 18:29:40"
"4511","134","2025-12-22","1.00","6000","2026-09-08 18:29:40"
"4512","176","2025-12-22","8.00","16000","2026-09-08 18:29:40"
"4513","114","2025-12-22","4.00","4000","2026-09-08 18:29:40"
"4514","188","2025-12-22","1.00","2000","2026-09-08 18:29:40"
"4515","251","2025-12-22","1.00","1000","2026-09-08 18:29:40"
"4516","50","2025-12-22","1.00","3000","2026-09-08 18:29:40"
"4517","240","2025-12-22","1.00","10000","2026-09-08 18:29:40"
"4518","14","2025-12-22","10.00","210000","2026-09-08 18:29:40"
"4519","127","2025-12-22","40.00","140000","2026-09-08 18:29:40"
"4520","122","2025-12-22","2.00","2000","2026-09-08 18:29:40"
"4521","230","2025-12-22","1.00","500","2026-09-08 18:29:40"
"4522","4","2025-12-22","1.00","2000","2026-09-08 18:29:40"
"4523","76","2025-12-22","5.00","2500","2026-09-08 18:29:40"
"4524","281","2025-12-22","1.00","1000","2026-09-08 18:29:40"
"4525","231","2025-12-22","1.00","2000","2026-09-08 18:29:40"
"4526","220","2025-12-22","1.00","2000","2026-09-08 18:29:40"
"4527","154","2025-12-22","2.00","4000","2026-09-08 18:29:40"
"4528","44","2025-12-22","2.00","2000","2026-09-08 18:29:40"
"4529","13","2025-12-22","1.00","2000","2026-09-08 18:29:40"
"4530","142","2025-12-22","1.00","500","2026-09-08 18:29:40"
"4531","6","2025-12-22","10.00","35000","2026-09-08 18:29:40"
"4532","129","2025-12-22","10.00","120000","2026-09-08 18:29:40"
"4533","133","2025-12-22","10000.00","165000","2026-09-08 18:29:40"
"4534","82","2025-12-22","3.00","6000","2026-09-08 18:29:40"
"4535","107","2025-12-22","3.00","3000","2026-09-08 18:29:40"
"4536","246","2025-12-22","10.00","10000","2026-09-08 18:29:40"
"4537","79","2025-12-22","3.00","6000","2026-09-08 18:29:40"
"4538","136","2025-12-22","1.00","3000","2026-09-08 18:29:40"
"4539","223","2025-12-22","2.00","1000","2026-09-08 18:29:40"
"4540","234","2025-12-23","3.00","3000","2026-09-08 18:29:40"
"4541","122","2025-12-23","4.00","4000","2026-09-08 18:29:40"
"4542","263","2025-12-23","1.00","1000","2026-09-08 18:29:40"
"4543","104","2025-12-23","1.00","5500","2026-09-08 18:29:40"
"4544","66","2025-12-23","12.00","6000","2026-09-08 18:29:40"
"4545","142","2025-12-23","7.00","3500","2026-09-08 18:29:40"
"4546","76","2025-12-23","8.00","4000","2026-09-08 18:29:40"
"4547","107","2025-12-23","2.00","2000","2026-09-08 18:29:40"
"4548","285","2025-12-23","2.00","2000","2026-09-08 18:29:40"
"4549","44","2025-12-23","10.00","10000","2026-09-08 18:29:40"
"4550","128","2025-12-23","1.00","2500","2026-09-08 18:29:40"
"4551","166","2025-12-23","5.00","10000","2026-09-08 18:29:40"
"4552","239","2025-12-23","1.00","1000","2026-09-08 18:29:40"
"4553","197","2025-12-23","10.00","20000","2026-09-08 18:29:40"
"4554","111","2025-12-23","6.00","9000","2026-09-08 18:29:40"
"4555","285","2025-12-24","2.00","2000","2026-09-08 18:29:40"
"4556","136","2025-12-24","1.00","3000","2026-09-08 18:29:40"
"4557","197","2025-12-24","1.00","2000","2026-09-08 18:29:40"
"4558","70","2025-12-24","1.00","3500","2026-09-08 18:29:40"
"4559","128","2025-12-24","1.00","2500","2026-09-08 18:29:40"
"4560","159","2025-12-24","5000.00","155000","2026-09-08 18:29:40"
"4561","235","2025-12-25","10.00","400000","2026-09-08 18:29:40"
"4562","107","2025-12-25","3.00","3000","2026-09-08 18:29:40"
"4563","104","2025-12-25","1.00","5500","2026-09-08 18:29:40"
"4564","199","2025-12-25","3.00","3000","2026-09-08 18:29:40"
"4565","153","2025-12-25","2.00","2000","2026-09-08 18:29:40"
"4566","122","2025-12-25","1.00","1000","2026-09-08 18:29:40"
"4567","197","2025-12-25","4.00","8000","2026-09-08 18:29:40"
"4568","50","2025-12-25","1.00","3000","2026-09-08 18:29:40"
"4569","238","2025-12-25","1.00","500","2026-09-08 18:29:40"
"4570","141","2025-12-25","1.00","5000","2026-09-08 18:29:40"
"4571","281","2025-12-25","1.00","1000","2026-09-08 18:29:40"
"4572","231","2025-12-25","1.00","2000","2026-09-08 18:29:40"
"4573","166","2025-12-25","2.00","4000","2026-09-08 18:29:40"
"4574","159","2025-12-26","15000.00","465000","2026-09-08 18:29:40"
"4575","127","2025-12-26","40.00","140000","2026-09-08 18:29:40"
"4576","6","2025-12-26","40.00","140000","2026-09-08 18:29:40"
"4577","35","2025-12-26","1.00","2500","2026-09-08 18:29:40"
"4578","136","2025-12-26","1.00","3000","2026-09-08 18:29:40"
"4579","14","2025-12-26","10.00","210000","2026-09-08 18:29:40"
"4580","197","2025-12-26","3.00","6000","2026-09-08 18:29:40"
"4581","272","2025-12-26","3.00","15000","2026-09-08 18:29:40"
"4582","141","2025-12-26","3.00","15000","2026-09-08 18:29:40"
"4583","12","2025-12-26","1.00","7000","2026-09-08 18:29:40"
"4584","153","2025-12-26","2.00","2000","2026-09-08 18:29:40"
"4585","282","2025-12-26","2.00","4000","2026-09-08 18:29:40"
"4586","13","2025-12-26","1.00","2000","2026-09-08 18:29:40"
"4587","262","2025-12-26","1.00","2000","2026-09-08 18:29:40"
"4588","260","2025-12-26","1.00","7500","2026-09-08 18:29:40"
"4589","11","2025-12-26","2500.00","85000","2026-09-08 18:29:40"
"4590","281","2025-12-26","2.00","2000","2026-09-08 18:29:40"
"4591","167","2025-12-26","1.00","1000","2026-09-08 18:29:40"
"4592","231","2025-12-26","4.00","8000","2026-09-08 18:29:40"
"4593","76","2025-12-26","3.00","1500","2026-09-08 18:29:40"
"4594","203","2025-12-26","2.00","4000","2026-09-08 18:29:40"
"4595","122","2025-12-26","2.00","2000","2026-09-08 18:29:40"
"4596","107","2025-12-26","2.00","2000","2026-09-08 18:29:40"
"4597","6","2025-12-27","40.00","140000","2026-09-08 18:29:40"
"4598","13","2025-12-27","1.00","2000","2026-09-08 18:29:40"
"4599","231","2025-12-27","2.00","4000","2026-09-08 18:29:40"
"4600","113","2025-12-27","2.00","4000","2026-09-08 18:29:40"
"4601","167","2025-12-27","2.00","2000","2026-09-08 18:29:40"
"4602","122","2025-12-27","1.00","1000","2026-09-08 18:29:40"
"4603","230","2025-12-27","1.00","500","2026-09-08 18:29:40"
"4604","76","2025-12-27","1.00","500","2026-09-08 18:29:40"
"4605","57","2025-12-28","2500.00","50000","2026-09-08 18:29:40"
"4606","159","2025-12-28","5000.00","155000","2026-09-08 18:29:40"
"4607","144","2025-12-28","1.00","2000","2026-09-08 18:29:40"
"4608","70","2025-12-28","1.00","3500","2026-09-08 18:29:40"
"4609","35","2025-12-28","10.00","25000","2026-09-08 18:29:40"
"4610","127","2025-12-28","20.00","70000","2026-09-08 18:29:40"
"4611","107","2025-12-28","3.00","3000","2026-09-08 18:29:40"
"4612","6","2025-12-28","10.00","35000","2026-09-08 18:29:40"
"4613","49","2025-12-28","2.00","4000","2026-09-08 18:29:40"
"4614","4","2025-12-28","1.00","2000","2026-09-08 18:29:40"
"4615","79","2025-12-28","1.00","2000","2026-09-08 18:29:40"
"4616","13","2025-12-28","5.00","10000","2026-09-08 18:29:40"
"4617","142","2025-12-28","2.00","1000","2026-09-08 18:29:40"
"4618","122","2025-12-28","3.00","3000","2026-09-08 18:29:40"
"4619","19","2025-12-28","4.00","2000","2026-09-08 18:29:40"
"4620","119","2025-12-28","1.00","5000","2026-09-08 18:29:40"
"4621","251","2025-12-28","1.00","1000","2026-09-08 18:29:40"
"4622","73","2025-12-28","1.00","2000","2026-09-08 18:29:40"
"4623","37","2025-12-28","3.00","4500","2026-09-08 18:29:40"
"4624","133","2025-12-28","10000.00","165000","2026-09-08 18:29:40"
"4625","129","2025-12-28","1.00","12000","2026-09-08 18:29:40"
"4626","197","2025-12-28","1.00","2000","2026-09-08 18:29:40"
"4627","3","2025-12-28","2.00","5000","2026-09-08 18:29:40"
"4628","122","2025-12-29","7.00","7000","2026-09-08 18:29:40"
"4629","180","2025-12-29","10.00","35000","2026-09-08 18:29:40"
"4630","107","2025-12-29","4.00","4000","2026-09-08 18:29:40"
"4631","193","2025-12-29","2.00","1000","2026-09-08 18:29:40"
"4632","35","2025-12-29","1.00","2500","2026-09-08 18:29:40"
"4633","13","2025-12-29","1.00","2000","2026-09-08 18:29:40"
"4634","142","2025-12-29","2.00","1000","2026-09-08 18:29:40"
"4635","154","2025-12-29","1.00","2000","2026-09-08 18:29:40"
"4636","111","2025-12-29","2.00","3000","2026-09-08 18:29:40"
"4637","159","2025-12-29","10000.00","310000","2026-09-08 18:29:40"
"4638","188","2025-12-29","1.00","2000","2026-09-08 18:29:40"
"4639","167","2025-12-29","2.00","2000","2026-09-08 18:29:40"
"4640","76","2025-12-29","4.00","2000","2026-09-08 18:29:40"
"4641","246","2025-12-30","10.00","10000","2026-09-08 18:29:40"
"4642","188","2025-12-30","2.00","4000","2026-09-08 18:29:40"
"4643","142","2025-12-30","5.00","2500","2026-09-08 18:29:40"
"4644","79","2025-12-30","2.00","4000","2026-09-08 18:29:40"
"4645","281","2025-12-30","1.00","1000","2026-09-08 18:29:40"
"4646","113","2025-12-30","3.00","6000","2026-09-08 18:29:40"
"4647","4","2025-12-30","2.00","4000","2026-09-08 18:29:40"
"4648","44","2025-12-30","10.00","10000","2026-09-08 18:29:40"
"4649","76","2025-12-30","16.00","8000","2026-09-08 18:29:40"
"4650","6","2025-12-30","10.00","35000","2026-09-08 18:29:40"
"4651","99","2025-12-30","1.00","9000","2026-09-08 18:29:40"
"4652","227","2025-12-30","1.00","6500","2026-09-08 18:29:40"
"4653","166","2025-12-30","4.00","8000","2026-09-08 18:29:40"
"4654","183","2025-12-30","1.00","500","2026-09-08 18:29:40"
"4655","122","2025-12-30","4.00","4000","2026-09-08 18:29:40"
"4656","49","2025-12-30","1.00","2000","2026-09-08 18:29:40"
"4657","107","2025-12-30","3.00","3000","2026-09-08 18:29:40"
"4658","50","2025-12-30","1.00","3000","2026-09-08 18:29:40"
"4659","29","2025-12-30","10.00","15000","2026-09-08 18:29:40"
"4660","128","2025-12-31","2.00","5000","2026-09-08 18:29:40"
"4661","231","2025-12-31","1.00","2000","2026-09-08 18:29:40"
"4662","220","2025-12-31","1.00","2000","2026-09-08 18:29:40"
"4663","68","2025-12-31","1.00","18000","2026-09-08 18:29:40"
"4664","104","2025-12-31","1.00","5500","2026-09-08 18:29:40"
"4665","193","2025-12-31","1.00","500","2026-09-08 18:29:40"
"4666","133","2025-12-31","20000.00","330000","2026-09-08 18:29:40"
"4667","37","2025-12-31","5.00","7500","2026-09-08 18:29:40"
"4668","246","2025-12-31","10.00","10000","2026-09-08 18:29:40"
"4669","107","2025-01-01","33.00","33000","2026-09-08 18:29:41"
"4670","122","2025-01-01","27.00","27000","2026-09-08 18:29:41"
"4671","82","2025-01-01","19.00","38000","2026-09-08 18:29:41"
"4672","159","2025-01-01","8500.00","263500","2026-09-08 18:29:41"
"4673","251","2025-01-01","43.00","43000","2026-09-08 18:29:41"
"4674","127","2025-01-01","10.00","35000","2026-09-08 18:29:41"
"4675","111","2025-01-01","28.00","42000","2026-09-08 18:29:41"
"4676","260","2025-01-01","13.00","97500","2026-09-08 18:29:41"
"4677","43","2025-01-01","11000.00","159500","2026-09-08 18:29:41"
"4678","122","2025-02-01","34.00","34000","2026-09-08 18:29:41"
"4679","246","2025-02-01","41.00","41000","2026-09-08 18:29:41"
"4680","104","2025-02-01","10.00","55000","2026-09-08 18:29:41"
"4681","107","2025-02-01","30.00","30000","2026-09-08 18:29:41"
"4682","230","2025-02-01","31.00","15500","2026-09-08 18:29:41"
"4683","127","2025-02-01","33.00","115500","2026-09-08 18:29:41"
"4684","133","2025-02-01","10000.00","165000","2026-09-08 18:29:41"
"4685","26","2025-02-01","34.00","68000","2026-09-08 18:29:41"
"4686","282","2025-02-01","20.00","40000","2026-09-08 18:29:41"
"4687","188","2025-02-01","24.00","48000","2026-09-08 18:29:41"
"4688","251","2025-02-01","20.00","20000","2026-09-08 18:29:41"
"4689","113","2025-02-01","31.00","62000","2026-09-08 18:29:41"
"4690","73","2025-02-01","11.00","22000","2026-09-08 18:29:41"
"4691","263","2025-02-01","20.00","20000","2026-09-08 18:29:41"
"4692","65","2025-02-01","17.00","110500","2026-09-08 18:29:41"
"4693","76","2025-02-01","23.00","11500","2026-09-08 18:29:41"
"4694","223","2025-02-01","20.00","10000","2026-09-08 18:29:41"
"4695","163","2025-02-01","10.00","25000","2026-09-08 18:29:41"
"4696","6","2025-02-01","10.00","35000","2026-09-08 18:29:41"
"4697","260","2025-02-01","12.00","90000","2026-09-08 18:29:41"
"4698","111","2025-02-01","11.00","16500","2026-09-08 18:29:41"
"4699","43","2025-02-01","7000.00","101500","2026-09-08 18:29:41"
"4700","159","2025-03-01","5500.00","170500","2026-09-08 18:29:41"
"4701","235","2025-03-01","8.00","320000","2026-09-08 18:29:41"
"4702","133","2025-03-01","12000.00","198000","2026-09-08 18:29:41"
"4703","246","2025-03-01","20.00","20000","2026-09-08 18:29:41"
"4704","128","2025-03-01","13.00","32500","2026-09-08 18:29:41"
"4705","188","2025-03-01","22.00","44000","2026-09-08 18:29:41"
"4706","154","2025-03-01","31.00","62000","2026-09-08 18:29:41"
"4707","142","2025-03-01","40.00","20000","2026-09-08 18:29:41"
"4708","279","2025-03-01","11.00","38500","2026-09-08 18:29:41"
"4709","76","2025-03-01","65.00","32500","2026-09-08 18:29:41"
"4710","6","2025-03-01","48.00","168000","2026-09-08 18:29:41"
"4711","131","2025-03-01","11.00","11000","2026-09-08 18:29:41"
"4712","43","2025-03-01","13000.00","188500","2026-09-08 18:29:41"
"4713","154","2025-04-01","40.00","80000","2026-09-08 18:29:41"
"4714","281","2025-04-01","20.00","20000","2026-09-08 18:29:41"
"4715","220","2025-04-01","17.00","34000","2026-09-08 18:29:41"
"4716","76","2025-04-01","32.00","16000","2026-09-08 18:29:41"
"4717","107","2025-04-01","34.00","34000","2026-09-08 18:29:41"
"4718","142","2025-04-01","28.00","14000","2026-09-08 18:29:41"
"4719","166","2025-04-01","17.00","34000","2026-09-08 18:29:41"
"4720","257","2025-04-01","28.00","70000","2026-09-08 18:29:41"
"4721","138","2025-04-01","20.00","10000","2026-09-08 18:29:41"
"4722","239","2025-04-01","33.00","33000","2026-09-08 18:29:41"
"4723","238","2025-04-01","20.00","10000","2026-09-08 18:29:41"
"4724","179","2025-04-01","29.00","87000","2026-09-08 18:29:41"
"4725","159","2025-04-01","5500.00","170500","2026-09-08 18:29:41"
"4726","246","2025-04-01","41.00","41000","2026-09-08 18:29:41"
"4727","6","2025-04-01","40.00","140000","2026-09-08 18:29:41"
"4728","127","2025-04-01","67.00","234500","2026-09-08 18:29:41"
"4729","246","2025-05-01","22.00","22000","2026-09-08 18:29:41"
"4730","142","2025-05-01","21.00","10500","2026-09-08 18:29:41"
"4731","122","2025-05-01","36.00","36000","2026-09-08 18:29:41"
"4732","113","2025-05-01","28.00","56000","2026-09-08 18:29:41"
"4733","166","2025-05-01","18.00","36000","2026-09-08 18:29:41"
"4734","99","2025-05-01","10.00","90000","2026-09-08 18:29:41"
"4735","43","2025-05-01","20000.00","290000","2026-09-08 18:29:41"
"4736","144","2025-05-01","11.00","22000","2026-09-08 18:29:41"
"4737","159","2025-05-01","10000.00","310000","2026-09-08 18:29:41"
"4738","127","2025-05-01","77.00","269500","2026-09-08 18:29:41"
"4739","121","2025-05-01","20.00","200000","2026-09-08 18:29:41"
"4740","159","2025-06-01","13000.00","403000","2026-09-08 18:29:41"
"4741","122","2025-06-01","22.00","22000","2026-09-08 18:29:41"
"4742","50","2025-06-01","31.00","93000","2026-09-08 18:29:41"
"4743","197","2025-06-01","20.00","40000","2026-09-08 18:29:41"
"4744","27","2025-06-01","10.00","30000","2026-09-08 18:29:41"
"4745","279","2025-06-01","21.00","73500","2026-09-08 18:29:41"
"4746","223","2025-06-01","30.00","15000","2026-09-08 18:29:41"
"4747","4","2025-06-01","36.00","72000","2026-09-08 18:29:41"
"4748","128","2025-06-01","20.00","50000","2026-09-08 18:29:41"
"4749","246","2025-06-01","16.00","16000","2026-09-08 18:29:41"
"4750","19","2025-06-01","17.00","8500","2026-09-08 18:29:41"
"4751","43","2025-06-01","20000.00","290000","2026-09-08 18:29:41"
"4752","111","2025-07-01","27.00","40500","2026-09-08 18:29:41"
"4753","159","2025-07-01","17000.00","527000","2026-09-08 18:29:41"
"4754","159","2025-07-01","5000.00","155000","2026-09-08 18:29:41"
"4755","197","2025-07-01","20.00","40000","2026-09-08 18:29:41"
"4756","246","2025-07-01","54.00","54000","2026-09-08 18:29:41"
"4757","43","2025-07-01","22000.00","319000","2026-09-08 18:29:41"
"4758","227","2025-08-01","30.00","195000","2026-09-08 18:29:41"
"4759","11","2025-08-01","750.00","25500","2026-09-08 18:29:41"
"4760","193","2025-08-01","30.00","15000","2026-09-08 18:29:41"
"4761","35","2025-08-01","34.00","85000","2026-09-08 18:29:41"
"4762","127","2025-08-01","20.00","70000","2026-09-08 18:29:41"
"4763","43","2025-08-01","21000.00","304500","2026-09-08 18:29:41"
"4764","138","2025-08-01","20.00","10000","2026-09-08 18:29:41"
"4765","159","2025-08-01","15000.00","465000","2026-09-08 18:29:41"
"4766","107","2025-08-01","15.00","15000","2026-09-08 18:29:41"
"4767","111","2025-09-01","28.00","42000","2026-09-08 18:29:41"
"4768","208","2025-09-01","20.00","20000","2026-09-08 18:29:41"
"4769","198","2025-09-01","10.00","85000","2026-09-08 18:29:41"
"4770","133","2025-09-01","10000.00","165000","2026-09-08 18:29:41"
"4771","159","2025-09-01","5000.00","155000","2026-09-08 18:29:41"
"4772","279","2025-09-01","13.00","45500","2026-09-08 18:29:41"
"4773","76","2025-09-01","64.00","32000","2026-09-08 18:29:41"
"4774","43","2025-09-01","19000.00","275500","2026-09-08 18:29:41"
"4775","183","2025-09-01","30.00","15000","2026-09-08 18:29:41"
"4776","82","2025-09-01","20.00","40000","2026-09-08 18:29:41"
"4777","163","2025-09-01","32.00","80000","2026-09-08 18:29:41"
"4778","246","2025-09-01","27.00","27000","2026-09-08 18:29:41"
"4779","76","2025-10-01","31.00","15500","2026-09-08 18:29:41"
"4780","142","2025-10-01","67.00","33500","2026-09-08 18:29:41"
"4781","199","2025-10-01","11.00","11000","2026-09-08 18:29:41"
"4782","279","2025-10-01","11.00","38500","2026-09-08 18:29:41"
"4783","43","2025-10-01","10000.00","145000","2026-09-08 18:29:41"
"4784","223","2025-10-01","20.00","10000","2026-09-08 18:29:41"
"4785","159","2025-10-01","20000.00","620000","2026-09-08 18:29:41"
"4786","159","2025-10-01","2500.00","80000","2026-09-08 18:29:41"
"4787","238","2025-10-01","61.00","30500","2026-09-08 18:29:41"
"4788","127","2025-10-01","50.00","175000","2026-09-08 18:29:41"
"4789","27","2025-11-01","10.00","30000","2026-09-08 18:29:41"
"4790","223","2025-11-01","20.00","10000","2026-09-08 18:29:41"
"4791","138","2025-11-01","20.00","10000","2026-09-08 18:29:41"
"4792","76","2025-11-01","44.00","22000","2026-09-08 18:29:41"
"4793","159","2025-11-01","10000.00","310000","2026-09-08 18:29:41"
"4794","159","2025-11-01","20000.00","620000","2026-09-08 18:29:41"
"4795","6","2025-11-01","30.00","105000","2026-09-08 18:29:41"
"4796","251","2025-11-01","20.00","20000","2026-09-08 18:29:41"
"4797","121","2025-11-01","10.00","100000","2026-09-08 18:29:41"
"4798","133","2025-11-01","30000.00","495000","2026-09-08 18:29:41"
"4799","14","2025-11-01","11.00","231000","2026-09-08 18:29:41"
"4800","127","2025-11-01","30.00","105000","2026-09-08 18:29:41"
"4801","76","2025-12-01","39.00","19500","2026-09-08 18:29:41"
"4802","4","2025-12-01","44.00","88000","2026-09-08 18:29:41"
"4803","197","2025-12-01","38.00","76000","2026-09-08 18:29:41"
"4804","246","2025-12-01","54.00","54000","2026-09-08 18:29:41"
"4805","166","2025-12-01","20.00","40000","2026-09-08 18:29:41"
"4806","153","2025-12-01","40.00","40000","2026-09-08 18:29:41"
"4807","223","2025-12-01","38.00","19000","2026-09-08 18:29:41"
"4808","50","2025-12-01","37.00","111000","2026-09-08 18:29:41"
"4809","43","2025-12-01","28000.00","406000","2026-09-08 18:29:41"
"4810","159","2025-12-01","5000.00","155000","2026-09-08 18:29:41"
"4811","159","2025-01-13","5000.00","155000","2026-09-08 18:29:41"
"4812","127","2025-01-13","47.00","164500","2026-09-08 18:29:41"
"4813","76","2025-01-13","31.00","15500","2026-09-08 18:29:41"
"4814","285","2025-01-13","28.00","28000","2026-09-08 18:29:41"
"4815","231","2025-01-13","33.00","66000","2026-09-08 18:29:41"
"4816","122","2025-01-13","24.00","24000","2026-09-08 18:29:41"
"4817","142","2025-01-13","40.00","20000","2026-09-08 18:29:41"
"4818","166","2025-01-13","10.00","20000","2026-09-08 18:29:41"
"4819","107","2025-01-13","38.00","38000","2026-09-08 18:29:41"
"4820","43","2025-01-13","34000.00","493000","2026-09-08 18:29:41"
"4821","246","2025-01-13","64.00","64000","2026-09-08 18:29:41"
"4822","159","2025-01-14","6500.00","201500","2026-09-08 18:29:41"
"4823","159","2025-01-14","5000.00","160000","2026-09-08 18:29:41"
"4824","127","2025-01-14","32.00","112000","2026-09-08 18:29:41"
"4825","76","2025-01-14","94.00","47000","2026-09-08 18:29:41"
"4826","43","2025-01-14","15000.00","217500","2026-09-08 18:29:41"
"4827","104","2025-01-14","28.00","154000","2026-09-08 18:29:41"
"4828","43","2025-01-15","20000.00","290000","2026-09-08 18:29:41"
"4829","104","2025-01-15","21.00","115500","2026-09-08 18:29:41"
"4830","128","2025-01-15","10.00","25000","2026-09-08 18:29:41"
"4831","138","2025-01-15","10.00","5000","2026-09-08 18:29:41"
"4832","127","2025-01-15","40.00","140000","2026-09-08 18:29:41"
"4833","142","2025-01-15","36.00","18000","2026-09-08 18:29:41"
"4834","122","2025-01-15","20.00","20000","2026-09-08 18:29:41"
"4835","198","2025-01-15","10.00","85000","2026-09-08 18:29:41"
"4836","159","2025-01-15","5000.00","155000","2026-09-08 18:29:41"
"4837","11","2025-01-15","2500.00","85000","2026-09-08 18:29:41"
"4838","11","2025-01-15","2500.00","100000","2026-09-08 18:29:41"
"4839","14","2025-01-15","4.00","84000","2026-09-08 18:29:41"
"4840","246","2025-01-15","64.00","64000","2026-09-08 18:29:41"
"4841","6","2025-01-15","30.00","105000","2026-09-08 18:29:41"
"4842","197","2025-01-15","10.00","20000","2026-09-08 18:29:41"
"4843","153","2025-01-15","28.00","28000","2026-09-08 18:29:41"
"4844","4","2025-01-16","29.00","58000","2026-09-08 18:29:41"
"4845","76","2025-01-16","64.00","32000","2026-09-08 18:29:41"
"4846","282","2025-01-16","30.00","60000","2026-09-08 18:29:41"
"4847","188","2025-01-16","25.00","50000","2026-09-08 18:29:41"
"4848","231","2025-01-16","20.00","40000","2026-09-08 18:29:41"
"4849","203","2025-01-16","20.00","40000","2026-09-08 18:29:41"
"4850","159","2025-01-16","5000.00","155000","2026-09-08 18:29:41"
"4851","261","2025-01-16","10.00","50000","2026-09-08 18:29:41"
"4852","251","2025-01-16","39.00","39000","2026-09-08 18:29:41"
"4853","272","2025-01-16","17.00","85000","2026-09-08 18:29:41"
"4854","235","2025-01-17","10.00","400000","2026-09-08 18:29:41"
"4855","6","2025-01-17","30.00","105000","2026-09-08 18:29:41"
"4856","159","2025-01-17","5000.00","155000","2026-09-08 18:29:41"
"4857","159","2025-01-17","20000.00","620000","2026-09-08 18:29:41"
"4858","208","2025-01-17","10.00","10000","2026-09-08 18:29:41"
"4859","104","2025-01-17","11.00","60500","2026-09-08 18:29:41"
"4860","223","2025-01-17","20.00","10000","2026-09-08 18:29:41"
"4861","227","2025-01-17","10.00","65000","2026-09-08 18:29:41"
"4862","166","2025-01-17","11.00","22000","2026-09-08 18:29:41"
"4863","111","2025-01-17","10.00","15000","2026-09-08 18:29:41"
"4864","133","2025-01-17","10000.00","165000","2026-09-08 18:29:41"
"4865","35","2025-01-17","20.00","50000","2026-09-08 18:29:41"
"4866","153","2025-01-17","10.00","10000","2026-09-08 18:29:41"
"4867","223","2025-01-17","10.00","5000","2026-09-08 18:29:41"
"4868","197","2025-01-17","10.00","20000","2026-09-08 18:29:41"
"4869","159","2025-01-18","10000.00","310000","2026-09-08 18:29:41"
"4870","50","2025-01-18","20.00","60000","2026-09-08 18:29:41"
"4871","285","2025-01-18","20.00","20000","2026-09-08 18:29:41"
"4872","166","2025-01-18","18.00","36000","2026-09-08 18:29:41"
"4873","246","2025-01-18","20.00","20000","2026-09-08 18:29:41"
"4874","96","2025-01-18","13.00","6500","2026-09-08 18:29:41"
"4875","128","2025-01-18","22.00","55000","2026-09-08 18:29:41"
"4876","136","2025-01-18","10.00","30000","2026-09-08 18:29:41"
"4877","236","2025-01-18","30.00","30000","2026-09-08 18:29:41"
"4878","138","2025-01-18","38.00","19000","2026-09-08 18:29:41"
"4879","197","2025-01-18","30.00","60000","2026-09-08 18:29:41"
"4880","127","2025-01-18","100.00","350000","2026-09-08 18:29:41"
"4881","6","2025-01-18","107.00","374500","2026-09-08 18:29:41"
"4882","223","2025-01-18","40.00","20000","2026-09-08 18:29:41"
"4883","154","2025-01-19","34.00","68000","2026-09-08 18:29:41"
"4884","197","2025-01-19","37.00","74000","2026-09-08 18:29:41"
"4885","239","2025-01-19","47.00","47000","2026-09-08 18:29:41"
"4886","127","2025-01-19","127.00","444500","2026-09-08 18:29:41"
"4887","167","2025-01-19","64.00","64000","2026-09-08 18:29:41"
"4888","107","2025-01-19","33.00","33000","2026-09-08 18:29:41"
"4889","235","2025-01-19","10.00","400000","2026-09-08 18:29:41"
"4890","50","2025-01-19","24.00","72000","2026-09-08 18:29:41"
"4891","163","2025-01-19","34.00","85000","2026-09-08 18:29:41"
"4892","159","2025-01-20","12000.00","372000","2026-09-08 18:29:41"
"4893","197","2025-01-20","10.00","20000","2026-09-08 18:29:41"
"4894","239","2025-01-20","10.00","10000","2026-09-08 18:29:41"
"4895","134","2025-01-20","34.00","204000","2026-09-08 18:29:41"
"4896","73","2025-01-20","33.00","66000","2026-09-08 18:29:41"
"4897","96","2025-01-20","79.00","39500","2026-09-08 18:29:41"
"4898","76","2025-01-20","67.00","33500","2026-09-08 18:29:41"
"4899","127","2025-01-20","30.00","105000","2026-09-08 18:29:41"
"4900","170","2025-01-20","13.00","45500","2026-09-08 18:29:41"
"4901","233","2025-01-21","28.00","14000","2026-09-08 18:29:41"
"4902","142","2025-01-21","55.00","27500","2026-09-08 18:29:41"
"4903","122","2025-01-21","37.00","37000","2026-09-08 18:29:41"
"4904","198","2025-01-21","10.00","85000","2026-09-08 18:29:41"
"4905","133","2025-01-21","10000.00","165000","2026-09-08 18:29:41"
"4906","115","2025-01-21","7.00","87500","2026-09-08 18:29:41"
"4907","82","2025-01-21","10.00","20000","2026-09-08 18:29:41"
"4908","194","2025-01-21","18.00","36000","2026-09-08 18:29:41"
"4909","180","2025-01-21","19.00","66500","2026-09-08 18:29:41"
"4910","167","2025-01-21","64.00","64000","2026-09-08 18:29:41"
"4911","240","2025-01-22","6.00","60000","2026-09-08 18:29:41"
"4912","144","2025-01-22","31.00","62000","2026-09-08 18:29:41"
"4913","282","2025-01-22","10.00","20000","2026-09-08 18:29:41"
"4914","122","2025-01-22","33.00","33000","2026-09-08 18:29:41"
"4915","6","2025-01-22","40.00","140000","2026-09-08 18:29:41"
"4916","70","2025-01-22","36.00","126000","2026-09-08 18:29:41"
"4917","142","2025-01-22","49.00","24500","2026-09-08 18:29:41"
"4918","220","2025-01-22","39.00","78000","2026-09-08 18:29:41"
"4919","96","2025-01-22","28.00","14000","2026-09-08 18:29:41"
"4920","76","2025-01-22","69.00","34500","2026-09-08 18:29:41"
"4921","203","2025-01-22","17.00","34000","2026-09-08 18:29:41"
"4922","233","2025-01-22","54.00","27000","2026-09-08 18:29:41"
"4923","127","2025-01-22","67.00","234500","2026-09-08 18:29:41"
"4924","121","2025-01-22","33.00","330000","2026-09-08 18:29:41"
"4925","227","2025-01-22","10.00","65000","2026-09-08 18:29:41"
"4926","111","2025-01-22","13.00","19500","2026-09-08 18:29:41"
"4927","166","2025-01-22","6.00","12000","2026-09-08 18:29:41"
"4928","128","2025-01-22","9.00","22500","2026-09-08 18:29:41"
"4929","70","2025-01-23","10.00","35000","2026-09-08 18:29:41"
"4930","246","2025-01-23","69.00","69000","2026-09-08 18:29:41"
"4931","159","2025-01-23","7500.00","232500","2026-09-08 18:29:41"
"4932","251","2025-01-23","40.00","40000","2026-09-08 18:29:41"
"4933","6","2025-01-23","61.00","213500","2026-09-08 18:29:41"
"4934","43","2025-01-23","10000.00","145000","2026-09-08 18:29:41"
"4935","197","2025-01-24","18.00","36000","2026-09-08 18:29:41"
"4936","11","2025-01-24","1000.00","34000","2026-09-08 18:29:41"
"4937","76","2025-01-24","67.00","33500","2026-09-08 18:29:41"
"4938","203","2025-01-24","30.00","60000","2026-09-08 18:29:41"
"4939","224","2025-01-24","16500.00","33000","2026-09-08 18:29:41"
"4940","44","2025-01-24","65.00","65000","2026-09-08 18:29:41"
"4941","73","2025-01-24","20.00","40000","2026-09-08 18:29:41"
"4942","107","2025-01-24","36.00","36000","2026-09-08 18:29:41"
"4943","159","2025-01-24","3250.00","104000","2026-09-08 18:29:41"
"4944","159","2025-01-24","5500.00","170500","2026-09-08 18:29:41"
"4945","127","2025-01-24","96.00","336000","2026-09-08 18:29:41"
"4946","138","2025-01-24","38.00","19000","2026-09-08 18:29:41"
"4947","166","2025-01-24","10.00","20000","2026-09-08 18:29:41"
"4948","43","2025-01-25","21000.00","304500","2026-09-08 18:29:41"
"4949","12","2025-01-25","18.00","126000","2026-09-08 18:29:41"
"4950","272","2025-01-25","10.00","50000","2026-09-08 18:29:41"
"4951","154","2025-01-25","31.00","62000","2026-09-08 18:29:41"
"4952","188","2025-01-25","46.00","92000","2026-09-08 18:29:41"
"4953","76","2025-01-25","69.00","34500","2026-09-08 18:29:41"
"4954","142","2025-01-25","58.00","29000","2026-09-08 18:29:41"
"4955","159","2025-01-25","14000.00","434000","2026-09-08 18:29:41"
"4956","6","2025-01-25","50.00","175000","2026-09-08 18:29:41"
"4957","26","2025-01-25","67.00","134000","2026-09-08 18:29:41"
"4958","6","2025-01-26","79.00","276500","2026-09-08 18:29:41"
"4959","136","2025-01-26","33.00","99000","2026-09-08 18:29:41"
"4960","223","2025-01-26","67.00","33500","2026-09-08 18:29:41"
"4961","266","2025-01-26","13.00","32500","2026-09-08 18:29:41"
"4962","50","2025-01-26","66.00","198000","2026-09-08 18:29:41"
"4963","257","2025-01-26","28.00","70000","2026-09-08 18:29:41"
"4964","208","2025-01-26","36.00","36000","2026-09-08 18:29:41"
"4965","43","2025-01-26","37000.00","536500","2026-09-08 18:29:41"
"4966","246","2025-01-26","69.00","69000","2026-09-08 18:29:41"
"4967","122","2025-01-26","70.00","70000","2026-09-08 18:29:41"
"4968","185","2025-01-27","750.00","46500","2026-09-08 18:29:41"
"4969","182","2025-01-27","50.00","50000","2026-09-08 18:29:41"
"4970","114","2025-01-27","29.00","29000","2026-09-08 18:29:41"
"4971","44","2025-01-27","34.00","34000","2026-09-08 18:29:41"
"4972","159","2025-01-27","5000.00","155000","2026-09-08 18:29:41"
"4973","142","2025-01-27","39.00","19500","2026-09-08 18:29:41"
"4974","246","2025-01-27","67.00","67000","2026-09-08 18:29:41"
"4975","76","2025-01-27","68.00","34000","2026-09-08 18:29:41"
"4976","107","2025-01-27","40.00","40000","2026-09-08 18:29:41"
"4977","159","2025-01-27","4500.00","139500","2026-09-08 18:29:41"
"4978","6","2025-01-27","64.00","224000","2026-09-08 18:29:41"
"4979","127","2025-01-27","97.00","339500","2026-09-08 18:29:41"
"4980","133","2025-01-27","16000.00","264000","2026-09-08 18:29:41"
"4981","203","2025-01-28","10.00","20000","2026-09-08 18:29:41"
"4982","96","2025-01-28","16.00","8000","2026-09-08 18:29:41"
"4983","27","2025-01-28","24.00","72000","2026-09-08 18:29:41"
"4984","197","2025-01-28","33.00","66000","2026-09-08 18:29:41"
"4985","235","2025-01-28","7.00","280000","2026-09-08 18:29:41"
"4986","35","2025-01-28","20.00","50000","2026-09-08 18:29:41"
"4987","127","2025-01-28","96.00","336000","2026-09-08 18:29:41"
"4988","6","2025-01-28","30.00","105000","2026-09-08 18:29:41"
"4989","266","2025-01-28","10.00","25000","2026-09-08 18:29:41"
"4990","159","2025-01-28","5000.00","155000","2026-09-08 18:29:41"
"4991","227","2025-01-28","10.00","65000","2026-09-08 18:29:41"
"4992","144","2025-01-28","30.00","60000","2026-09-08 18:29:41"
"4993","126","2025-01-28","41.00","20500","2026-09-08 18:29:41"
"4994","163","2025-01-28","21.00","52500","2026-09-08 18:29:41"
"4995","26","2025-01-28","20.00","40000","2026-09-08 18:29:41"
"4996","72","2025-01-28","10.00","20000","2026-09-08 18:29:41"
"4997","4","2025-01-28","17.00","34000","2026-09-08 18:29:41"
"4998","233","2025-01-28","30.00","15000","2026-09-08 18:29:41"
"4999","122","2025-01-28","15.00","15000","2026-09-08 18:29:41"
"5000","113","2025-01-28","21.00","42000","2026-09-08 18:29:41"
"5001","159","2025-01-29","8000.00","248000","2026-09-08 18:29:41"
"5002","43","2025-01-29","10000.00","145000","2026-09-08 18:29:41"
"5003","185","2025-01-29","2500.00","155000","2026-09-08 18:29:41"
"5004","127","2025-01-29","67.00","234500","2026-09-08 18:29:41"
"5005","159","2025-01-30","15000.00","465000","2026-09-08 18:29:41"
"5006","85","2025-01-30","10.00","35000","2026-09-08 18:29:41"
"5007","12","2025-01-30","10.00","70000","2026-09-08 18:29:41"
"5008","122","2025-01-30","20.00","20000","2026-09-08 18:29:41"
"5009","76","2025-01-30","91.00","45500","2026-09-08 18:29:41"
"5010","246","2025-01-31","48.00","48000","2026-09-08 18:29:41"
"5011","50","2025-01-31","17.00","51000","2026-09-08 18:29:41"
"5012","127","2025-01-31","58.00","203000","2026-09-08 18:29:41"
"5013","82","2025-01-31","11.00","22000","2026-09-08 18:29:41"
"5014","197","2025-01-31","10.00","20000","2026-09-08 18:29:41"
"5015","159","2025-01-31","10000.00","310000","2026-09-08 18:29:41"
"5016","183","2025-01-31","10.00","5000","2026-09-08 18:29:41"
"5017","203","2025-01-31","10.00","20000","2026-09-08 18:29:41"
"5018","185","2025-01-31","2000.00","124000","2026-09-08 18:29:41"
"5019","194","2025-01-31","10.00","20000","2026-09-08 18:29:41"
"5020","76","2025-01-31","153.00","76500","2026-09-08 18:29:41"
"5021","154","2025-01-31","35.00","70000","2026-09-08 18:29:41"
"5022","43","2025-01-31","24000.00","348000","2026-09-08 18:29:41"
"5023","122","2025-01-02","12.00","12000","2026-09-08 18:29:41"
"5024","166","2025-01-02","10.00","20000","2026-09-08 18:29:41"
"5025","127","2025-01-02","80.00","280000","2026-09-08 18:29:41"
"5026","76","2025-01-02","80.00","40000","2026-09-08 18:29:41"
"5027","159","2025-01-02","10000.00","310000","2026-09-08 18:29:41"
"5028","198","2025-01-02","10.00","85000","2026-09-08 18:29:41"
"5029","97","2025-01-02","10.00","20000","2026-09-08 18:29:41"
"5030","235","2025-01-02","10.00","400000","2026-09-08 18:29:41"
"5031","82","2025-01-02","28.00","56000","2026-09-08 18:29:41"
"5032","246","2025-01-02","68.00","68000","2026-09-08 18:29:41"
"5033","272","2025-01-02","14.00","70000","2026-09-08 18:29:41"
"5034","121","2025-01-02","18.00","180000","2026-09-08 18:29:41"
"5035","159","2025-02-02","10000.00","310000","2026-09-08 18:29:41"
"5036","192","2025-02-02","500.00","45000","2026-09-08 18:29:41"
"5037","236","2025-02-02","10.00","10000","2026-09-08 18:29:41"
"5038","127","2025-02-02","89.00","311500","2026-09-08 18:29:41"
"5039","208","2025-02-02","10.00","10000","2026-09-08 18:29:41"
"5040","263","2025-02-02","10.00","10000","2026-09-08 18:29:41"
"5041","239","2025-02-02","10.00","10000","2026-09-08 18:29:41"
"5042","246","2025-02-02","50.00","50000","2026-09-08 18:29:41"
"5043","97","2025-02-02","20.00","40000","2026-09-08 18:29:41"
"5044","76","2025-02-02","87.00","43500","2026-09-08 18:29:41"
"5045","246","2025-03-02","97.00","97000","2026-09-08 18:29:41"
"5046","43","2025-03-02","28000.00","406000","2026-09-08 18:29:41"
"5047","230","2025-03-02","24.00","12000","2026-09-08 18:29:41"
"5048","76","2025-03-02","69.00","34500","2026-09-08 18:29:41"
"5049","113","2025-03-02","10.00","20000","2026-09-08 18:29:41"
"5050","127","2025-03-02","86.00","301000","2026-09-08 18:29:41"
"5051","167","2025-03-02","11.00","11000","2026-09-08 18:29:41"
"5052","43","2025-04-02","20000.00","290000","2026-09-08 18:29:41"
"5053","129","2025-04-02","10.00","120000","2026-09-08 18:29:41"
"5054","159","2025-04-02","5000.00","155000","2026-09-08 18:29:41"
"5055","11","2025-04-02","2500.00","85000","2026-09-08 18:29:41"
"5056","246","2025-04-02","60.00","60000","2026-09-08 18:29:41"
"5057","76","2025-05-02","59.00","29500","2026-09-08 18:29:41"
"5058","97","2025-05-02","10.00","20000","2026-09-08 18:29:41"
"5059","43","2025-05-02","10000.00","145000","2026-09-08 18:29:41"
"5060","185","2025-05-02","1250.00","77500","2026-09-08 18:29:41"
"5061","163","2025-05-02","10.00","25000","2026-09-08 18:29:41"
"5062","107","2025-05-02","10.00","10000","2026-09-08 18:29:41"
"5063","233","2025-05-02","10.00","5000","2026-09-08 18:29:41"
"5064","159","2025-05-02","10000.00","310000","2026-09-08 18:29:41"
"5065","127","2025-05-02","108.00","378000","2026-09-08 18:29:41"
"5066","282","2025-05-02","2.00","4000","2026-09-08 18:29:41"
"5067","35","2025-05-02","10.00","25000","2026-09-08 18:29:41"
"5068","64","2025-05-02","2500.00","75000","2026-09-08 18:29:41"
"5069","246","2025-05-02","10.00","10000","2026-09-08 18:29:41"
"5070","6","2025-05-02","30.00","105000","2026-09-08 18:29:41"
"5071","27","2025-06-02","10.00","30000","2026-09-08 18:29:41"
"5072","76","2025-06-02","96.00","48000","2026-09-08 18:29:41"
"5073","43","2025-06-02","10000.00","145000","2026-09-08 18:29:41"
"5074","246","2025-06-02","50.00","50000","2026-09-08 18:29:41"
"5075","65","2025-06-02","10.00","65000","2026-09-08 18:29:41"
"5076","182","2025-06-02","20.00","20000","2026-09-08 18:29:41"
"5077","35","2025-06-02","10.00","25000","2026-09-08 18:29:41"
"5078","171","2025-06-02","20.00","20000","2026-09-08 18:29:41"
"5079","159","2025-06-02","15000.00","465000","2026-09-08 18:29:41"
"5080","235","2025-06-02","10.00","400000","2026-09-08 18:29:41"
"5081","245","2025-06-02","11.00","44000","2026-09-08 18:29:41"
"5082","240","2025-06-02","17.00","170000","2026-09-08 18:29:41"
"5083","7","2025-06-02","1000.00","60000","2026-09-08 18:29:41"
"5084","97","2025-06-02","2.00","4000","2026-09-08 18:29:41"
"5085","167","2025-06-02","50.00","50000","2026-09-08 18:29:41"
"5086","166","2025-06-02","10.00","20000","2026-09-08 18:29:41"
"5087","197","2025-06-02","10.00","20000","2026-09-08 18:29:41"
"5088","251","2025-06-02","39.00","39000","2026-09-08 18:29:41"
"5089","127","2025-06-02","78.00","273000","2026-09-08 18:29:41"
"5090","197","2025-07-02","10.00","20000","2026-09-08 18:29:41"
"5091","37","2025-07-02","10.00","15000","2026-09-08 18:29:41"
"5092","44","2025-07-02","10.00","10000","2026-09-08 18:29:41"
"5093","163","2025-07-02","29.00","72500","2026-09-08 18:29:41"
"5094","203","2025-07-02","21.00","42000","2026-09-08 18:29:41"
"5095","76","2025-07-02","134.00","67000","2026-09-08 18:29:41"
"5096","227","2025-07-02","18.00","117000","2026-09-08 18:29:41"
"5097","107","2025-07-02","18.00","18000","2026-09-08 18:29:41"
"5098","154","2025-07-02","10.00","20000","2026-09-08 18:29:41"
"5099","96","2025-07-02","13.00","6500","2026-09-08 18:29:41"
"5100","127","2025-07-02","94.00","329000","2026-09-08 18:29:41"
"5101","6","2025-07-02","40.00","140000","2026-09-08 18:29:41"
"5102","251","2025-07-02","20.00","20000","2026-09-08 18:29:41"
"5103","159","2025-07-02","17500.00","542500","2026-09-08 18:29:41"
"5104","246","2025-07-02","59.00","59000","2026-09-08 18:29:41"
"5105","43","2025-07-02","10000.00","145000","2026-09-08 18:29:41"
"5106","159","2025-08-02","10000.00","310000","2026-09-08 18:29:41"
"5107","252","2025-08-02","10.00","5000","2026-09-08 18:29:41"
"5108","70","2025-08-02","10.00","35000","2026-09-08 18:29:41"
"5109","43","2025-08-02","19000.00","275500","2026-09-08 18:29:41"
"5110","76","2025-08-02","185.00","92500","2026-09-08 18:29:41"
"5111","151","2025-08-02","1.00","32000","2026-09-08 18:29:41"
"5112","111","2025-08-02","6.00","9000","2026-09-08 18:29:41"
"5113","134","2025-08-02","10.00","60000","2026-09-08 18:29:41"
"5114","127","2025-08-02","80.00","280000","2026-09-08 18:29:41"
"5115","199","2025-08-02","6.00","6000","2026-09-08 18:29:41"
"5116","159","2025-09-02","18500.00","573500","2026-09-08 18:29:41"
"5117","43","2025-09-02","20000.00","290000","2026-09-08 18:29:41"
"5118","107","2025-09-02","44.00","44000","2026-09-08 18:29:41"
"5119","6","2025-09-02","40.00","140000","2026-09-08 18:29:41"
"5120","24","2025-09-02","20.00","50000","2026-09-08 18:29:41"
"5121","159","2025-10-02","14000.00","434000","2026-09-08 18:29:41"
"5122","127","2025-10-02","77.00","269500","2026-09-08 18:29:41"
"5123","141","2025-10-02","10.00","50000","2026-09-08 18:29:41"
"5124","76","2025-10-02","97.00","48500","2026-09-08 18:29:41"
"5125","50","2025-10-02","10.00","30000","2026-09-08 18:29:41"
"5126","43","2025-10-02","18000.00","261000","2026-09-08 18:29:41"
"5127","27","2025-10-02","10.00","30000","2026-09-08 18:29:41"
"5128","166","2025-10-02","5.00","10000","2026-09-08 18:29:41"
"5129","97","2025-10-02","12.00","24000","2026-09-08 18:29:41"
"5130","142","2025-10-02","10.00","5000","2026-09-08 18:29:41"
"5131","246","2025-10-02","67.00","67000","2026-09-08 18:29:41"
"5132","198","2025-11-02","28.00","238000","2026-09-08 18:29:41"
"5133","43","2025-11-02","20000.00","290000","2026-09-08 18:29:41"
"5134","159","2025-11-02","16000.00","496000","2026-09-08 18:29:41"
"5135","127","2025-11-02","88.00","308000","2026-09-08 18:29:41"
"5136","276","2025-11-02","15.00","75000","2026-09-08 18:29:41"
"5137","246","2025-11-02","69.00","69000","2026-09-08 18:29:41"
"5138","13","2025-11-02","10.00","20000","2026-09-08 18:29:41"
"5139","127","2025-12-02","78.00","273000","2026-09-08 18:29:41"
"5140","131","2025-12-02","10.00","10000","2026-09-08 18:29:41"
"5141","43","2025-12-02","26000.00","377000","2026-09-08 18:29:41"
"5142","76","2025-12-02","103.00","51500","2026-09-08 18:29:41"
"5143","19","2025-02-13","10.00","5000","2026-09-08 18:29:41"
"5144","11","2025-02-13","2500.00","85000","2026-09-08 18:29:41"
"5145","6","2025-02-13","40.00","140000","2026-09-08 18:29:41"
"5146","127","2025-02-13","68.00","238000","2026-09-08 18:29:41"
"5147","43","2025-02-13","20000.00","290000","2026-09-08 18:29:41"
"5148","70","2025-02-14","10.00","35000","2026-09-08 18:29:41"
"5149","104","2025-02-14","10.00","55000","2026-09-08 18:29:41"
"5150","159","2025-02-14","5000.00","155000","2026-09-08 18:29:41"
"5151","167","2025-02-14","30.00","30000","2026-09-08 18:29:41"
"5152","97","2025-02-14","27.00","54000","2026-09-08 18:29:41"
"5153","246","2025-02-14","84.00","84000","2026-09-08 18:29:41"
"5154","142","2025-02-14","10.00","5000","2026-09-08 18:29:41"
"5155","127","2025-02-14","69.00","241500","2026-09-08 18:29:41"
"5156","43","2025-02-14","25000.00","362500","2026-09-08 18:29:41"
"5157","159","2025-02-15","9000.00","279000","2026-09-08 18:29:41"
"5158","127","2025-02-15","75.00","262500","2026-09-08 18:29:41"
"5159","6","2025-02-15","40.00","140000","2026-09-08 18:29:41"
"5160","160","2025-02-15","10.00","65000","2026-09-08 18:29:41"
"5161","193","2025-02-15","20.00","10000","2026-09-08 18:29:41"
"5162","76","2025-02-15","106.00","53000","2026-09-08 18:29:41"
"5163","126","2025-02-15","68.00","34000","2026-09-08 18:29:41"
"5164","154","2025-02-15","29.00","58000","2026-09-08 18:29:41"
"5165","203","2025-02-15","3.00","6000","2026-09-08 18:29:41"
"5166","246","2025-02-15","97.00","97000","2026-09-08 18:29:41"
"5167","231","2025-02-15","11.00","22000","2026-09-08 18:29:41"
"5168","167","2025-02-15","10.00","10000","2026-09-08 18:29:41"
"5169","159","2025-02-16","22000.00","682000","2026-09-08 18:29:41"
"5170","159","2025-02-16","10000.00","310000","2026-09-08 18:29:41"
"5171","159","2025-02-16","2500.00","80000","2026-09-08 18:29:41"
"5172","197","2025-02-16","10.00","20000","2026-09-08 18:29:41"
"5173","76","2025-02-16","160.00","80000","2026-09-08 18:29:41"
"5174","142","2025-02-16","60.00","30000","2026-09-08 18:29:41"
"5175","185","2025-02-16","1250.00","77500","2026-09-08 18:29:41"
"5176","203","2025-02-16","10.00","20000","2026-09-08 18:29:41"
"5177","122","2025-02-16","10.00","10000","2026-09-08 18:29:41"
"5178","127","2025-02-16","75.00","262500","2026-09-08 18:29:41"
"5179","6","2025-02-16","40.00","140000","2026-09-08 18:29:41"
"5180","96","2025-02-16","31.00","15500","2026-09-08 18:29:41"
"5181","246","2025-02-17","74.00","74000","2026-09-08 18:29:41"
"5182","76","2025-02-17","69.00","34500","2026-09-08 18:29:41"
"5183","252","2025-02-17","10.00","5000","2026-09-08 18:29:41"
"5184","193","2025-02-17","10.00","5000","2026-09-08 18:29:41"
"5185","43","2025-02-17","8000.00","116000","2026-09-08 18:29:41"
"5186","142","2025-02-17","18.00","9000","2026-09-08 18:29:41"
"5187","246","2025-02-17","30.00","30000","2026-09-08 18:29:41"
"5188","166","2025-02-17","20.00","40000","2026-09-08 18:29:41"
"5189","128","2025-02-17","10.00","25000","2026-09-08 18:29:41"
"5190","227","2025-02-17","10.00","65000","2026-09-08 18:29:41"
"5191","198","2025-02-17","16.00","136000","2026-09-08 18:29:41"
"5192","203","2025-02-17","20.00","40000","2026-09-08 18:29:41"
"5193","43","2025-02-17","40000.00","580000","2026-09-08 18:29:41"
"5194","86","2025-02-17","500.00","25000","2026-09-08 18:29:41"
"5195","104","2025-02-18","10.00","55000","2026-09-08 18:29:41"
"5196","43","2025-02-18","38000.00","551000","2026-09-08 18:29:41"
"5197","246","2025-02-18","68.00","68000","2026-09-08 18:29:41"
"5198","268","2025-02-18","15.00","75000","2026-09-08 18:29:41"
"5199","176","2025-02-18","10.00","20000","2026-09-08 18:29:41"
"5200","185","2025-02-18","500.00","31000","2026-09-08 18:29:41"
"5201","76","2025-02-18","84.00","42000","2026-09-08 18:29:41"
"5202","220","2025-02-18","10.00","20000","2026-09-08 18:29:41"
"5203","107","2025-02-18","25.00","25000","2026-09-08 18:29:41"
"5204","142","2025-02-18","10.00","5000","2026-09-08 18:29:41"
"5205","32","2025-02-18","15.00","15000","2026-09-08 18:29:41"
"5206","159","2025-02-18","15000.00","465000","2026-09-08 18:29:41"
"5207","197","2025-02-18","10.00","20000","2026-09-08 18:29:41"
"5208","281","2025-02-18","29.00","29000","2026-09-08 18:29:41"
"5209","127","2025-02-18","96.00","336000","2026-09-08 18:29:41"
"5210","167","2025-02-18","46.00","46000","2026-09-08 18:29:41"
"5211","133","2025-02-18","5000.00","85000","2026-09-08 18:29:41"
"5212","246","2025-02-19","34.00","34000","2026-09-08 18:29:41"
"5213","127","2025-02-19","50.00","175000","2026-09-08 18:29:41"
"5214","76","2025-02-19","109.00","54500","2026-09-08 18:29:41"
"5215","43","2025-02-19","18000.00","261000","2026-09-08 18:29:41"
"5216","4","2025-02-19","29.00","58000","2026-09-08 18:29:41"
"5217","251","2025-02-19","26.00","26000","2026-09-08 18:29:41"
"5218","283","2025-02-20","19.00","133000","2026-09-08 18:29:41"
"5219","76","2025-02-20","67.00","33500","2026-09-08 18:29:41"
"5220","50","2025-02-20","10.00","30000","2026-09-08 18:29:41"
"5221","163","2025-02-20","10.00","25000","2026-09-08 18:29:41"
"5222","246","2025-02-20","68.00","68000","2026-09-08 18:29:41"
"5223","133","2025-02-20","5000.00","85000","2026-09-08 18:29:41"
"5224","127","2025-02-20","104.00","364000","2026-09-08 18:29:41"
"5225","159","2025-02-20","14500.00","449500","2026-09-08 18:29:41"
"5226","4","2025-02-21","26.00","52000","2026-09-08 18:29:41"
"5227","43","2025-02-21","24000.00","348000","2026-09-08 18:29:41"
"5228","122","2025-02-21","10.00","10000","2026-09-08 18:29:41"
"5229","76","2025-02-21","68.00","34000","2026-09-08 18:29:41"
"5230","197","2025-02-21","10.00","20000","2026-09-08 18:29:41"
"5231","223","2025-02-21","20.00","10000","2026-09-08 18:29:41"
"5232","252","2025-02-21","29.00","14500","2026-09-08 18:29:41"
"5233","159","2025-02-21","9000.00","279000","2026-09-08 18:29:41"
"5234","251","2025-02-21","4.00","4000","2026-09-08 18:29:41"
"5235","246","2025-02-21","66.00","66000","2026-09-08 18:29:41"
"5236","246","2025-02-22","96.00","96000","2026-09-08 18:29:41"
"5237","127","2025-02-22","64.00","224000","2026-09-08 18:29:41"
"5238","76","2025-02-22","83.00","41500","2026-09-08 18:29:41"
"5239","43","2025-02-22","20000.00","290000","2026-09-08 18:29:41"
"5240","220","2025-02-22","65.00","130000","2026-09-08 18:29:41"
"5241","37","2025-02-22","20.00","30000","2026-09-08 18:29:41"
"5242","50","2025-02-22","19.00","57000","2026-09-08 18:29:41"
"5243","159","2025-02-23","9000.00","279000","2026-09-08 18:29:42"
"5244","35","2025-02-23","34.00","85000","2026-09-08 18:29:42"
"5245","43","2025-02-23","18000.00","261000","2026-09-08 18:29:42"
"5246","113","2025-02-23","67.00","134000","2026-09-08 18:29:42"
"5247","142","2025-02-23","36.00","18000","2026-09-08 18:29:42"
"5248","76","2025-02-23","54.00","27000","2026-09-08 18:29:42"
"5249","291","2025-02-23","10.00","10000","2026-09-08 18:29:42"
"5250","159","2025-02-24","17000.00","527000","2026-09-08 18:29:42"
"5251","142","2025-02-24","20.00","10000","2026-09-08 18:29:42"
"5252","198","2025-02-24","12.00","102000","2026-09-08 18:29:42"
"5253","35","2025-02-24","10.00","25000","2026-09-08 18:29:42"
"5254","43","2025-02-24","10000.00","145000","2026-09-08 18:29:42"
"5255","133","2025-02-24","5000.00","85000","2026-09-08 18:29:42"
"5256","6","2025-02-24","40.00","140000","2026-09-08 18:29:42"
"5257","127","2025-02-24","85.00","297500","2026-09-08 18:29:42"
"5258","203","2025-02-24","54.00","108000","2026-09-08 18:29:42"
"5259","167","2025-02-24","10.00","10000","2026-09-08 18:29:42"
"5260","231","2025-02-24","44.00","88000","2026-09-08 18:29:42"
"5261","104","2025-02-25","29.00","159500","2026-09-08 18:29:42"
"5262","159","2025-02-25","10000.00","310000","2026-09-08 18:29:42"
"5263","6","2025-02-25","40.00","140000","2026-09-08 18:29:42"
"5264","127","2025-02-25","79.00","276500","2026-09-08 18:29:42"
"5265","43","2025-02-25","10000.00","145000","2026-09-08 18:29:42"
"5266","70","2025-02-25","18.00","63000","2026-09-08 18:29:42"
"5267","153","2025-02-25","10.00","10000","2026-09-08 18:29:42"
"5268","213","2025-02-25","5000.00","390000","2026-09-08 18:29:42"
"5269","213","2025-02-25","10000.00","260000","2026-09-08 18:29:42"
"5270","43","2025-02-26","20000.00","290000","2026-09-08 18:29:42"
"5271","159","2025-02-26","20000.00","620000","2026-09-08 18:29:42"
"5272","159","2025-02-26","14000.00","434000","2026-09-08 18:29:42"
"5273","240","2025-02-26","29.00","290000","2026-09-08 18:29:42"
"5274","127","2025-02-26","160.00","560000","2026-09-08 18:29:42"
"5275","193","2025-02-26","20.00","10000","2026-09-08 18:29:42"
"5276","266","2025-02-26","26.00","65000","2026-09-08 18:29:42"
"5277","76","2025-02-26","105.00","52500","2026-09-08 18:29:42"
"5278","213","2025-02-26","3000.00","78000","2026-09-08 18:29:42"
"5279","134","2025-02-26","17.00","102000","2026-09-08 18:29:42"
"5280","129","2025-02-26","28.00","336000","2026-09-08 18:29:42"
"5281","111","2025-02-26","66.00","99000","2026-09-08 18:29:42"
"5282","246","2025-02-26","109.00","109000","2026-09-08 18:29:42"
"5283","251","2025-02-26","29.00","29000","2026-09-08 18:29:42"
"5284","122","2025-02-26","10.00","10000","2026-09-08 18:29:42"
"5285","113","2025-02-26","10.00","20000","2026-09-08 18:29:42"
"5286","231","2025-02-26","26.00","52000","2026-09-08 18:29:42"
"5287","199","2025-02-26","4.00","4000","2026-09-08 18:29:42"
"5288","142","2025-02-26","26.00","13000","2026-09-08 18:29:42"
"5289","291","2025-02-26","19.00","19000","2026-09-08 18:29:42"
"5290","6","2025-02-26","40.00","140000","2026-09-08 18:29:42"
"5291","256","2025-02-27","66.00","660000","2026-09-08 18:29:42"
"5292","291","2025-02-27","54.00","54000","2026-09-08 18:29:42"
"5293","43","2025-02-27","29000.00","420500","2026-09-08 18:29:42"
"5294","159","2025-02-27","12500.00","387500","2026-09-08 18:29:42"
"5295","127","2025-02-28","97.00","339500","2026-09-08 18:29:42"
"5296","43","2025-02-28","10000.00","145000","2026-09-08 18:29:42"
"5297","220","2025-02-28","28.00","56000","2026-09-08 18:29:42"
"5298","76","2025-02-28","89.00","44500","2026-09-08 18:29:42"
"5299","246","2025-02-28","98.00","98000","2026-09-08 18:29:42"
"5300","230","2025-02-28","26.00","13000","2026-09-08 18:29:42"
"5301","142","2025-02-28","27.00","13500","2026-09-08 18:29:42"
"5302","279","2025-02-28","11.00","38500","2026-09-08 18:29:42"
"5303","252","2025-02-28","26.00","13000","2026-09-08 18:29:42"
"5304","159","2025-02-28","5000.00","155000","2026-09-08 18:29:42"
"5305","35","2025-02-28","10.00","25000","2026-09-08 18:29:42"
"5306","246","2025-01-03","58.00","58000","2026-09-08 18:29:42"
"5307","159","2025-01-03","32500.00","1007500","2026-09-08 18:29:42"
"5308","128","2025-01-03","20.00","50000","2026-09-08 18:29:42"
"5309","127","2025-01-03","64.00","224000","2026-09-08 18:29:42"
"5310","6","2025-01-03","40.00","140000","2026-09-08 18:29:42"
"5311","35","2025-01-03","21.00","52500","2026-09-08 18:29:42"
"5312","239","2025-01-03","30.00","30000","2026-09-08 18:29:42"
"5313","88","2025-01-03","10.00","150000","2026-09-08 18:29:42"
"5314","271","2025-01-03","4.00","8000","2026-09-08 18:29:42"
"5315","66","2025-01-03","64.00","32000","2026-09-08 18:29:42"
"5316","238","2025-01-03","33.00","16500","2026-09-08 18:29:42"
"5317","167","2025-01-03","21.00","21000","2026-09-08 18:29:42"
"5318","136","2025-01-03","11.00","33000","2026-09-08 18:29:42"
"5319","223","2025-01-03","34.00","17000","2026-09-08 18:29:42"
"5320","230","2025-01-03","25.00","12500","2026-09-08 18:29:42"
"5321","142","2025-01-03","19.00","9500","2026-09-08 18:29:42"
"5322","220","2025-01-03","16.00","32000","2026-09-08 18:29:42"
"5323","107","2025-01-03","34.00","34000","2026-09-08 18:29:42"
"5324","122","2025-01-03","29.00","29000","2026-09-08 18:29:42"
"5325","76","2025-01-03","150.00","75000","2026-09-08 18:29:42"
"5326","166","2025-01-03","16.00","32000","2026-09-08 18:29:42"
"5327","141","2025-01-03","19.00","95000","2026-09-08 18:29:42"
"5328","159","2025-02-03","10000.00","310000","2026-09-08 18:29:42"
"5329","43","2025-02-03","16000.00","232000","2026-09-08 18:29:42"
"5330","76","2025-02-03","95.00","47500","2026-09-08 18:29:42"
"5331","246","2025-02-03","79.00","79000","2026-09-08 18:29:42"
"5332","141","2025-02-03","41.00","205000","2026-09-08 18:29:42"
"5333","4","2025-02-03","13.00","26000","2026-09-08 18:29:42"
"5334","104","2025-02-03","10.00","55000","2026-09-08 18:29:42"
"5335","252","2025-02-03","16.00","8000","2026-09-08 18:29:42"
"5336","271","2025-02-03","19.00","38000","2026-09-08 18:29:42"
"5337","43","2025-03-03","29000.00","420500","2026-09-08 18:29:42"
"5338","159","2025-03-03","27500.00","852500","2026-09-08 18:29:42"
"5339","166","2025-03-03","12.00","24000","2026-09-08 18:29:42"
"5340","246","2025-03-03","97.00","97000","2026-09-08 18:29:42"
"5341","64","2025-03-03","2500.00","75000","2026-09-08 18:29:42"
"5342","111","2025-03-03","63.00","94500","2026-09-08 18:29:42"
"5343","19","2025-03-03","10.00","5000","2026-09-08 18:29:42"
"5344","50","2025-03-03","19.00","57000","2026-09-08 18:29:42"
"5345","43","2025-04-03","20000.00","290000","2026-09-08 18:29:42"
"5346","246","2025-04-03","78.00","78000","2026-09-08 18:29:42"
"5347","220","2025-04-03","34.00","68000","2026-09-08 18:29:42"
"5348","159","2025-04-03","9000.00","279000","2026-09-08 18:29:42"
"5349","13","2025-04-03","20.00","40000","2026-09-08 18:29:42"
"5350","291","2025-04-03","34.00","34000","2026-09-08 18:29:42"
"5351","234","2025-04-03","29.00","29000","2026-09-08 18:29:42"
"5352","127","2025-04-03","64.00","224000","2026-09-08 18:29:42"
"5353","6","2025-04-03","34.00","119000","2026-09-08 18:29:42"
"5354","210","2025-04-03","10.00","140000","2026-09-08 18:29:42"
"5355","76","2025-05-03","37.00","18500","2026-09-08 18:29:42"
"5356","159","2025-05-03","10000.00","310000","2026-09-08 18:29:42"
"5357","213","2025-05-03","4000.00","104000","2026-09-08 18:29:42"
"5358","43","2025-05-03","25000.00","362500","2026-09-08 18:29:42"
"5359","182","2025-05-03","3.00","3000","2026-09-08 18:29:42"
"5360","127","2025-05-03","98.00","343000","2026-09-08 18:29:42"
"5361","246","2025-05-03","88.00","88000","2026-09-08 18:29:42"
"5362","76","2025-06-03","68.00","34000","2026-09-08 18:29:42"
"5363","43","2025-06-03","16000.00","232000","2026-09-08 18:29:42"
"5364","246","2025-06-03","94.00","94000","2026-09-08 18:29:42"
"5365","67","2025-06-03","5000.00","170000","2026-09-08 18:29:42"
"5366","67","2025-06-03","2500.00","80000","2026-09-08 18:29:42"
"5367","43","2025-07-03","12000.00","174000","2026-09-08 18:29:42"
"5368","76","2025-07-03","80.00","40000","2026-09-08 18:29:42"
"5369","107","2025-07-03","61.00","61000","2026-09-08 18:29:42"
"5370","159","2025-07-03","7000.00","217000","2026-09-08 18:29:42"
"5371","35","2025-07-03","10.00","25000","2026-09-08 18:29:42"
"5372","208","2025-07-03","37.00","37000","2026-09-08 18:29:42"
"5373","127","2025-07-03","97.00","339500","2026-09-08 18:29:42"
"5374","43","2025-08-03","29000.00","420500","2026-09-08 18:29:42"
"5375","127","2025-08-03","126.00","441000","2026-09-08 18:29:42"
"5376","76","2025-08-03","96.00","48000","2026-09-08 18:29:42"
"5377","176","2025-08-03","60.00","120000","2026-09-08 18:29:42"
"5378","246","2025-08-03","99.00","99000","2026-09-08 18:29:42"
"5379","111","2025-08-03","37.00","55500","2026-09-08 18:29:42"
"5380","159","2025-09-03","19500.00","604500","2026-09-08 18:29:42"
"5381","43","2025-09-03","25000.00","362500","2026-09-08 18:29:42"
"5382","76","2025-09-03","130.00","65000","2026-09-08 18:29:42"
"5383","246","2025-09-03","140.00","140000","2026-09-08 18:29:42"
"5384","111","2025-09-03","60.00","90000","2026-09-08 18:29:42"
"5385","199","2025-10-03","30.00","30000","2026-09-08 18:29:42"
"5386","76","2025-10-03","76.00","38000","2026-09-08 18:29:42"
"5387","127","2025-10-03","89.00","311500","2026-09-08 18:29:42"
"5388","246","2025-10-03","67.00","67000","2026-09-08 18:29:42"
"5389","176","2025-10-03","29.00","58000","2026-09-08 18:29:42"
"5390","43","2025-10-03","10000.00","145000","2026-09-08 18:29:42"
"5391","251","2025-10-03","63.00","63000","2026-09-08 18:29:42"
"5392","73","2025-10-03","45.00","90000","2026-09-08 18:29:42"
"5393","197","2025-10-03","10.00","20000","2026-09-08 18:29:42"
"5394","13","2025-10-03","22.00","44000","2026-09-08 18:29:42"
"5395","159","2025-10-03","5000.00","155000","2026-09-08 18:29:42"
"5396","159","2025-11-03","11000.00","341000","2026-09-08 18:29:42"
"5397","30","2025-11-03","6.00","150000","2026-09-08 18:29:42"
"5398","10","2025-11-03","12.00","300000","2026-09-08 18:29:42"
"5399","43","2025-11-03","34000.00","493000","2026-09-08 18:29:42"
"5400","76","2025-11-03","139.00","69500","2026-09-08 18:29:42"
"5401","185","2025-11-03","750.00","46500","2026-09-08 18:29:42"
"5402","185","2025-11-03","3500.00","175000","2026-09-08 18:29:42"
"5403","11","2025-11-03","6000.00","204000","2026-09-08 18:29:42"
"5404","246","2025-11-03","85.00","85000","2026-09-08 18:29:42"
"5405","272","2025-11-03","23.00","115000","2026-09-08 18:29:42"
"5406","240","2025-11-03","22.00","220000","2026-09-08 18:29:42"
"5407","133","2025-12-03","20000.00","330000","2026-09-08 18:29:42"
"5408","43","2025-12-03","30000.00","435000","2026-09-08 18:29:42"
"5409","252","2025-12-03","29.00","14500","2026-09-08 18:29:42"
"5410","127","2025-12-03","109.00","381500","2026-09-08 18:29:42"
"5411","6","2025-12-03","96.00","336000","2026-09-08 18:29:42"
"5412","159","2025-12-03","15000.00","465000","2026-09-08 18:29:42"
"5413","279","2025-12-03","10.00","35000","2026-09-08 18:29:42"
"5414","67","2025-12-03","1500.00","48000","2026-09-08 18:29:42"
"5415","213","2025-12-03","5000.00","390000","2026-09-08 18:29:42"
"5416","282","2025-12-03","20.00","40000","2026-09-08 18:29:42"
"5417","76","2025-12-03","64.00","32000","2026-09-08 18:29:42"
"5418","185","2025-12-03","2500.00","125000","2026-09-08 18:29:42"
"5419","159","2025-03-13","14500.00","449500","2026-09-08 18:29:42"
"5420","43","2025-03-13","30000.00","435000","2026-09-08 18:29:42"
"5421","246","2025-03-13","102.00","102000","2026-09-08 18:29:42"
"5422","234","2025-03-13","200.00","200000","2026-09-08 18:29:42"
"5423","50","2025-03-13","39.00","117000","2026-09-08 18:29:42"
"5424","43","2025-03-14","24000.00","348000","2026-09-08 18:29:42"
"5425","246","2025-03-14","94.00","94000","2026-09-08 18:29:42"
"5426","213","2025-03-14","5000.00","390000","2026-09-08 18:29:42"
"5427","159","2025-03-14","17000.00","527000","2026-09-08 18:29:42"
"5428","159","2025-03-15","16500.00","511500","2026-09-08 18:29:42"
"5429","43","2025-03-15","28000.00","406000","2026-09-08 18:29:42"
"5430","76","2025-03-15","76.00","38000","2026-09-08 18:29:42"
"5431","246","2025-03-15","78.00","78000","2026-09-08 18:29:42"
"5432","43","2025-03-16","34000.00","493000","2026-09-08 18:29:42"
"5433","246","2025-03-16","99.00","99000","2026-09-08 18:29:42"
"5434","76","2025-03-16","104.00","52000","2026-09-08 18:29:42"
"5435","127","2025-03-16","97.00","339500","2026-09-08 18:29:42"
"5436","159","2025-03-16","6500.00","201500","2026-09-08 18:29:42"
"5437","13","2025-03-16","20.00","40000","2026-09-08 18:29:42"
"5438","251","2025-03-16","20.00","20000","2026-09-08 18:29:42"
"5439","104","2025-03-17","20.00","110000","2026-09-08 18:29:42"
"5440","246","2025-03-17","50.00","50000","2026-09-08 18:29:42"
"5441","163","2025-03-17","25.00","62500","2026-09-08 18:29:42"
"5442","67","2025-03-17","2000.00","80000","2026-09-08 18:29:42"
"5443","48","2025-03-17","5000.00","325000","2026-09-08 18:29:42"
"5444","230","2025-03-17","48.00","24000","2026-09-08 18:29:42"
"5445","192","2025-03-17","500.00","45000","2026-09-08 18:29:42"
"5446","142","2025-03-17","40.00","20000","2026-09-08 18:29:42"
"5447","43","2025-03-17","21000.00","304500","2026-09-08 18:29:42"
"5448","53","2025-03-17","4000.00","168000","2026-09-08 18:29:42"
"5449","76","2025-03-17","78.00","39000","2026-09-08 18:29:42"
"5450","236","2025-03-17","20.00","20000","2026-09-08 18:29:42"
"5451","284","2025-03-17","1.00","55000","2026-09-08 18:29:42"
"5452","240","2025-03-17","5.00","50000","2026-09-08 18:29:42"
"5453","153","2025-03-17","20.00","20000","2026-09-08 18:29:42"
"5454","192","2025-03-17","1000.00","90000","2026-09-08 18:29:42"
"5455","223","2025-03-17","13.00","6500","2026-09-08 18:29:42"
"5456","213","2025-03-17","500.00","39000","2026-09-08 18:29:42"
"5457","159","2025-03-17","7500.00","232500","2026-09-08 18:29:42"
"5458","159","2025-03-17","10000.00","310000","2026-09-08 18:29:42"
"5459","272","2025-03-18","5.00","25000","2026-09-08 18:29:42"
"5460","159","2025-03-18","10000.00","310000","2026-09-08 18:29:42"
"5461","246","2025-03-18","64.00","64000","2026-09-08 18:29:42"
"5462","4","2025-03-18","20.00","40000","2026-09-08 18:29:42"
"5463","154","2025-03-18","16.00","32000","2026-09-08 18:29:42"
"5464","214","2025-03-18","22.00","11000","2026-09-08 18:29:42"
"5465","76","2025-03-18","85.00","42500","2026-09-08 18:29:42"
"5466","203","2025-03-18","18.00","36000","2026-09-08 18:29:42"
"5467","230","2025-03-18","29.00","14500","2026-09-08 18:29:42"
"5468","208","2025-03-18","20.00","20000","2026-09-08 18:29:42"
"5469","136","2025-03-18","21.00","63000","2026-09-08 18:29:42"
"5470","43","2025-03-18","15000.00","217500","2026-09-08 18:29:42"
"5471","246","2025-03-19","69.00","69000","2026-09-08 18:29:42"
"5472","43","2025-03-19","12000.00","174000","2026-09-08 18:29:42"
"5473","159","2025-03-19","10000.00","310000","2026-09-08 18:29:42"
"5474","163","2025-03-19","42.00","105000","2026-09-08 18:29:42"
"5475","158","2025-03-19","26.00","13000","2026-09-08 18:29:42"
"5476","35","2025-03-19","10.00","25000","2026-09-08 18:29:42"
"5477","266","2025-03-19","36.00","90000","2026-09-08 18:29:42"
"5478","223","2025-03-19","25.00","12500","2026-09-08 18:29:42"
"5479","235","2025-03-20","5.00","200000","2026-09-08 18:29:42"
"5480","246","2025-03-20","68.00","68000","2026-09-08 18:29:42"
"5481","97","2025-03-20","29.00","58000","2026-09-08 18:29:42"
"5482","43","2025-03-20","19000.00","275500","2026-09-08 18:29:42"
"5483","159","2025-03-20","10000.00","310000","2026-09-08 18:29:42"
"5484","257","2025-03-20","21.00","52500","2026-09-08 18:29:42"
"5485","159","2025-03-20","2500.00","80000","2026-09-08 18:29:42"
"5486","76","2025-03-20","94.00","47000","2026-09-08 18:29:42"
"5487","239","2025-03-20","34.00","34000","2026-09-08 18:29:42"
"5488","2","2025-03-20","10.00","5000","2026-09-08 18:29:42"
"5489","136","2025-03-20","13.00","39000","2026-09-08 18:29:42"
"5490","223","2025-03-20","20.00","10000","2026-09-08 18:29:42"
"5491","272","2025-03-20","13.00","65000","2026-09-08 18:29:42"
"5492","127","2025-03-20","46.00","161000","2026-09-08 18:29:42"
"5493","67","2025-03-20","1500.00","51000","2026-09-08 18:29:42"
"5494","103","2025-03-20","2.00","60000","2026-09-08 18:29:42"
"5495","43","2025-03-21","16000.00","232000","2026-09-08 18:29:42"
"5496","159","2025-03-21","5000.00","155000","2026-09-08 18:29:42"
"5497","76","2025-03-21","67.00","33500","2026-09-08 18:29:42"
"5498","81","2025-03-21","6.00","168000","2026-09-08 18:29:42"
"5499","127","2025-03-21","72.00","252000","2026-09-08 18:29:42"
"5500","107","2025-03-21","34.00","34000","2026-09-08 18:29:42"
"5501","84","2025-03-21","1.00","5000","2026-09-08 18:29:42"
"5502","246","2025-03-21","69.00","69000","2026-09-08 18:29:42"
"5503","159","2025-03-23","17000.00","527000","2026-09-08 18:29:42"
"5504","43","2025-03-23","41000.00","594500","2026-09-08 18:29:42"
"5505","246","2025-03-23","108.00","108000","2026-09-08 18:29:42"
"5506","198","2025-03-23","22.00","187000","2026-09-08 18:29:42"
"5507","11","2025-03-23","1000.00","34000","2026-09-08 18:29:42"
"5508","236","2025-03-23","20.00","20000","2026-09-08 18:29:42"
"5509","136","2025-03-23","10.00","30000","2026-09-08 18:29:42"
"5510","291","2025-03-23","25.00","25000","2026-09-08 18:29:42"
"5511","133","2025-03-23","23000.00","379500","2026-09-08 18:29:42"
"5512","129","2025-03-23","29.00","348000","2026-09-08 18:29:42"
"5513","235","2025-03-23","10.00","400000","2026-09-08 18:29:42"
"5514","266","2025-03-23","11.00","27500","2026-09-08 18:29:42"
"5515","127","2025-03-23","106.00","371000","2026-09-08 18:29:42"
"5516","76","2025-03-24","97.00","48500","2026-09-08 18:29:42"
"5517","127","2025-03-24","90.00","315000","2026-09-08 18:29:42"
"5518","187","2025-03-24","19.00","228000","2026-09-08 18:29:42"
"5519","246","2025-03-24","108.00","108000","2026-09-08 18:29:42"
"5520","201","2025-03-24","33.00","66000","2026-09-08 18:29:42"
"5521","159","2025-03-24","17000.00","527000","2026-09-08 18:29:42"
"5522","43","2025-03-24","30000.00","435000","2026-09-08 18:29:42"
"5523","142","2025-03-24","45.00","22500","2026-09-08 18:29:42"
"5524","97","2025-03-24","10.00","20000","2026-09-08 18:29:42"
"5525","203","2025-03-24","10.00","20000","2026-09-08 18:29:42"
"5526","181","2025-03-24","11.00","88000","2026-09-08 18:29:42"
"5527","64","2025-03-24","2750.00","82500","2026-09-08 18:29:42"
"5528","163","2025-03-24","10.00","25000","2026-09-08 18:29:42"
"5529","246","2025-03-25","87.00","87000","2026-09-08 18:29:42"
"5530","197","2025-03-25","25.00","50000","2026-09-08 18:29:42"
"5531","76","2025-03-25","99.00","49500","2026-09-08 18:29:42"
"5532","159","2025-03-25","2500.00","80000","2026-09-08 18:29:42"
"5533","159","2025-03-25","16000.00","496000","2026-09-08 18:29:42"
"5534","104","2025-03-25","10.00","55000","2026-09-08 18:29:42"
"5535","210","2025-03-25","10.00","140000","2026-09-08 18:29:42"
"5536","97","2025-03-25","39.00","78000","2026-09-08 18:29:42"
"5537","43","2025-03-25","27000.00","391500","2026-09-08 18:29:42"
"5538","127","2025-03-25","69.00","241500","2026-09-08 18:29:42"
"5539","43","2025-03-26","30000.00","435000","2026-09-08 18:29:42"
"5540","76","2025-03-26","54.00","27000","2026-09-08 18:29:42"
"5541","13","2025-03-26","35.00","70000","2026-09-08 18:29:42"
"5542","246","2025-03-26","76.00","76000","2026-09-08 18:29:42"
"5543","210","2025-03-26","12.00","168000","2026-09-08 18:29:42"
"5544","159","2025-03-26","9000.00","279000","2026-09-08 18:29:42"
"5545","97","2025-03-26","29.00","58000","2026-09-08 18:29:42"
"5546","127","2025-03-26","68.00","238000","2026-09-08 18:29:42"
"5547","131","2025-03-26","19.00","19000","2026-09-08 18:29:42"
"5548","199","2025-03-26","31.00","31000","2026-09-08 18:29:42"
"5549","43","2025-03-27","33000.00","478500","2026-09-08 18:29:42"
"5550","159","2025-03-27","9500.00","294500","2026-09-08 18:29:42"
"5551","76","2025-03-27","102.00","51000","2026-09-08 18:29:42"
"5552","127","2025-03-27","87.00","304500","2026-09-08 18:29:42"
"5553","238","2025-03-27","30.00","15000","2026-09-08 18:29:42"
"5554","37","2025-03-27","21.00","31500","2026-09-08 18:29:42"
"5555","188","2025-03-27","24.00","48000","2026-09-08 18:29:42"
"5556","251","2025-03-27","28.00","28000","2026-09-08 18:29:42"
"5557","167","2025-03-27","11.00","11000","2026-09-08 18:29:42"
"5558","246","2025-03-27","85.00","85000","2026-09-08 18:29:42"
"5559","159","2025-03-27","10000.00","310000","2026-09-08 18:29:42"
"5560","127","2025-03-28","109.00","381500","2026-09-08 18:29:42"
"5561","159","2025-03-28","16500.00","511500","2026-09-08 18:29:42"
"5562","19","2025-03-28","20.00","10000","2026-09-08 18:29:42"
"5563","76","2025-03-28","70.00","35000","2026-09-08 18:29:42"
"5564","43","2025-03-28","30000.00","435000","2026-09-08 18:29:42"
"5565","225","2025-03-28","11.00","231000","2026-09-08 18:29:42"
"5566","142","2025-03-28","10.00","5000","2026-09-08 18:29:42"
"5567","97","2025-03-28","32.00","64000","2026-09-08 18:29:42"
"5568","49","2025-03-28","13.00","26000","2026-09-08 18:29:42"
"5569","96","2025-03-28","28.00","14000","2026-09-08 18:29:42"
"5570","61","2025-03-29","10.00","185000","2026-09-08 18:29:42"
"5571","226","2025-03-29","16.00","96000","2026-09-08 18:29:42"
"5572","175","2025-03-29","5.00","100000","2026-09-08 18:29:42"
"5573","106","2025-03-29","10.00","250000","2026-09-08 18:29:42"
"5574","199","2025-03-29","29.00","29000","2026-09-08 18:29:42"
"5575","159","2025-03-29","17500.00","542500","2026-09-08 18:29:42"
"5576","4","2025-03-29","35.00","70000","2026-09-08 18:29:42"
"5577","43","2025-03-29","36000.00","522000","2026-09-08 18:29:42"
"5578","7","2025-03-29","500.00","50000","2026-09-08 18:29:42"
"5579","64","2025-03-29","1250.00","37500","2026-09-08 18:29:42"
"5580","70","2025-03-29","11.00","38500","2026-09-08 18:29:42"
"5581","246","2025-03-29","85.00","85000","2026-09-08 18:29:42"
"5582","251","2025-03-29","68.00","68000","2026-09-08 18:29:42"
"5583","43","2025-03-29","34000.00","493000","2026-09-08 18:29:42"
"5584","188","2025-03-29","24.00","48000","2026-09-08 18:29:42"
"5585","220","2025-03-29","21.00","42000","2026-09-08 18:29:42"
"5586","154","2025-03-29","25.00","50000","2026-09-08 18:29:42"
"5587","122","2025-03-29","21.00","21000","2026-09-08 18:29:42"
"5588","107","2025-03-29","30.00","30000","2026-09-08 18:29:42"
"5589","167","2025-03-29","18.00","18000","2026-09-08 18:29:42"
"5590","96","2025-03-29","17.00","8500","2026-09-08 18:29:42"
"5591","76","2025-03-29","94.00","47000","2026-09-08 18:29:42"
"5592","159","2025-03-30","14000.00","434000","2026-09-08 18:29:42"
"5593","197","2025-03-30","20.00","40000","2026-09-08 18:29:42"
"5594","239","2025-03-30","30.00","30000","2026-09-08 18:29:42"
"5595","193","2025-03-30","30.00","15000","2026-09-08 18:29:42"
"5596","187","2025-03-30","18.00","216000","2026-09-08 18:29:42"
"5597","246","2025-03-30","101.00","101000","2026-09-08 18:29:42"
"5598","68","2025-03-30","3.00","54000","2026-09-08 18:29:42"
"5599","6","2025-03-30","98.00","343000","2026-09-08 18:29:42"
"5600","127","2025-03-30","105.00","367500","2026-09-08 18:29:42"
"5601","97","2025-03-30","21.00","42000","2026-09-08 18:29:42"
"5602","231","2025-03-30","30.00","60000","2026-09-08 18:29:42"
"5603","220","2025-03-30","20.00","40000","2026-09-08 18:29:42"
"5604","43","2025-03-30","30000.00","435000","2026-09-08 18:29:42"
"5605","76","2025-03-30","87.00","43500","2026-09-08 18:29:42"
"5606","230","2025-03-31","28.00","14000","2026-09-08 18:29:42"
"5607","43","2025-03-31","30000.00","435000","2026-09-08 18:29:42"
"5608","127","2025-03-31","77.00","269500","2026-09-08 18:29:42"
"5609","246","2025-03-31","54.00","54000","2026-09-08 18:29:42"
"5610","153","2025-03-31","40.00","40000","2026-09-08 18:29:42"
"5611","252","2025-03-31","38.00","19000","2026-09-08 18:29:42"
"5612","66","2025-03-31","87.00","43500","2026-09-08 18:29:42"
"5613","144","2025-01-04","87.00","174000","2026-09-08 18:29:42"
"5614","159","2025-01-04","10000.00","310000","2026-09-08 18:29:42"
"5615","97","2025-01-04","32.00","64000","2026-09-08 18:29:42"
"5616","168","2025-01-04","10.00","15000","2026-09-08 18:29:42"
"5617","272","2025-01-04","10.00","50000","2026-09-08 18:29:42"
"5618","220","2025-01-04","30.00","60000","2026-09-08 18:29:42"
"5619","4","2025-01-04","43.00","86000","2026-09-08 18:29:42"
"5620","96","2025-01-04","54.00","27000","2026-09-08 18:29:42"
"5621","76","2025-01-04","76.00","38000","2026-09-08 18:29:42"
"5622","43","2025-01-04","10000.00","145000","2026-09-08 18:29:42"
"5623","158","2025-01-04","87.00","43500","2026-09-08 18:29:42"
"5624","50","2025-02-04","20.00","60000","2026-09-08 18:29:42"
"5625","43","2025-02-04","33000.00","478500","2026-09-08 18:29:42"
"5626","220","2025-02-04","39.00","78000","2026-09-08 18:29:42"
"5627","159","2025-02-04","10500.00","325500","2026-09-08 18:29:42"
"5628","19","2025-02-04","20.00","10000","2026-09-08 18:29:42"
"5629","197","2025-02-04","22.00","44000","2026-09-08 18:29:42"
"5630","127","2025-02-04","88.00","308000","2026-09-08 18:29:42"
"5631","225","2025-02-04","10.00","210000","2026-09-08 18:29:42"
"5632","246","2025-02-04","99.00","99000","2026-09-08 18:29:42"
"5633","159","2025-02-04","5000.00","160000","2026-09-08 18:29:42"
"5634","103","2025-03-04","2.00","60000","2026-09-08 18:29:42"
"5635","235","2025-03-04","9.00","360000","2026-09-08 18:29:42"
"5636","97","2025-03-04","2.00","4000","2026-09-08 18:29:42"
"5637","43","2025-03-04","32000.00","464000","2026-09-08 18:29:42"
"5638","4","2025-03-04","31.00","62000","2026-09-08 18:29:42"
"5639","122","2025-03-04","11.00","11000","2026-09-08 18:29:42"
"5640","203","2025-03-04","28.00","56000","2026-09-08 18:29:42"
"5641","127","2025-03-04","98.00","343000","2026-09-08 18:29:42"
"5642","96","2025-03-04","34.00","17000","2026-09-08 18:29:42"
"5643","167","2025-03-04","33.00","33000","2026-09-08 18:29:42"
"5644","76","2025-03-04","98.00","49000","2026-09-08 18:29:42"
"5645","251","2025-03-04","43.00","43000","2026-09-08 18:29:42"
"5646","73","2025-03-04","22.00","44000","2026-09-08 18:29:42"
"5647","13","2025-03-04","32.00","64000","2026-09-08 18:29:42"
"5648","230","2025-03-04","33.00","16500","2026-09-08 18:29:42"
"5649","159","2025-03-04","9000.00","279000","2026-09-08 18:29:42"
"5650","235","2025-04-04","20.00","800000","2026-09-08 18:29:42"
"5651","276","2025-04-04","2.00","10000","2026-09-08 18:29:42"
"5652","220","2025-04-04","1.00","2000","2026-09-08 18:29:42"
"5653","158","2025-04-04","2.00","1000","2026-09-08 18:29:42"
"5654","127","2025-04-04","40.00","140000","2026-09-08 18:29:42"
"5655","6","2025-04-04","40.00","140000","2026-09-08 18:29:42"
"5656","159","2025-04-04","10000.00","310000","2026-09-08 18:29:42"
"5657","193","2025-04-04","10.00","5000","2026-09-08 18:29:42"
"5658","197","2025-04-04","10.00","20000","2026-09-08 18:29:42"
"5659","246","2025-05-04","100.00","100000","2026-09-08 18:29:42"
"5660","91","2025-05-04","21.00","21000","2026-09-08 18:29:42"
"5661","291","2025-05-04","22.00","22000","2026-09-08 18:29:42"
"5662","49","2025-05-04","21.00","42000","2026-09-08 18:29:42"
"5663","28","2025-05-04","21.00","126000","2026-09-08 18:29:42"
"5664","82","2025-05-04","32.00","64000","2026-09-08 18:29:42"
"5665","39","2025-05-04","10.00","35000","2026-09-08 18:29:42"
"5666","76","2025-05-04","98.00","49000","2026-09-08 18:29:42"
"5667","163","2025-05-04","25.00","62500","2026-09-08 18:29:42"
"5668","142","2025-05-04","43.00","21500","2026-09-08 18:29:42"
"5669","193","2025-05-04","33.00","16500","2026-09-08 18:29:42"
"5670","252","2025-05-04","32.00","16000","2026-09-08 18:29:42"
"5671","153","2025-05-04","43.00","43000","2026-09-08 18:29:42"
"5672","239","2025-05-04","65.00","65000","2026-09-08 18:29:42"
"5673","159","2025-05-04","15000.00","465000","2026-09-08 18:29:42"
"5674","127","2025-05-04","56.00","196000","2026-09-08 18:29:42"
"5675","97","2025-05-04","32.00","64000","2026-09-08 18:29:42"
"5676","43","2025-05-04","29000.00","420500","2026-09-08 18:29:42"
"5677","136","2025-05-04","31.00","93000","2026-09-08 18:29:42"
"5678","43","2025-06-04","38000.00","551000","2026-09-08 18:29:42"
"5679","76","2025-06-04","102.00","51000","2026-09-08 18:29:42"
"5680","159","2025-06-04","20500.00","635500","2026-09-08 18:29:42"
"5681","142","2025-06-04","43.00","21500","2026-09-08 18:29:42"
"5682","158","2025-06-04","43.00","21500","2026-09-08 18:29:42"
"5683","231","2025-06-04","20.00","40000","2026-09-08 18:29:42"
"5684","246","2025-06-04","102.00","102000","2026-09-08 18:29:42"
"5685","159","2025-07-04","10000.00","310000","2026-09-08 18:29:42"
"5686","252","2025-07-04","43.00","21500","2026-09-08 18:29:42"
"5687","127","2025-07-04","77.00","269500","2026-09-08 18:29:42"
"5688","107","2025-07-04","21.00","21000","2026-09-08 18:29:42"
"5689","246","2025-07-04","88.00","88000","2026-09-08 18:29:42"
"5690","43","2025-07-04","20000.00","290000","2026-09-08 18:29:42"
"5691","159","2025-08-04","5000.00","155000","2026-09-08 18:29:42"
"5692","127","2025-08-04","102.00","357000","2026-09-08 18:29:42"
"5693","43","2025-08-04","22000.00","319000","2026-09-08 18:29:42"
"5694","76","2025-08-04","58.00","29000","2026-09-08 18:29:42"
"5695","245","2025-08-04","10.00","40000","2026-09-08 18:29:42"
"5696","141","2025-09-04","39.00","195000","2026-09-08 18:29:42"
"5697","282","2025-09-04","21.00","42000","2026-09-08 18:29:42"
"5698","159","2025-09-04","9500.00","294500","2026-09-08 18:29:42"
"5699","281","2025-09-04","20.00","20000","2026-09-08 18:29:42"
"5700","220","2025-09-04","32.00","64000","2026-09-08 18:29:42"
"5701","43","2025-09-04","21000.00","304500","2026-09-08 18:29:42"
"5702","203","2025-09-04","32.00","64000","2026-09-08 18:29:42"
"5703","96","2025-09-04","42.00","21000","2026-09-08 18:29:42"
"5704","159","2025-10-04","15000.00","465000","2026-09-08 18:29:42"
"5705","76","2025-10-04","98.00","49000","2026-09-08 18:29:42"
"5706","97","2025-10-04","10.00","20000","2026-09-08 18:29:42"
"5707","127","2025-10-04","76.00","266000","2026-09-08 18:29:42"
"5708","199","2025-11-04","43.00","43000","2026-09-08 18:29:42"
"5709","159","2025-11-04","10500.00","325500","2026-09-08 18:29:42"
"5710","43","2025-11-04","30000.00","435000","2026-09-08 18:29:42"
"5711","43","2025-12-04","35000.00","507500","2026-09-08 18:29:42"
"5712","246","2025-12-04","98.00","98000","2026-09-08 18:29:42"
"5713","183","2025-12-04","91.00","45500","2026-09-08 18:29:42"
"5714","236","2025-12-04","49.00","49000","2026-09-08 18:29:42"
"5715","7","2025-12-04","1000.00","100000","2026-09-08 18:29:42"
"5716","96","2025-12-04","42.00","21000","2026-09-08 18:29:42"
"5717","76","2025-12-04","99.00","49500","2026-09-08 18:29:42"
"5718","159","2025-12-04","10000.00","310000","2026-09-08 18:29:42"
"5719","127","2025-12-04","98.00","343000","2026-09-08 18:29:42"
"5720","154","2025-12-04","76.00","152000","2026-09-08 18:29:42"
"5721","198","2025-12-04","32.00","272000","2026-09-08 18:29:42"
"5722","246","2025-04-13","107.00","107000","2026-09-08 18:29:42"
"5723","272","2025-04-13","31.00","155000","2026-09-08 18:29:42"
"5724","154","2025-04-13","30.00","60000","2026-09-08 18:29:42"
"5725","49","2025-04-13","98.00","196000","2026-09-08 18:29:42"
"5726","76","2025-04-13","109.00","54500","2026-09-08 18:29:42"
"5727","43","2025-04-13","39000.00","565500","2026-09-08 18:29:42"
"5728","127","2025-04-13","109.00","381500","2026-09-08 18:29:42"
"5729","159","2025-04-13","19000.00","589000","2026-09-08 18:29:42"
"5730","6","2025-04-13","98.00","343000","2026-09-08 18:29:42"
"5731","111","2025-04-14","20.00","30000","2026-09-08 18:29:42"
"5732","246","2025-04-14","87.00","87000","2026-09-08 18:29:42"
"5733","159","2025-04-14","22000.00","682000","2026-09-08 18:29:42"
"5734","141","2025-04-14","29.00","145000","2026-09-08 18:29:42"
"5735","127","2025-04-14","77.00","269500","2026-09-08 18:29:42"
"5736","163","2025-04-14","20.00","50000","2026-09-08 18:29:42"
"5737","223","2025-04-14","29.00","14500","2026-09-08 18:29:42"
"5738","225","2025-04-14","31.00","651000","2026-09-08 18:29:42"
"5739","159","2025-04-15","9500.00","294500","2026-09-08 18:29:42"
"5740","127","2025-04-15","76.00","266000","2026-09-08 18:29:42"
"5741","159","2025-04-15","20000.00","620000","2026-09-08 18:29:42"
"5742","6","2025-04-15","40.00","140000","2026-09-08 18:29:42"
"5743","2","2025-04-15","54.00","27000","2026-09-08 18:29:42"
"5744","6","2025-04-16","50.00","175000","2026-09-08 18:29:42"
"5745","127","2025-04-16","76.00","266000","2026-09-08 18:29:42"
"5746","159","2025-04-16","17000.00","527000","2026-09-08 18:29:42"
"5747","282","2025-04-16","33.00","66000","2026-09-08 18:29:42"
"5748","121","2025-04-16","23.00","230000","2026-09-08 18:29:42"
"5749","104","2025-04-16","43.00","236500","2026-09-08 18:29:42"
"5750","19","2025-04-16","54.00","27000","2026-09-08 18:29:42"
"5751","246","2025-04-16","88.00","88000","2026-09-08 18:29:42"
"5752","55","2025-04-16","8.00","144000","2026-09-08 18:29:42"
"5753","163","2025-04-17","2.00","5000","2026-09-08 18:29:42"
"5754","55","2025-04-17","1.00","18000","2026-09-08 18:29:42"
"5755","159","2025-04-17","10000.00","310000","2026-09-08 18:29:42"
"5756","159","2025-04-17","10000.00","310000","2026-09-08 18:29:42"
"5757","69","2025-04-17","2.00","4000","2026-09-08 18:29:42"
"5758","220","2025-04-17","1.00","2000","2026-09-08 18:29:42"
"5759","251","2025-04-17","3.00","3000","2026-09-08 18:29:42"
"5760","254","2025-04-17","1.00","2000","2026-09-08 18:29:42"
"5761","225","2025-04-18","1.00","21000","2026-09-08 18:29:42"
"5762","291","2025-04-18","7.00","7000","2026-09-08 18:29:42"
"5763","251","2025-04-18","7.00","7000","2026-09-08 18:29:42"
"5764","107","2025-04-18","7.00","7000","2026-09-08 18:29:42"
"5765","167","2025-04-18","7.00","7000","2026-09-08 18:29:42"
"5766","142","2025-04-18","7.00","3500","2026-09-08 18:29:42"
"5767","230","2025-04-18","7.00","3500","2026-09-08 18:29:42"
"5768","246","2025-04-18","10.00","10000","2026-09-08 18:29:42"
"5769","282","2025-04-18","1.00","2000","2026-09-08 18:29:42"
"5770","127","2025-04-18","40.00","140000","2026-09-08 18:29:42"
"5771","104","2025-04-18","2.00","11000","2026-09-08 18:29:42"
"5772","272","2025-04-18","1.00","5000","2026-09-08 18:29:42"
"5773","163","2025-04-18","1.00","2500","2026-09-08 18:29:42"
"5774","159","2025-04-19","20000.00","620000","2026-09-08 18:29:42"
"5775","127","2025-04-19","100.00","350000","2026-09-08 18:29:42"
"5776","142","2025-04-19","4.00","2000","2026-09-08 18:29:42"
"5777","49","2025-04-19","1.00","2000","2026-09-08 18:29:42"
"5778","122","2025-04-19","1.00","1000","2026-09-08 18:29:42"
"5779","254","2025-04-19","10.00","20000","2026-09-08 18:29:42"
"5780","167","2025-04-19","10.00","10000","2026-09-08 18:29:42"
"5781","159","2025-04-20","10000.00","310000","2026-09-08 18:29:42"
"5782","159","2025-04-20","5000.00","155000","2026-09-08 18:29:42"
"5783","142","2025-04-20","4.00","2000","2026-09-08 18:29:42"
"5784","136","2025-04-20","1.00","3000","2026-09-08 18:29:42"
"5785","252","2025-04-20","2.00","1000","2026-09-08 18:29:42"
"5786","111","2025-04-21","6.00","9000","2026-09-08 18:29:42"
"5787","234","2025-04-21","2.00","2000","2026-09-08 18:29:42"
"5788","246","2025-04-21","20.00","20000","2026-09-08 18:29:42"
"5789","122","2025-04-21","40.00","40000","2026-09-08 18:29:42"
"5790","73","2025-04-21","4.00","8000","2026-09-08 18:29:42"
"5791","142","2025-04-21","4.00","2000","2026-09-08 18:29:42"
"5792","32","2025-04-21","2.00","2000","2026-09-08 18:29:42"
"5793","64","2025-04-21","500.00","15000","2026-09-08 18:29:42"
"5794","272","2025-04-21","1.00","5000","2026-09-08 18:29:42"
"5795","197","2025-04-22","1.00","2000","2026-09-08 18:29:42"
"5796","144","2025-04-22","1.00","2000","2026-09-08 18:29:42"
"5797","203","2025-04-22","1.00","2000","2026-09-08 18:29:42"
"5798","107","2025-04-22","2.00","2000","2026-09-08 18:29:42"
"5799","167","2025-04-22","2.00","2000","2026-09-08 18:29:42"
"5800","166","2025-04-22","7.00","14000","2026-09-08 18:29:42"
"5801","220","2025-04-22","3.00","6000","2026-09-08 18:29:42"
"5802","99","2025-04-22","1.00","9000","2026-09-08 18:29:42"
"5803","159","2025-04-23","10000.00","310000","2026-09-08 18:29:42"
"5804","141","2025-04-23","1.00","5000","2026-09-08 18:29:42"
"5805","251","2025-04-23","1.00","1000","2026-09-08 18:29:42"
"5806","142","2025-04-23","11.00","5500","2026-09-08 18:29:42"
"5807","246","2025-04-23","10.00","10000","2026-09-08 18:29:42"
"5808","203","2025-04-23","2.00","4000","2026-09-08 18:29:42"
"5809","73","2025-04-23","2.00","4000","2026-09-08 18:29:42"
"5810","167","2025-04-23","1.00","1000","2026-09-08 18:29:42"
"5811","107","2025-04-23","1.00","1000","2026-09-08 18:29:42"
"5812","163","2025-04-23","1.00","2500","2026-09-08 18:29:42"
"5813","154","2025-04-23","1.00","2000","2026-09-08 18:29:42"
"5814","76","2025-04-23","3.00","1500","2026-09-08 18:29:42"
"5815","127","2025-04-23","45.00","157500","2026-09-08 18:29:42"
"5816","282","2025-04-23","10.00","20000","2026-09-08 18:29:42"
"5817","272","2025-04-24","2.00","10000","2026-09-08 18:29:42"
"5818","230","2025-04-24","5.00","2500","2026-09-08 18:29:42"
"5819","198","2025-04-24","1.00","8500","2026-09-08 18:29:42"
"5820","201","2025-04-24","1.00","2000","2026-09-08 18:29:42"
"5821","32","2025-04-24","3.00","3000","2026-09-08 18:29:42"
"5822","159","2025-04-24","15000.00","465000","2026-09-08 18:29:42"
"5823","266","2025-04-24","10.00","25000","2026-09-08 18:29:42"
"5824","6","2025-04-25","40.00","140000","2026-09-08 18:29:42"
"5825","76","2025-04-25","10.00","5000","2026-09-08 18:29:42"
"5826","197","2025-04-25","6.00","12000","2026-09-08 18:29:42"
"5827","246","2025-04-25","7.00","7000","2026-09-08 18:29:42"
"5828","19","2025-04-25","10.00","5000","2026-09-08 18:29:42"
"5829","104","2025-04-25","10.00","55000","2026-09-08 18:29:42"
"5830","234","2025-04-25","10.00","10000","2026-09-08 18:29:42"
"5831","159","2025-04-26","10000.00","310000","2026-09-08 18:29:42"
"5832","112","2025-04-26","2.00","10000","2026-09-08 18:29:42"
"5833","279","2025-04-26","1.00","3500","2026-09-08 18:29:42"
"5834","166","2025-04-26","3.00","6000","2026-09-08 18:29:42"
"5835","12","2025-04-26","10.00","70000","2026-09-08 18:29:42"
"5836","240","2025-04-26","1.00","10000","2026-09-08 18:29:42"
"5837","134","2025-04-27","1.00","6000","2026-09-08 18:29:42"
"5838","201","2025-04-27","2.00","4000","2026-09-08 18:29:42"
"5839","166","2025-04-27","2.00","4000","2026-09-08 18:29:42"
"5840","6","2025-04-27","40.00","140000","2026-09-08 18:29:42"
"5841","246","2025-04-27","10.00","10000","2026-09-08 18:29:42"
"5842","142","2025-04-27","4.00","2000","2026-09-08 18:29:42"
"5843","122","2025-04-27","3.00","3000","2026-09-08 18:29:42"
"5844","159","2025-04-28","10000.00","310000","2026-09-08 18:29:42"
"5845","144","2025-04-28","10.00","20000","2026-09-08 18:29:42"
"5846","197","2025-04-28","10.00","20000","2026-09-08 18:29:42"
"5847","168","2025-04-28","10.00","15000","2026-09-08 18:29:42"
"5848","154","2025-04-28","3.00","6000","2026-09-08 18:29:42"
"5849","107","2025-04-28","4.00","4000","2026-09-08 18:29:42"
"5850","76","2025-04-28","3.00","1500","2026-09-08 18:29:42"
"5851","142","2025-04-28","2.00","1000","2026-09-08 18:29:42"
"5852","167","2025-04-28","1.00","1000","2026-09-08 18:29:42"
"5853","246","2025-04-29","13.00","13000","2026-09-08 18:29:42"
"5854","234","2025-04-29","2.00","2000","2026-09-08 18:29:42"
"5855","166","2025-04-29","2.00","4000","2026-09-08 18:29:42"
"5856","127","2025-04-29","40.00","140000","2026-09-08 18:29:42"
"5857","76","2025-04-29","2.00","1000","2026-09-08 18:29:42"
"5858","142","2025-04-29","11.00","5500","2026-09-08 18:29:42"
"5859","107","2025-04-29","2.00","2000","2026-09-08 18:29:42"
"5860","272","2025-04-29","1.00","5000","2026-09-08 18:29:42"
"5861","159","2025-04-29","5000.00","155000","2026-09-08 18:29:42"
"5862","159","2025-04-29","2500.00","80000","2026-09-08 18:29:42"
"5863","197","2025-04-29","1.00","2000","2026-09-08 18:29:42"
"5864","201","2025-04-29","1.00","2000","2026-09-08 18:29:42"
"5865","181","2025-04-30","1.00","8000","2026-09-08 18:29:42"
"5866","144","2025-04-30","3.00","6000","2026-09-08 18:29:42"
"5867","240","2025-04-30","2.00","20000","2026-09-08 18:29:42"
"5868","64","2025-04-30","2500.00","75000","2026-09-08 18:29:42"
"5869","159","2025-04-30","5000.00","155000","2026-09-08 18:29:42"
"5870","142","2025-04-30","4.00","2000","2026-09-08 18:29:42"
"5871","125","2025-04-30","2.00","6000","2026-09-08 18:29:42"
"5872","89","2025-04-30","1.00","40000","2026-09-08 18:29:42"
"5873","230","2025-04-30","24.00","12000","2026-09-08 18:29:42"
"5874","180","2025-04-30","1.00","3500","2026-09-08 18:29:42"
"5875","194","2025-04-30","1.00","2000","2026-09-08 18:29:42"
"5876","246","2025-04-30","10.00","10000","2026-09-08 18:29:42"
"5877","133","2025-04-30","10000.00","165000","2026-09-08 18:29:42"
"5878","284","2025-04-30","1.00","55000","2026-09-08 18:29:42"
"5879","199","2025-04-30","12.00","12000","2026-09-08 18:29:42"
"5880","127","2025-04-30","40.00","140000","2026-09-08 18:29:42"
"5881","251","2025-04-30","1.00","1000","2026-09-08 18:29:42"
"5882","76","2025-04-30","10.00","5000","2026-09-08 18:29:42"
"5883","272","2025-04-30","1.00","5000","2026-09-08 18:29:42"
"5884","141","2025-01-05","1.00","5000","2026-09-08 18:29:42"
"5885","246","2025-01-05","10.00","10000","2026-09-08 18:29:42"
"5886","251","2025-01-05","4.00","4000","2026-09-08 18:29:42"
"5887","167","2025-01-05","6.00","6000","2026-09-08 18:29:42"
"5888","166","2025-01-05","2.00","4000","2026-09-08 18:29:42"
"5889","188","2025-01-05","2.00","4000","2026-09-08 18:29:42"
"5890","76","2025-01-05","2.00","1000","2026-09-08 18:29:42"
"5891","203","2025-01-05","1.00","2000","2026-09-08 18:29:42"
"5892","159","2025-01-05","10000.00","310000","2026-09-08 18:29:42"
"5893","85","2025-01-05","1.00","3500","2026-09-08 18:29:42"
"5894","235","2025-01-05","10.00","400000","2026-09-08 18:29:42"
"5895","82","2025-01-05","2.00","4000","2026-09-08 18:29:42"
"5896","35","2025-01-05","1.00","2500","2026-09-08 18:29:42"
"5897","66","2025-01-05","10.00","5000","2026-09-08 18:29:42"
"5898","206","2025-01-05","4.00","2000","2026-09-08 18:29:42"
"5899","56","2025-01-05","2.00","10000","2026-09-08 18:29:42"
"5900","241","2025-01-05","5.00","7500","2026-09-08 18:29:42"
"5901","239","2025-01-05","1.00","1000","2026-09-08 18:29:42"
"5902","127","2025-01-05","40.00","140000","2026-09-08 18:29:42"
"5903","113","2025-01-05","4.00","8000","2026-09-08 18:29:42"
"5904","188","2025-02-05","1.00","2000","2026-09-08 18:29:42"
"5905","251","2025-02-05","1.00","1000","2026-09-08 18:29:42"
"5906","167","2025-02-05","1.00","1000","2026-09-08 18:29:42"
"5907","107","2025-02-05","1.00","1000","2026-09-08 18:29:42"
"5908","6","2025-02-05","40.00","140000","2026-09-08 18:29:42"
"5909","32","2025-02-05","4.00","4000","2026-09-08 18:29:42"
"5910","133","2025-02-05","50000.00","825000","2026-09-08 18:29:42"
"5911","129","2025-02-05","2.00","24000","2026-09-08 18:29:42"
"5912","266","2025-02-05","4.00","10000","2026-09-08 18:29:42"
"5913","239","2025-02-05","1.00","1000","2026-09-08 18:29:42"
"5914","136","2025-02-05","1.00","3000","2026-09-08 18:29:42"
"5915","127","2025-02-05","40.00","140000","2026-09-08 18:29:42"
"5916","144","2025-02-05","1.00","2000","2026-09-08 18:29:42"
"5917","197","2025-02-05","10.00","20000","2026-09-08 18:29:42"
"5918","43","2025-02-05","60000.00","930000","2026-09-08 18:29:42"
"5919","35","2025-02-05","10.00","25000","2026-09-08 18:29:42"
"5920","134","2025-02-05","1.00","6000","2026-09-08 18:29:42"
"5921","246","2025-02-05","10.00","10000","2026-09-08 18:29:42"
"5922","163","2025-03-05","2.00","5000","2026-09-08 18:29:42"
"5923","167","2025-03-05","5.00","5000","2026-09-08 18:29:42"
"5924","172","2025-03-05","1.00","37000","2026-09-08 18:29:42"
"5925","76","2025-03-05","4.00","2000","2026-09-08 18:29:42"
"5926","127","2025-03-05","20.00","70000","2026-09-08 18:29:42"
"5927","37","2025-03-05","1.00","1500","2026-09-08 18:29:42"
"5928","251","2025-03-05","1.00","1000","2026-09-08 18:29:42"
"5929","197","2025-03-05","1.00","2000","2026-09-08 18:29:42"
"5930","159","2025-03-05","20000.00","620000","2026-09-08 18:29:42"
"5931","272","2025-03-05","5.00","25000","2026-09-08 18:29:42"
"5932","70","2025-03-05","1.00","3500","2026-09-08 18:29:42"
"5933","236","2025-03-05","1.00","1000","2026-09-08 18:29:42"
"5934","252","2025-03-05","2.00","1000","2026-09-08 18:29:42"
"5935","144","2025-04-05","1.00","2000","2026-09-08 18:29:42"
"5936","167","2025-04-05","8.00","8000","2026-09-08 18:29:42"
"5937","166","2025-04-05","2.00","4000","2026-09-08 18:29:42"
"5938","201","2025-04-05","4.00","8000","2026-09-08 18:29:42"
"5939","97","2025-04-05","2.00","4000","2026-09-08 18:29:42"
"5940","197","2025-04-05","2.00","4000","2026-09-08 18:29:42"
"5941","188","2025-04-05","2.00","4000","2026-09-08 18:29:42"
"5942","13","2025-04-05","1.00","2000","2026-09-08 18:29:42"
"5943","111","2025-05-05","6.00","9000","2026-09-08 18:29:42"
"5944","166","2025-05-05","1.00","2000","2026-09-08 18:29:42"
"5945","197","2025-05-05","1.00","2000","2026-09-08 18:29:42"
"5946","188","2025-05-05","1.00","2000","2026-09-08 18:29:42"
"5947","13","2025-05-05","1.00","2000","2026-09-08 18:29:42"
"5948","73","2025-05-05","1.00","2000","2026-09-08 18:29:42"
"5949","11","2025-05-05","2500.00","85000","2026-09-08 18:29:42"
"5950","97","2025-05-05","3.00","6000","2026-09-08 18:29:42"
"5951","76","2025-05-05","8.00","4000","2026-09-08 18:29:42"
"5952","160","2025-05-05","1.00","6500","2026-09-08 18:29:42"
"5953","251","2025-05-05","1.00","1000","2026-09-08 18:29:42"
"5954","246","2025-05-05","10.00","10000","2026-09-08 18:29:42"
"5955","188","2025-06-05","1.00","2000","2026-09-08 18:29:42"
"5956","6","2025-06-05","40.00","140000","2026-09-08 18:29:42"
"5957","37","2025-06-05","10.00","15000","2026-09-08 18:29:42"
"5958","76","2025-06-05","1.00","500","2026-09-08 18:29:42"
"5959","230","2025-06-05","3.00","1500","2026-09-08 18:29:42"
"5960","159","2025-06-05","10000.00","310000","2026-09-08 18:29:42"
"5961","159","2025-06-05","5000.00","155000","2026-09-08 18:29:42"
"5962","236","2025-06-05","2.00","2000","2026-09-08 18:29:42"
"5963","239","2025-06-05","1.00","1000","2026-09-08 18:29:42"
"5964","153","2025-06-05","1.00","1000","2026-09-08 18:29:42"
"5965","246","2025-07-05","20.00","20000","2026-09-08 18:29:42"
"5966","144","2025-07-05","1.00","2000","2026-09-08 18:29:42"
"5967","6","2025-07-05","40.00","140000","2026-09-08 18:29:42"
"5968","159","2025-07-05","10000.00","310000","2026-09-08 18:29:42"
"5969","159","2025-08-05","5000.00","155000","2026-09-08 18:29:42"
"5970","76","2025-08-05","1.00","500","2026-09-08 18:29:42"
"5971","251","2025-08-05","1.00","1000","2026-09-08 18:29:42"
"5972","82","2025-08-05","3.00","6000","2026-09-08 18:29:42"
"5973","198","2025-08-05","1.00","8500","2026-09-08 18:29:42"
"5974","97","2025-08-05","1.00","2000","2026-09-08 18:29:42"
"5975","234","2025-08-05","1.00","1000","2026-09-08 18:29:42"
"5976","19","2025-08-05","8.00","4000","2026-09-08 18:29:42"
"5977","111","2025-08-05","6.00","9000","2026-09-08 18:29:42"
"5978","133","2025-09-05","10000.00","165000","2026-09-08 18:29:42"
"5979","246","2025-09-05","20.00","20000","2026-09-08 18:29:42"
"5980","70","2025-09-05","4.00","14000","2026-09-08 18:29:42"
"5981","104","2025-09-05","4.00","22000","2026-09-08 18:29:42"
"5982","97","2025-09-05","2.00","4000","2026-09-08 18:29:42"
"5983","230","2025-09-05","2.00","1000","2026-09-08 18:29:42"
"5984","201","2025-09-05","1.00","2000","2026-09-08 18:29:42"
"5985","144","2025-10-05","1.00","2000","2026-09-08 18:29:42"
"5986","68","2025-10-05","1.00","18000","2026-09-08 18:29:42"
"5987","167","2025-10-05","12.00","12000","2026-09-08 18:29:42"
"5988","142","2025-10-05","5.00","2500","2026-09-08 18:29:42"
"5989","107","2025-10-05","6.00","6000","2026-09-08 18:29:42"
"5990","121","2025-10-05","1.00","10000","2026-09-08 18:29:42"
"5991","181","2025-10-05","1.00","8000","2026-09-08 18:29:42"
"5992","28","2025-10-05","1.00","6000","2026-09-08 18:29:42"
"5993","122","2025-10-05","1.00","1000","2026-09-08 18:29:42"
"5994","197","2025-11-05","3.00","6000","2026-09-08 18:29:42"
"5995","251","2025-11-05","1.00","1000","2026-09-08 18:29:42"
"5996","220","2025-11-05","2.00","4000","2026-09-08 18:29:42"
"5997","282","2025-11-05","1.00","2000","2026-09-08 18:29:42"
"5998","182","2025-11-05","2.00","2000","2026-09-08 18:29:42"
"5999","73","2025-11-05","4.00","8000","2026-09-08 18:29:42"
"6000","8","2025-11-05","4.00","24000","2026-09-08 18:29:42"
"6001","5","2025-11-05","1.00","1000","2026-09-08 18:29:42"
"6002","252","2025-12-05","2.00","1000","2026-09-08 18:29:42"
"6003","50","2025-12-05","1.00","3000","2026-09-08 18:29:42"
"6004","246","2025-12-05","2.00","2000","2026-09-08 18:29:42"
"6005","166","2025-12-05","4.00","8000","2026-09-08 18:29:42"
"6006","7","2025-12-05","500.00","50000","2026-09-08 18:29:42"
"6007","85","2025-12-05","1.00","3500","2026-09-08 18:29:42"
"6008","241","2025-12-05","1.00","1500","2026-09-08 18:29:42"
"6009","8","2025-12-05","1.00","6000","2026-09-08 18:29:42"
"6010","197","2025-12-05","2.00","4000","2026-09-08 18:29:42"
"6011","144","2025-05-13","2.00","4000","2026-09-08 18:29:42"
"6012","111","2025-05-13","6.00","9000","2026-09-08 18:29:42"
"6013","234","2025-05-13","4.00","4000","2026-09-08 18:29:42"
"6014","279","2025-05-13","1.00","3500","2026-09-08 18:29:42"
"6015","159","2025-05-13","5000.00","155000","2026-09-08 18:29:42"
"6016","208","2025-05-13","1.00","1000","2026-09-08 18:29:42"
"6017","76","2025-05-13","6.00","3000","2026-09-08 18:29:42"
"6018","127","2025-05-13","40.00","140000","2026-09-08 18:29:42"
"6019","223","2025-05-14","7.00","3500","2026-09-08 18:29:42"
"6020","282","2025-05-14","1.00","2000","2026-09-08 18:29:42"
"6021","159","2025-05-14","5000.00","155000","2026-09-08 18:29:42"
"6022","49","2025-05-14","1.00","2000","2026-09-08 18:29:42"
"6023","234","2025-05-15","2.00","2000","2026-09-08 18:29:42"
"6024","159","2025-05-15","5000.00","155000","2026-09-08 18:29:42"
"6025","246","2025-05-15","2.00","2000","2026-09-08 18:29:42"
"6026","107","2025-05-15","2.00","2000","2026-09-08 18:29:42"
"6027","251","2025-05-15","2.00","2000","2026-09-08 18:29:42"
"6028","239","2025-05-15","2.00","2000","2026-09-08 18:29:42"
"6029","252","2025-05-15","6.00","3000","2026-09-08 18:29:42"
"6030","127","2025-05-16","30.00","105000","2026-09-08 18:29:42"
"6031","73","2025-05-16","1.00","2000","2026-09-08 18:29:42"
"6032","76","2025-05-16","14.00","7000","2026-09-08 18:29:42"
"6033","199","2025-05-16","3.00","3000","2026-09-08 18:29:42"
"6034","28","2025-05-16","2.00","12000","2026-09-08 18:29:42"
"6035","11","2025-05-16","2500.00","85000","2026-09-08 18:29:42"
"6036","99","2025-05-17","1.00","9000","2026-09-08 18:29:42"
"6037","198","2025-05-17","1.00","8500","2026-09-08 18:29:42"
"6038","70","2025-05-17","1.00","3500","2026-09-08 18:29:42"
"6039","194","2025-05-17","1.00","2000","2026-09-08 18:29:42"
"6040","73","2025-05-17","2.00","4000","2026-09-08 18:29:42"
"6041","142","2025-05-17","8.00","4000","2026-09-08 18:29:42"
"6042","230","2025-05-17","1.00","500","2026-09-08 18:29:42"
"6043","76","2025-05-18","3.00","1500","2026-09-08 18:29:42"
"6044","220","2025-05-18","1.00","2000","2026-09-08 18:29:42"
"6045","97","2025-05-18","1.00","2000","2026-09-08 18:29:42"
"6046","171","2025-05-18","2.00","2000","2026-09-08 18:29:42"
"6047","246","2025-05-18","10.00","10000","2026-09-08 18:29:42"
"6048","142","2025-05-19","4.00","2000","2026-09-08 18:29:42"
"6049","230","2025-05-19","4.00","2000","2026-09-08 18:29:42"
"6050","203","2025-05-19","2.00","4000","2026-09-08 18:29:42"
"6051","190","2025-05-19","10.00","430000","2026-09-08 18:29:42"
"6052","129","2025-05-19","1.00","12000","2026-09-08 18:29:42"
"6053","159","2025-05-19","10000.00","310000","2026-09-08 18:29:42"
"6054","159","2025-05-19","5000.00","155000","2026-09-08 18:29:42"
"6055","246","2025-05-19","10.00","10000","2026-09-08 18:29:42"
"6056","201","2025-05-19","1.00","2000","2026-09-08 18:29:42"
"6057","239","2025-05-19","1.00","1000","2026-09-08 18:29:42"
"6058","193","2025-05-19","2.00","1000","2026-09-08 18:29:42"
"6059","96","2025-05-19","2.00","1000","2026-09-08 18:29:42"
"6060","50","2025-05-20","1.00","3000","2026-09-08 18:29:42"
"6061","166","2025-05-20","1.00","2000","2026-09-08 18:29:42"
"6062","74","2025-05-20","2.00","4000","2026-09-08 18:29:42"
"6063","240","2025-05-20","1.00","10000","2026-09-08 18:29:42"
"6064","125","2025-05-21","2.00","6000","2026-09-08 18:29:42"
"6065","107","2025-05-21","1.00","1000","2026-09-08 18:29:42"
"6066","50","2025-05-21","1.00","3000","2026-09-08 18:29:42"
"6067","223","2025-05-21","4.00","2000","2026-09-08 18:29:42"
"6068","37","2025-05-21","3.00","4500","2026-09-08 18:29:42"
"6069","166","2025-05-21","10.00","20000","2026-09-08 18:29:42"
"6070","246","2025-05-21","2.00","2000","2026-09-08 18:29:42"
"6071","176","2025-05-21","3.00","6000","2026-09-08 18:29:42"
"6072","134","2025-05-21","1.00","6000","2026-09-08 18:29:42"
"6073","286","2025-05-21","1.00","5000","2026-09-08 18:29:42"
"6074","99","2025-05-22","1.00","9000","2026-09-08 18:29:42"
"6075","291","2025-05-22","1.00","1000","2026-09-08 18:29:42"
"6076","220","2025-05-22","1.00","2000","2026-09-08 18:29:42"
"6077","44","2025-05-22","1.00","1000","2026-09-08 18:29:42"
"6078","76","2025-05-22","3.00","1500","2026-09-08 18:29:42"
"6079","166","2025-05-22","6.00","12000","2026-09-08 18:29:42"
"6080","142","2025-05-22","1.00","500","2026-09-08 18:29:42"
"6081","6","2025-05-22","42.00","147000","2026-09-08 18:29:42"
"6082","127","2025-05-22","42.00","147000","2026-09-08 18:29:42"
"6083","159","2025-05-22","5000.00","160000","2026-09-08 18:29:42"
"6084","159","2025-05-22","10000.00","310000","2026-09-08 18:29:42"
"6085","74","2025-05-22","2.00","4000","2026-09-08 18:29:42"
"6086","230","2025-05-23","3.00","1500","2026-09-08 18:29:42"
"6087","76","2025-05-23","6.00","3000","2026-09-08 18:29:42"
"6088","167","2025-05-23","4.00","4000","2026-09-08 18:29:42"
"6089","281","2025-05-23","2.00","2000","2026-09-08 18:29:42"
"6090","107","2025-05-23","2.00","2000","2026-09-08 18:29:42"
"6091","129","2025-05-23","1.00","12000","2026-09-08 18:29:42"
"6092","166","2025-05-24","5.00","10000","2026-09-08 18:29:42"
"6093","188","2025-05-24","1.00","2000","2026-09-08 18:29:42"
"6094","141","2025-05-24","1.00","5000","2026-09-08 18:29:42"
"6095","240","2025-05-24","1.00","10000","2026-09-08 18:29:42"
"6096","12","2025-05-24","1.00","7000","2026-09-08 18:29:42"
"6097","197","2025-05-24","5.00","10000","2026-09-08 18:29:42"
"6098","35","2025-05-24","7.00","17500","2026-09-08 18:29:42"
"6099","193","2025-05-24","5.00","2500","2026-09-08 18:29:42"
"6100","223","2025-05-24","3.00","1500","2026-09-08 18:29:42"
"6101","282","2025-05-24","1.00","2000","2026-09-08 18:29:42"
"6102","185","2025-05-25","1000.00","60000","2026-09-08 18:29:42"
"6103","53","2025-05-25","1000.00","41000","2026-09-08 18:29:42"
"6104","159","2025-05-25","5000.00","155000","2026-09-08 18:29:42"
"6105","6","2025-05-25","42.00","147000","2026-09-08 18:29:42"
"6106","142","2025-05-25","9.00","4500","2026-09-08 18:29:42"
"6107","127","2025-05-25","43.00","150500","2026-09-08 18:29:42"
"6108","159","2025-05-26","20000.00","620000","2026-09-08 18:29:42"
"6109","159","2025-05-26","5000.00","155000","2026-09-08 18:29:42"
"6110","142","2025-05-26","4.00","2000","2026-09-08 18:29:42"
"6111","127","2025-05-26","42.00","147000","2026-09-08 18:29:42"
"6112","133","2025-05-26","10000.00","165000","2026-09-08 18:29:42"
"6113","57","2025-05-26","250.00","5000","2026-09-08 18:29:42"
"6114","43","2025-05-26","10000.00","145000","2026-09-08 18:29:42"
"6115","251","2025-05-26","3.00","3000","2026-09-08 18:29:42"
"6116","227","2025-05-26","1.00","6500","2026-09-08 18:29:42"
"6117","159","2025-05-26","20000.00","620000","2026-09-08 18:29:42"
"6118","166","2025-05-27","2.00","4000","2026-09-08 18:29:42"
"6119","76","2025-05-27","2.00","1000","2026-09-08 18:29:42"
"6120","142","2025-05-27","8.00","4000","2026-09-08 18:29:42"
"6121","104","2025-05-27","4.00","22000","2026-09-08 18:29:42"
"6122","56","2025-05-27","2.00","10000","2026-09-08 18:29:42"
"6123","251","2025-05-27","1.00","1000","2026-09-08 18:29:42"
"6124","37","2025-05-27","4.00","6000","2026-09-08 18:29:42"
"6125","291","2025-05-27","1.00","1000","2026-09-08 18:29:42"
"6126","76","2025-05-27","9.00","4500","2026-09-08 18:29:42"
"6127","127","2025-05-27","70.00","245000","2026-09-08 18:29:42"
"6128","159","2025-05-27","10000.00","310000","2026-09-08 18:29:42"
"6129","85","2025-05-28","1.00","3500","2026-09-08 18:29:42"
"6130","252","2025-05-28","1.00","500","2026-09-08 18:29:42"
"6131","159","2025-05-28","10000.00","310000","2026-09-08 18:29:42"
"6132","57","2025-05-28","250.00","5000","2026-09-08 18:29:42"
"6133","6","2025-05-28","30.00","105000","2026-09-08 18:29:42"
"6134","185","2025-05-28","250.00","15500","2026-09-08 18:29:42"
"6135","246","2025-05-28","1.00","1000","2026-09-08 18:29:42"
"6136","136","2025-05-29","1.00","3000","2026-09-08 18:29:42"
"6137","50","2025-05-29","1.00","3000","2026-09-08 18:29:42"
"6138","281","2025-05-29","2.00","2000","2026-09-08 18:29:42"
"6139","122","2025-05-29","1.00","1000","2026-09-08 18:29:42"
"6140","193","2025-05-29","1.00","500","2026-09-08 18:29:42"
"6141","127","2025-05-29","40.00","140000","2026-09-08 18:29:42"
"6142","251","2025-05-29","1.00","1000","2026-09-08 18:29:42"
"6143","142","2025-05-29","1.00","500","2026-09-08 18:29:42"
"6144","197","2025-05-29","1.00","2000","2026-09-08 18:29:42"
"6145","239","2025-05-29","1.00","1000","2026-09-08 18:29:42"
"6146","111","2025-05-29","6.00","9000","2026-09-08 18:29:42"
"6147","159","2025-05-30","5000.00","155000","2026-09-08 18:29:42"
"6148","159","2025-05-30","10000.00","310000","2026-09-08 18:29:42"
"6149","223","2025-05-30","1.00","500","2026-09-08 18:29:42"
"6150","282","2025-05-30","1.00","2000","2026-09-08 18:29:42"
"6151","142","2025-05-30","12.00","6000","2026-09-08 18:29:42"
"6152","197","2025-05-30","4.00","8000","2026-09-08 18:29:42"
"6153","166","2025-05-30","1.00","2000","2026-09-08 18:29:42"
"6154","104","2025-05-31","1.00","5500","2026-09-08 18:29:42"
"6155","50","2025-05-31","1.00","3000","2026-09-08 18:29:42"
"6156","234","2025-05-31","1.00","1000","2026-09-08 18:29:42"
"6157","153","2025-05-31","1.00","1000","2026-09-08 18:29:42"
"6158","246","2025-05-31","1.00","1000","2026-09-08 18:29:42"
"6159","246","2025-05-31","8.00","8000","2026-09-08 18:29:42"
"6160","82","2025-05-31","2.00","4000","2026-09-08 18:29:42"
"6161","142","2025-05-31","16.00","8000","2026-09-08 18:29:42"
"6162","76","2025-05-31","6.00","3000","2026-09-08 18:29:42"
"6163","74","2025-05-31","3.00","6000","2026-09-08 18:29:42"
"6164","166","2025-05-31","1.00","2000","2026-09-08 18:29:42"
"6165","97","2025-05-31","1.00","2000","2026-09-08 18:29:42"
"6166","220","2025-05-31","1.00","2000","2026-09-08 18:29:42"
"6167","167","2025-05-31","4.00","4000","2026-09-08 18:29:42"
"6168","159","2025-05-31","5000.00","155000","2026-09-08 18:29:42"
"6169","198","2025-05-31","1.00","8500","2026-09-08 18:29:42"
"6170","13","2025-05-31","1.00","2000","2026-09-08 18:29:42"
"6171","159","2025-01-06","10000.00","310000","2026-09-08 18:29:42"
"6172","76","2025-01-06","2.00","1000","2026-09-08 18:29:42"
"6173","142","2025-01-06","7.00","3500","2026-09-08 18:29:42"
"6174","251","2025-01-06","2.00","2000","2026-09-08 18:29:42"
"6175","167","2025-01-06","1.00","1000","2026-09-08 18:29:42"
"6176","198","2025-01-06","1.00","8500","2026-09-08 18:29:42"
"6177","70","2025-01-06","1.00","3500","2026-09-08 18:29:42"
"6178","5","2025-01-06","1.00","1000","2026-09-08 18:29:42"
"6179","246","2025-01-06","10.00","10000","2026-09-08 18:29:43"
"6180","154","2025-01-06","1.00","2000","2026-09-08 18:29:43"
"6181","107","2025-01-06","2.00","2000","2026-09-08 18:29:43"
"6182","220","2025-01-06","2.00","4000","2026-09-08 18:29:43"
"6183","97","2025-01-06","1.00","2000","2026-09-08 18:29:43"
"6184","197","2025-01-06","4.00","8000","2026-09-08 18:29:43"
"6185","133","2025-01-06","10000.00","165000","2026-09-08 18:29:43"
"6186","282","2025-01-06","1.00","2000","2026-09-08 18:29:43"
"6187","82","2025-02-06","1.00","2000","2026-09-08 18:29:43"
"6188","220","2025-02-06","1.00","2000","2026-09-08 18:29:43"
"6189","76","2025-02-06","1.00","500","2026-09-08 18:29:43"
"6190","142","2025-02-06","2.00","1000","2026-09-08 18:29:43"
"6191","6","2025-03-06","40.00","140000","2026-09-08 18:29:43"
"6192","127","2025-03-06","40.00","140000","2026-09-08 18:29:43"
"6193","159","2025-03-06","10000.00","310000","2026-09-08 18:29:43"
"6194","159","2025-03-06","10000.00","310000","2026-09-08 18:29:43"
"6195","159","2025-03-06","2500.00","80000","2026-09-08 18:29:43"
"6196","185","2025-03-06","250.00","15500","2026-09-08 18:29:43"
"6197","251","2025-03-06","2.00","2000","2026-09-08 18:29:43"
"6198","154","2025-03-06","2.00","4000","2026-09-08 18:29:43"
"6199","50","2025-03-06","1.00","3000","2026-09-08 18:29:43"
"6200","142","2025-03-06","1.00","500","2026-09-08 18:29:43"
"6201","208","2025-03-06","1.00","1000","2026-09-08 18:29:43"
"6202","176","2025-03-06","3.00","6000","2026-09-08 18:29:43"
"6203","133","2025-03-06","1000.00","16500","2026-09-08 18:29:43"
"6204","163","2025-03-06","3.00","7500","2026-09-08 18:29:43"
"6205","252","2025-04-06","10.00","5000","2026-09-08 18:29:43"
"6206","127","2025-04-06","40.00","140000","2026-09-08 18:29:43"
"6207","142","2025-04-06","4.00","2000","2026-09-08 18:29:43"
"6208","107","2025-04-06","4.00","4000","2026-09-08 18:29:43"
"6209","51","2025-04-06","1.00","7000","2026-09-08 18:29:43"
"6210","163","2025-04-06","2.00","5000","2026-09-08 18:29:43"
"6211","165","2025-04-06","1.00","1000","2026-09-08 18:29:43"
"6212","246","2025-04-06","1.00","1000","2026-09-08 18:29:43"
"6213","193","2025-04-06","3.00","1500","2026-09-08 18:29:43"
"6214","168","2025-04-06","10.00","15000","2026-09-08 18:29:43"
"6215","134","2025-04-06","1.00","6000","2026-09-08 18:29:43"
"6216","220","2025-05-06","1.00","2000","2026-09-08 18:29:43"
"6217","167","2025-05-06","1.00","1000","2026-09-08 18:29:43"
"6218","142","2025-05-06","10.00","5000","2026-09-08 18:29:43"
"6219","144","2025-05-06","1.00","2000","2026-09-08 18:29:43"
"6220","6","2025-05-06","43.00","150500","2026-09-08 18:29:43"
"6221","127","2025-05-06","47.00","164500","2026-09-08 18:29:43"
"6222","136","2025-05-06","2.00","6000","2026-09-08 18:29:43"
"6223","197","2025-05-06","1.00","2000","2026-09-08 18:29:43"
"6224","97","2025-06-06","2.00","4000","2026-09-08 18:29:43"
"6225","76","2025-06-06","5.00","2500","2026-09-08 18:29:43"
"6226","165","2025-06-06","3.00","3000","2026-09-08 18:29:43"
"6227","122","2025-06-06","3.00","3000","2026-09-08 18:29:43"
"6228","279","2025-06-06","1.00","3500","2026-09-08 18:29:43"
"6229","159","2025-06-06","5000.00","160000","2026-09-08 18:29:43"
"6230","176","2025-06-06","1.00","2000","2026-09-08 18:29:43"
"6231","43","2025-06-06","10000.00","145000","2026-09-08 18:29:43"
"6232","86","2025-07-06","1000.00","50000","2026-09-08 18:29:43"
"6233","86","2025-07-06","250.00","13000","2026-09-08 18:29:43"
"6234","142","2025-07-06","8.00","4000","2026-09-08 18:29:43"
"6235","50","2025-07-06","1.00","3000","2026-09-08 18:29:43"
"6236","166","2025-07-06","2.00","4000","2026-09-08 18:29:43"
"6237","74","2025-07-06","2.00","4000","2026-09-08 18:29:43"
"6238","223","2025-07-06","1.00","500","2026-09-08 18:29:43"
"6239","127","2025-07-06","50.00","175000","2026-09-08 18:29:43"
"6240","43","2025-08-06","10000.00","145000","2026-09-08 18:29:43"
"6241","133","2025-08-06","10000.00","165000","2026-09-08 18:29:43"
"6242","193","2025-08-06","4.00","2000","2026-09-08 18:29:43"
"6243","82","2025-08-06","2.00","4000","2026-09-08 18:29:43"
"6244","241","2025-08-06","3.00","4500","2026-09-08 18:29:43"
"6245","11","2025-08-06","2500.00","85000","2026-09-08 18:29:43"
"6246","159","2025-08-06","10000.00","310000","2026-09-08 18:29:43"
"6247","159","2025-08-06","10000.00","310000","2026-09-08 18:29:43"
"6248","142","2025-08-06","4.00","2000","2026-09-08 18:29:43"
"6249","251","2025-08-06","2.00","2000","2026-09-08 18:29:43"
"6250","107","2025-08-06","2.00","2000","2026-09-08 18:29:43"
"6251","133","2025-08-06","60000.00","990000","2026-09-08 18:29:43"
"6252","159","2025-09-06","10000.00","310000","2026-09-08 18:29:43"
"6253","127","2025-09-06","43.00","150500","2026-09-08 18:29:43"
"6254","6","2025-09-06","50.00","175000","2026-09-08 18:29:43"
"6255","35","2025-09-06","2.00","5000","2026-09-08 18:29:43"
"6256","193","2025-09-06","5.00","2500","2026-09-08 18:29:43"
"6257","142","2025-09-06","6.00","3000","2026-09-08 18:29:43"
"6258","104","2025-09-06","1.00","5500","2026-09-08 18:29:43"
"6259","198","2025-09-06","1.00","8500","2026-09-08 18:29:43"
"6260","166","2025-09-06","1.00","2000","2026-09-08 18:29:43"
"6261","82","2025-09-06","1.00","2000","2026-09-08 18:29:43"
"6262","144","2025-09-06","1.00","2000","2026-09-08 18:29:43"
"6263","13","2025-09-06","1.00","2000","2026-09-08 18:29:43"
"6264","43","2025-09-06","20000.00","290000","2026-09-08 18:29:43"
"6265","159","2025-10-06","5000.00","155000","2026-09-08 18:29:43"
"6266","190","2025-10-06","10.00","430000","2026-09-08 18:29:43"
"6267","35","2025-10-06","1.00","2500","2026-09-08 18:29:43"
"6268","239","2025-10-06","1.00","1000","2026-09-08 18:29:43"
"6269","142","2025-10-06","5.00","2500","2026-09-08 18:29:43"
"6270","97","2025-10-06","2.00","4000","2026-09-08 18:29:43"
"6271","165","2025-10-06","1.00","1000","2026-09-08 18:29:43"
"6272","116","2025-10-06","2.00","2000","2026-09-08 18:29:43"
"6273","76","2025-10-06","2.00","1000","2026-09-08 18:29:43"
"6274","11","2025-10-06","2500.00","85000","2026-09-08 18:29:43"
"6275","246","2025-10-06","10.00","10000","2026-09-08 18:29:43"
"6276","43","2025-10-06","30000.00","435000","2026-09-08 18:29:43"
"6277","203","2025-11-06","1.00","2000","2026-09-08 18:29:43"
"6278","76","2025-11-06","2.00","1000","2026-09-08 18:29:43"
"6279","282","2025-11-06","2.00","4000","2026-09-08 18:29:43"
"6280","197","2025-11-06","1.00","2000","2026-09-08 18:29:43"
"6281","50","2025-11-06","1.00","3000","2026-09-08 18:29:43"
"6282","272","2025-11-06","1.00","5000","2026-09-08 18:29:43"
"6283","159","2025-11-06","5000.00","155000","2026-09-08 18:29:43"
"6284","266","2025-11-06","1.00","2500","2026-09-08 18:29:43"
"6285","127","2025-12-06","43.00","150500","2026-09-08 18:29:43"
"6286","107","2025-12-06","2.00","2000","2026-09-08 18:29:43"
"6287","203","2025-12-06","1.00","2000","2026-09-08 18:29:43"
"6288","116","2025-12-06","1.00","1000","2026-09-08 18:29:43"
"6289","76","2025-12-06","4.00","2000","2026-09-08 18:29:43"
"6290","97","2025-12-06","3.00","6000","2026-09-08 18:29:43"
"6291","166","2025-12-06","3.00","6000","2026-09-08 18:29:43"
"6292","220","2025-12-06","1.00","2000","2026-09-08 18:29:43"
"6293","159","2025-12-06","10000.00","310000","2026-09-08 18:29:43"
"6294","252","2025-12-06","4.00","2000","2026-09-08 18:29:43"
"6295","239","2025-12-06","1.00","1000","2026-09-08 18:29:43"
"6296","198","2025-06-13","1.00","8500","2026-09-08 18:29:43"
"6297","44","2025-06-13","2.00","2000","2026-09-08 18:29:43"
"6298","111","2025-06-13","6.00","9000","2026-09-08 18:29:43"
"6299","252","2025-06-13","1.00","500","2026-09-08 18:29:43"
"6300","104","2025-06-13","1.00","5500","2026-09-08 18:29:43"
"6301","243","2025-06-13","1.00","6000","2026-09-08 18:29:43"
"6302","98","2025-06-13","1.00","5000","2026-09-08 18:29:43"
"6303","246","2025-06-13","10.00","10000","2026-09-08 18:29:43"
"6304","6","2025-06-13","40.00","140000","2026-09-08 18:29:43"
"6305","142","2025-06-13","4.00","2000","2026-09-08 18:29:43"
"6306","167","2025-06-13","1.00","1000","2026-09-08 18:29:43"
"6307","291","2025-06-13","1.00","1000","2026-09-08 18:29:43"
"6308","166","2025-06-13","1.00","2000","2026-09-08 18:29:43"
"6309","96","2025-06-13","1.00","500","2026-09-08 18:29:43"
"6310","76","2025-06-13","1.00","500","2026-09-08 18:29:43"
"6311","127","2025-06-13","42.00","147000","2026-09-08 18:29:43"
"6312","107","2025-06-13","2.00","2000","2026-09-08 18:29:43"
"6313","165","2025-06-13","1.00","1000","2026-09-08 18:29:43"
"6314","239","2025-06-14","1.00","1000","2026-09-08 18:29:43"
"6315","223","2025-06-14","2.00","1000","2026-09-08 18:29:43"
"6316","159","2025-06-14","5000.00","155000","2026-09-08 18:29:43"
"6317","62","2025-06-14","1.00","2000","2026-09-08 18:29:43"
"6318","203","2025-06-14","2.00","4000","2026-09-08 18:29:43"
"6319","251","2025-06-14","1.00","1000","2026-09-08 18:29:43"
"6320","13","2025-06-14","1.00","2000","2026-09-08 18:29:43"
"6321","76","2025-06-14","2.00","1000","2026-09-08 18:29:43"
"6322","43","2025-06-14","20000.00","290000","2026-09-08 18:29:43"
"6323","17","2025-06-15","20.00","40000","2026-09-08 18:29:43"
"6324","43","2025-06-15","20000.00","290000","2026-09-08 18:29:43"
"6325","133","2025-06-15","10000.00","165000","2026-09-08 18:29:43"
"6326","159","2025-06-15","2500.00","80000","2026-09-08 18:29:43"
"6327","11","2025-06-15","2500.00","85000","2026-09-08 18:29:43"
"6328","76","2025-06-15","6.00","3000","2026-09-08 18:29:43"
"6329","203","2025-06-16","1.00","2000","2026-09-08 18:29:43"
"6330","220","2025-06-16","4.00","8000","2026-09-08 18:29:43"
"6331","97","2025-06-16","2.00","4000","2026-09-08 18:29:43"
"6332","154","2025-06-16","2.00","4000","2026-09-08 18:29:43"
"6333","17","2025-06-17","2.00","4000","2026-09-08 18:29:43"
"6334","173","2025-06-17","1.00","2000","2026-09-08 18:29:43"
"6335","251","2025-06-17","1.00","1000","2026-09-08 18:29:43"
"6336","129","2025-06-17","1.00","12000","2026-09-08 18:29:43"
"6337","133","2025-06-17","10000.00","165000","2026-09-08 18:29:43"
"6338","184","2025-06-17","1.00","6000","2026-09-08 18:29:43"
"6339","198","2025-06-17","1.00","8500","2026-09-08 18:29:43"
"6340","7","2025-06-17","250.00","25000","2026-09-08 18:29:43"
"6341","114","2025-06-17","2.00","2000","2026-09-08 18:29:43"
"6342","136","2025-06-17","1.00","3000","2026-09-08 18:29:43"
"6343","159","2025-06-18","10000.00","310000","2026-09-08 18:29:43"
"6344","159","2025-06-18","5000.00","155000","2026-09-08 18:29:43"
"6345","97","2025-06-18","3.00","6000","2026-09-08 18:29:43"
"6346","143","2025-06-18","2.00","23000","2026-09-08 18:29:43"
"6347","127","2025-06-18","2.00","7000","2026-09-08 18:29:43"
"6348","6","2025-06-18","1.00","3500","2026-09-08 18:29:43"
"6349","220","2025-06-18","1.00","2000","2026-09-08 18:29:43"
"6350","17","2025-06-18","2.00","4000","2026-09-08 18:29:43"
"6351","165","2025-06-18","2.00","2000","2026-09-08 18:29:43"
"6352","19","2025-06-18","4.00","2000","2026-09-08 18:29:43"
"6353","184","2025-06-18","1.00","6000","2026-09-08 18:29:43"
"6354","243","2025-06-18","1.00","6000","2026-09-08 18:29:43"
"6355","43","2025-06-19","20000.00","290000","2026-09-08 18:29:43"
"6356","11","2025-06-19","2500.00","85000","2026-09-08 18:29:43"
"6357","5","2025-06-19","1.00","1000","2026-09-08 18:29:43"
"6358","239","2025-06-19","1.00","1000","2026-09-08 18:29:43"
"6359","70","2025-06-19","2.00","7000","2026-09-08 18:29:43"
"6360","173","2025-06-19","4.00","8000","2026-09-08 18:29:43"
"6361","183","2025-06-19","4.00","2000","2026-09-08 18:29:43"
"6362","163","2025-06-19","3.00","7500","2026-09-08 18:29:43"
"6363","176","2025-06-19","3.00","6000","2026-09-08 18:29:43"
"6364","282","2025-06-20","1.00","2000","2026-09-08 18:29:43"
"6365","173","2025-06-20","2.00","4000","2026-09-08 18:29:43"
"6366","122","2025-06-20","1.00","1000","2026-09-08 18:29:43"
"6367","220","2025-06-20","1.00","2000","2026-09-08 18:29:43"
"6368","142","2025-06-20","2.00","1000","2026-09-08 18:29:43"
"6369","154","2025-06-20","1.00","2000","2026-09-08 18:29:43"
"6370","85","2025-06-20","2.00","7000","2026-09-08 18:29:43"
"6371","159","2025-06-20","5000.00","155000","2026-09-08 18:29:43"
"6372","251","2025-06-20","1.00","1000","2026-09-08 18:29:43"
"6373","17","2025-06-20","4.00","8000","2026-09-08 18:29:43"
"6374","143","2025-06-20","1.00","11500","2026-09-08 18:29:43"
"6375","133","2025-06-20","5000.00","85000","2026-09-08 18:29:43"
"6376","246","2025-06-20","10.00","10000","2026-09-08 18:29:43"
"6377","246","2025-06-20","1.00","1000","2026-09-08 18:29:43"
"6378","166","2025-06-20","3.00","6000","2026-09-08 18:29:43"
"6379","43","2025-06-20","20000.00","290000","2026-09-08 18:29:43"
"6380","239","2025-06-20","1.00","1000","2026-09-08 18:29:43"
"6381","5","2025-06-20","1.00","1000","2026-09-08 18:29:43"
"6382","68","2025-06-21","1.00","18000","2026-09-08 18:29:43"
"6383","64","2025-06-21","250.00","7500","2026-09-08 18:29:43"
"6384","43","2025-06-21","10000.00","145000","2026-09-08 18:29:43"
"6385","133","2025-06-21","10000.00","165000","2026-09-08 18:29:43"
"6386","250","2025-06-21","1.00","30000","2026-09-08 18:29:43"
"6387","76","2025-06-21","2.00","1000","2026-09-08 18:29:43"
"6388","96","2025-06-21","3.00","1500","2026-09-08 18:29:43"
"6389","203","2025-06-21","1.00","2000","2026-09-08 18:29:43"
"6390","122","2025-06-21","1.00","1000","2026-09-08 18:29:43"
"6391","163","2025-06-21","2.00","5000","2026-09-08 18:29:43"
"6392","74","2025-06-21","1.00","2000","2026-09-08 18:29:43"
"6393","220","2025-06-21","1.00","2000","2026-09-08 18:29:43"
"6394","234","2025-06-21","2.00","2000","2026-09-08 18:29:43"
"6395","116","2025-06-21","1.00","1000","2026-09-08 18:29:43"
"6396","239","2025-06-21","1.00","1000","2026-09-08 18:29:43"
"6397","223","2025-06-21","2.00","1000","2026-09-08 18:29:43"
"6398","165","2025-06-21","1.00","1000","2026-09-08 18:29:43"
"6399","104","2025-06-22","1.00","5500","2026-09-08 18:29:43"
"6400","208","2025-06-22","1.00","1000","2026-09-08 18:29:43"
"6401","142","2025-06-22","5.00","2500","2026-09-08 18:29:43"
"6402","198","2025-06-22","1.00","8500","2026-09-08 18:29:43"
"6403","199","2025-06-22","2.00","2000","2026-09-08 18:29:43"
"6404","133","2025-06-23","10000.00","165000","2026-09-08 18:29:43"
"6405","82","2025-06-23","2.00","4000","2026-09-08 18:29:43"
"6406","246","2025-06-23","6.00","6000","2026-09-08 18:29:43"
"6407","198","2025-06-23","1.00","8500","2026-09-08 18:29:43"
"6408","260","2025-06-23","1.00","7500","2026-09-08 18:29:43"
"6409","111","2025-06-23","6.00","9000","2026-09-08 18:29:43"
"6410","127","2025-06-23","1.00","3500","2026-09-08 18:29:43"
"6411","220","2025-06-23","1.00","2000","2026-09-08 18:29:43"
"6412","251","2025-06-23","1.00","1000","2026-09-08 18:29:43"
"6413","57","2025-06-24","250.00","5000","2026-09-08 18:29:43"
"6414","203","2025-06-24","1.00","2000","2026-09-08 18:29:43"
"6415","159","2025-06-24","2500.00","80000","2026-09-08 18:29:43"
"6416","159","2025-06-24","10000.00","310000","2026-09-08 18:29:43"
"6417","167","2025-06-24","1.00","1000","2026-09-08 18:29:43"
"6418","43","2025-06-24","20000.00","290000","2026-09-08 18:29:43"
"6419","142","2025-06-24","3.00","1500","2026-09-08 18:29:43"
"6420","208","2025-06-24","1.00","1000","2026-09-08 18:29:43"
"6421","17","2025-06-24","1.00","2000","2026-09-08 18:29:43"
"6422","142","2025-06-24","2.00","1000","2026-09-08 18:29:43"
"6423","116","2025-06-24","2.00","2000","2026-09-08 18:29:43"
"6424","220","2025-06-24","1.00","2000","2026-09-08 18:29:43"
"6425","154","2025-06-24","1.00","2000","2026-09-08 18:29:43"
"6426","251","2025-06-24","6.00","6000","2026-09-08 18:29:43"
"6427","173","2025-06-24","1.00","2000","2026-09-08 18:29:43"
"6428","201","2025-06-24","1.00","2000","2026-09-08 18:29:43"
"6429","166","2025-06-24","2.00","4000","2026-09-08 18:29:43"
"6430","246","2025-06-24","10.00","10000","2026-09-08 18:29:43"
"6431","64","2025-06-24","250.00","7500","2026-09-08 18:29:43"
"6432","97","2025-06-24","2.00","4000","2026-09-08 18:29:43"
"6433","173","2025-06-25","7.00","14000","2026-09-08 18:29:43"
"6434","129","2025-06-25","1.00","12000","2026-09-08 18:29:43"
"6435","220","2025-06-25","3.00","6000","2026-09-08 18:29:43"
"6436","97","2025-06-25","1.00","2000","2026-09-08 18:29:43"
"6437","76","2025-06-25","6.00","3000","2026-09-08 18:29:43"
"6438","142","2025-06-25","3.00","1500","2026-09-08 18:29:43"
"6439","122","2025-06-25","1.00","1000","2026-09-08 18:29:43"
"6440","50","2025-06-25","1.00","3000","2026-09-08 18:29:43"
"6441","223","2025-06-25","4.00","2000","2026-09-08 18:29:43"
"6442","166","2025-06-25","3.00","6000","2026-09-08 18:29:43"
"6443","251","2025-06-25","2.00","2000","2026-09-08 18:29:43"
"6444","159","2025-06-25","5000.00","155000","2026-09-08 18:29:43"
"6445","35","2025-06-25","2.00","5000","2026-09-08 18:29:43"
"6446","197","2025-06-25","5.00","10000","2026-09-08 18:29:43"
"6447","127","2025-06-25","2.00","7000","2026-09-08 18:29:43"
"6448","6","2025-06-25","1.00","3500","2026-09-08 18:29:43"
"6449","33","2025-06-25","1.00","12000","2026-09-08 18:29:43"
"6450","43","2025-06-26","20000.00","290000","2026-09-08 18:29:43"
"6451","19","2025-06-26","1.00","500","2026-09-08 18:29:43"
"6452","275","2025-06-26","2.00","2000","2026-09-08 18:29:43"
"6453","166","2025-06-26","2.00","4000","2026-09-08 18:29:43"
"6454","167","2025-06-26","1.00","1000","2026-09-08 18:29:43"
"6455","159","2025-06-26","10000.00","310000","2026-09-08 18:29:43"
"6456","282","2025-06-26","2.00","4000","2026-09-08 18:29:43"
"6457","272","2025-06-26","1.00","5000","2026-09-08 18:29:43"
"6458","181","2025-06-26","1.00","8000","2026-09-08 18:29:43"
"6459","35","2025-06-26","1.00","2500","2026-09-08 18:29:43"
"6460","144","2025-06-26","2.00","4000","2026-09-08 18:29:43"
"6461","239","2025-06-26","3.00","3000","2026-09-08 18:29:43"
"6462","136","2025-06-26","1.00","3000","2026-09-08 18:29:43"
"6463","17","2025-06-26","1.00","2000","2026-09-08 18:29:43"
"6464","166","2025-06-26","1.00","2000","2026-09-08 18:29:43"
"6465","188","2025-06-26","2.00","4000","2026-09-08 18:29:43"
"6466","127","2025-06-26","1.00","3500","2026-09-08 18:29:43"
"6467","142","2025-06-27","8.00","4000","2026-09-08 18:29:43"
"6468","166","2025-06-27","1.00","2000","2026-09-08 18:29:43"
"6469","107","2025-06-27","4.00","4000","2026-09-08 18:29:43"
"6470","165","2025-06-27","2.00","2000","2026-09-08 18:29:43"
"6471","163","2025-06-27","1.00","2500","2026-09-08 18:29:43"
"6472","104","2025-06-27","1.00","5500","2026-09-08 18:29:43"
"6473","167","2025-06-27","4.00","4000","2026-09-08 18:29:43"
"6474","76","2025-06-27","2.00","1000","2026-09-08 18:29:43"
"6475","133","2025-06-27","40000.00","660000","2026-09-08 18:29:43"
"6476","196","2025-06-27","1.00","9000","2026-09-08 18:29:43"
"6477","246","2025-06-27","2.00","2000","2026-09-08 18:29:43"
"6478","8","2025-06-27","1.00","6000","2026-09-08 18:29:43"
"6479","21","2025-06-27","1.00","7000","2026-09-08 18:29:43"
"6480","86","2025-06-27","500.00","25000","2026-09-08 18:29:43"
"6481","274","2025-06-28","1.00","2000","2026-09-08 18:29:43"
"6482","142","2025-06-28","3.00","1500","2026-09-08 18:29:43"
"6483","291","2025-06-28","1.00","1000","2026-09-08 18:29:43"
"6484","165","2025-06-28","1.00","1000","2026-09-08 18:29:43"
"6485","96","2025-06-28","1.00","500","2026-09-08 18:29:43"
"6486","220","2025-06-28","2.00","4000","2026-09-08 18:29:43"
"6487","154","2025-06-28","1.00","2000","2026-09-08 18:29:43"
"6488","97","2025-06-28","4.00","8000","2026-09-08 18:29:43"
"6489","69","2025-06-28","5.00","10000","2026-09-08 18:29:43"
"6490","8","2025-06-28","1.00","6000","2026-09-08 18:29:43"
"6491","35","2025-06-28","2.00","5000","2026-09-08 18:29:43"
"6492","246","2025-06-29","20.00","20000","2026-09-08 18:29:43"
"6493","163","2025-06-29","1.00","2500","2026-09-08 18:29:43"
"6494","235","2025-06-29","2.00","80000","2026-09-08 18:29:43"
"6495","7","2025-06-29","250.00","25000","2026-09-08 18:29:43"
"6496","142","2025-06-29","6.00","3000","2026-09-08 18:29:43"
"6497","165","2025-06-29","1.00","1000","2026-09-08 18:29:43"
"6498","220","2025-06-29","1.00","2000","2026-09-08 18:29:43"
"6499","166","2025-06-29","3.00","6000","2026-09-08 18:29:43"
"6500","93","2025-06-29","2.00","26000","2026-09-08 18:29:43"
"6501","246","2025-06-29","2.00","2000","2026-09-08 18:29:43"
"6502","97","2025-06-29","1.00","2000","2026-09-08 18:29:43"
"6503","127","2025-06-30","1.00","3500","2026-09-08 18:29:43"
"6504","6","2025-06-30","5.00","17500","2026-09-08 18:29:43"
"6505","197","2025-06-30","5.00","10000","2026-09-08 18:29:43"
"6506","246","2025-06-30","2.00","2000","2026-09-08 18:29:43"
"6507","159","2025-06-30","10000.00","310000","2026-09-08 18:29:43"
"6508","5","2025-06-30","3.00","3000","2026-09-08 18:29:43"
"6509","118","2025-06-30","1.00","1000","2026-09-08 18:29:43"
"6510","142","2025-06-30","3.00","1500","2026-09-08 18:29:43"
"6511","183","2025-06-30","4.00","2000","2026-09-08 18:29:43"
"6512","96","2025-06-30","1.00","500","2026-09-08 18:29:43"
"6513","220","2025-06-30","1.00","2000","2026-09-08 18:29:43"
"6514","166","2025-06-30","1.00","2000","2026-09-08 18:29:43"
"6515","246","2025-06-30","10.00","10000","2026-09-08 18:29:43"
"6516","220","2025-01-07","1.00","2000","2026-09-08 18:29:43"
"6517","159","2025-01-07","5000.00","155000","2026-09-08 18:29:43"
"6518","239","2025-01-07","1.00","1000","2026-09-08 18:29:43"
"6519","223","2025-01-07","1.00","500","2026-09-08 18:29:43"
"6520","35","2025-01-07","2.00","5000","2026-09-08 18:29:43"
"6521","136","2025-01-07","1.00","3000","2026-09-08 18:29:43"
"6522","197","2025-01-07","1.00","2000","2026-09-08 18:29:43"
"6523","199","2025-02-07","2.00","2000","2026-09-08 18:29:43"
"6524","181","2025-02-07","1.00","8000","2026-09-08 18:29:43"
"6525","142","2025-02-07","4.00","2000","2026-09-08 18:29:43"
"6526","166","2025-02-07","4.00","8000","2026-09-08 18:29:43"
"6527","99","2025-02-07","1.00","9000","2026-09-08 18:29:43"
"6528","165","2025-02-07","2.00","2000","2026-09-08 18:29:43"
"6529","142","2025-03-07","4.00","2000","2026-09-08 18:29:43"
"6530","198","2025-03-07","1.00","8500","2026-09-08 18:29:43"
"6531","165","2025-03-07","4.00","4000","2026-09-08 18:29:43"
"6532","291","2025-03-07","1.00","1000","2026-09-08 18:29:43"
"6533","173","2025-03-07","1.00","2000","2026-09-08 18:29:43"
"6534","96","2025-03-07","2.00","1000","2026-09-08 18:29:43"
"6535","159","2025-03-07","5000.00","155000","2026-09-08 18:29:43"
"6536","111","2025-04-07","6.00","9000","2026-09-08 18:29:43"
"6537","97","2025-04-07","1.00","2000","2026-09-08 18:29:43"
"6538","246","2025-04-07","1.00","1000","2026-09-08 18:29:43"
"6539","159","2025-04-07","10000.00","310000","2026-09-08 18:29:43"
"6540","220","2025-04-07","4.00","8000","2026-09-08 18:29:43"
"6541","76","2025-04-07","4.00","2000","2026-09-08 18:29:43"
"6542","142","2025-04-07","4.00","2000","2026-09-08 18:29:43"
"6543","127","2025-05-07","2.00","7000","2026-09-08 18:29:43"
"6544","256","2025-05-07","1.00","10000","2026-09-08 18:29:43"
"6545","184","2025-05-07","1.00","6000","2026-09-08 18:29:43"
"6546","196","2025-05-07","1.00","9000","2026-09-08 18:29:43"
"6547","225","2025-05-07","1.00","21000","2026-09-08 18:29:43"
"6548","93","2025-05-07","1.00","13000","2026-09-08 18:29:43"
"6549","6","2025-05-07","1.00","3500","2026-09-08 18:29:43"
"6550","274","2025-06-07","1.00","2000","2026-09-08 18:29:43"
"6551","154","2025-06-07","1.00","2000","2026-09-08 18:29:43"
"6552","251","2025-06-07","1.00","1000","2026-09-08 18:29:43"
"6553","107","2025-06-07","2.00","2000","2026-09-08 18:29:43"
"6554","76","2025-06-07","2.00","1000","2026-09-08 18:29:43"
"6555","127","2025-06-07","1.00","3500","2026-09-08 18:29:43"
"6556","197","2025-06-07","3.00","6000","2026-09-08 18:29:43"
"6557","136","2025-06-07","1.00","3000","2026-09-08 18:29:43"
"6558","246","2025-06-07","1.00","1000","2026-09-08 18:29:43"
"6559","133","2025-07-07","1000.00","16500","2026-09-08 18:29:43"
"6560","127","2025-07-07","3.00","10500","2026-09-08 18:29:43"
"6561","282","2025-07-07","2.00","4000","2026-09-08 18:29:43"
"6562","198","2025-07-07","1.00","8500","2026-09-08 18:29:43"
"6563","6","2025-07-07","2.00","7000","2026-09-08 18:29:43"
"6564","165","2025-07-07","2.00","2000","2026-09-08 18:29:43"
"6565","239","2025-07-07","1.00","1000","2026-09-08 18:29:43"
"6566","153","2025-07-07","1.00","1000","2026-09-08 18:29:43"
"6567","121","2025-07-07","1.00","10000","2026-09-08 18:29:43"
"6568","246","2025-07-07","20.00","20000","2026-09-08 18:29:43"
"6569","166","2025-08-07","5.00","10000","2026-09-08 18:29:43"
"6570","198","2025-08-07","1.00","8500","2026-09-08 18:29:43"
"6571","39","2025-08-07","2.00","7000","2026-09-08 18:29:43"
"6572","159","2025-08-07","5000.00","155000","2026-09-08 18:29:43"
"6573","57","2025-08-07","250.00","5000","2026-09-08 18:29:43"
"6574","152","2025-08-07","1.00","5000","2026-09-08 18:29:43"
"6575","203","2025-08-07","2.00","4000","2026-09-08 18:29:43"
"6576","196","2025-08-07","2.00","18000","2026-09-08 18:29:43"
"6577","43","2025-08-07","20000.00","290000","2026-09-08 18:29:43"
"6578","282","2025-08-07","2.00","4000","2026-09-08 18:29:43"
"6579","154","2025-08-07","2.00","4000","2026-09-08 18:29:43"
"6580","183","2025-08-07","1.00","500","2026-09-08 18:29:43"
"6581","127","2025-08-07","2.00","7000","2026-09-08 18:29:43"
"6582","159","2025-09-07","1000.00","31000","2026-09-08 18:29:43"
"6583","143","2025-09-07","1.00","11500","2026-09-08 18:29:43"
"6584","183","2025-09-07","4.00","2000","2026-09-08 18:29:43"
"6585","76","2025-09-07","6.00","3000","2026-09-08 18:29:43"
"6586","234","2025-09-07","2.00","2000","2026-09-08 18:29:43"
"6587","2","2025-09-07","2.00","1000","2026-09-08 18:29:43"
"6588","5","2025-09-07","1.00","1000","2026-09-08 18:29:43"
"6589","252","2025-09-07","1.00","500","2026-09-08 18:29:43"
"6590","154","2025-09-07","2.00","4000","2026-09-08 18:29:43"
"6591","43","2025-09-07","2000.00","29000","2026-09-08 18:29:43"
"6592","82","2025-09-07","2.00","4000","2026-09-08 18:29:43"
"6593","37","2025-09-07","1.00","1500","2026-09-08 18:29:43"
"6594","163","2025-09-07","3.00","7500","2026-09-08 18:29:43"
"6595","11","2025-09-07","250.00","8500","2026-09-08 18:29:43"
"6596","159","2025-10-07","500.00","15500","2026-09-08 18:29:43"
"6597","159","2025-10-07","1000.00","31000","2026-09-08 18:29:43"
"6598","207","2025-10-07","6.00","3000","2026-09-08 18:29:43"
"6599","183","2025-10-07","4.00","2000","2026-09-08 18:29:43"
"6600","154","2025-10-07","2.00","4000","2026-09-08 18:29:43"
"6601","203","2025-10-07","2.00","4000","2026-09-08 18:29:43"
"6602","107","2025-10-07","2.00","2000","2026-09-08 18:29:43"
"6603","50","2025-10-07","3.00","9000","2026-09-08 18:29:43"
"6604","291","2025-10-07","1.00","1000","2026-09-08 18:29:43"
"6605","202","2025-11-07","1.00","22000","2026-09-08 18:29:43"
"6606","43","2025-11-07","12000.00","174000","2026-09-08 18:29:43"
"6607","6","2025-11-07","1.00","3500","2026-09-08 18:29:43"
"6608","251","2025-11-07","1.00","1000","2026-09-08 18:29:43"
"6609","27","2025-11-07","1.00","3000","2026-09-08 18:29:43"
"6610","5","2025-11-07","1.00","1000","2026-09-08 18:29:43"
"6611","239","2025-11-07","1.00","1000","2026-09-08 18:29:43"
"6612","223","2025-11-07","1.00","500","2026-09-08 18:29:43"
"6613","136","2025-11-07","1.00","3000","2026-09-08 18:29:43"
"6614","220","2025-11-07","2.00","4000","2026-09-08 18:29:43"
"6615","165","2025-11-07","1.00","1000","2026-09-08 18:29:43"
"6616","159","2025-11-07","1000.00","31000","2026-09-08 18:29:43"
"6617","76","2025-11-07","2.00","1000","2026-09-08 18:29:43"
"6618","163","2025-11-07","2.00","5000","2026-09-08 18:29:43"
"6619","37","2025-11-07","2.00","3000","2026-09-08 18:29:43"
"6620","264","2025-11-07","1.00","1000","2026-09-08 18:29:43"
"6621","246","2025-11-07","5.00","5000","2026-09-08 18:29:43"
"6622","163","2025-12-07","1.00","2500","2026-09-08 18:29:43"
"6623","203","2025-12-07","1.00","2000","2026-09-08 18:29:43"
"6624","246","2025-12-07","2.00","2000","2026-09-08 18:29:43"
"6625","43","2025-12-07","1000.00","14500","2026-09-08 18:29:43"
"6626","286","2025-07-13","1.00","5000","2026-09-08 18:29:43"
"6627","166","2025-07-13","5.00","10000","2026-09-08 18:29:43"
"6628","76","2025-07-13","8.00","4000","2026-09-08 18:29:43"
"6629","137","2025-07-13","2.00","1000","2026-09-08 18:29:43"
"6630","264","2025-07-13","1.00","1000","2026-09-08 18:29:43"
"6631","279","2025-07-13","1.00","3500","2026-09-08 18:29:43"
"6632","159","2025-07-13","500.00","15500","2026-09-08 18:29:43"
"6633","234","2025-07-13","2.00","2000","2026-09-08 18:29:43"
"6634","198","2025-07-14","3.00","25500","2026-09-08 18:29:43"
"6635","5","2025-07-14","1.00","1000","2026-09-08 18:29:43"
"6636","239","2025-07-14","1.00","1000","2026-09-08 18:29:43"
"6637","193","2025-07-14","3.00","1500","2026-09-08 18:29:43"
"6638","159","2025-07-14","500.00","15500","2026-09-08 18:29:43"
"6639","197","2025-07-14","1.00","2000","2026-09-08 18:29:43"
"6640","127","2025-07-15","4.00","14000","2026-09-08 18:29:43"
"6641","39","2025-07-15","1.00","3500","2026-09-08 18:29:43"
"6642","246","2025-07-15","30.00","30000","2026-09-08 18:29:43"
"6643","159","2025-07-15","1000.00","31000","2026-09-08 18:29:43"
"6644","159","2025-07-15","500.00","15500","2026-09-08 18:29:43"
"6645","203","2025-07-15","1.00","2000","2026-09-08 18:29:43"
"6646","142","2025-07-15","4.00","2000","2026-09-08 18:29:43"
"6647","291","2025-07-15","1.00","1000","2026-09-08 18:29:43"
"6648","173","2025-07-15","1.00","2000","2026-09-08 18:29:43"
"6649","208","2025-07-15","1.00","1000","2026-09-08 18:29:43"
"6650","234","2025-07-15","1.00","1000","2026-09-08 18:29:43"
"6651","76","2025-07-15","1.00","500","2026-09-08 18:29:43"
"6652","159","2025-07-16","1000.00","31000","2026-09-08 18:29:43"
"6653","279","2025-07-16","1.00","3500","2026-09-08 18:29:43"
"6654","127","2025-07-16","1.00","3500","2026-09-08 18:29:43"
"6655","5","2025-07-16","1.00","1000","2026-09-08 18:29:43"
"6656","241","2025-07-16","4.00","6000","2026-09-08 18:29:43"
"6657","272","2025-07-16","1.00","5000","2026-09-08 18:29:43"
"6658","159","2025-07-17","500.00","15500","2026-09-08 18:29:43"
"6659","11","2025-07-17","250.00","8500","2026-09-08 18:29:43"
"6660","239","2025-07-17","1.00","1000","2026-09-08 18:29:43"
"6661","19","2025-07-17","5.00","2500","2026-09-08 18:29:43"
"6662","122","2025-07-17","1.00","1000","2026-09-08 18:29:43"
"6663","176","2025-07-17","1.00","2000","2026-09-08 18:29:43"
"6664","282","2025-07-17","1.00","2000","2026-09-08 18:29:43"
"6665","35","2025-07-17","1.00","2500","2026-09-08 18:29:43"
"6666","159","2025-07-18","500.00","15500","2026-09-08 18:29:43"
"6667","141","2025-07-18","1.00","5000","2026-09-08 18:29:43"
"6668","238","2025-07-18","2.00","1000","2026-09-08 18:29:43"
"6669","166","2025-07-18","1.00","2000","2026-09-08 18:29:43"
"6670","136","2025-07-18","1.00","3000","2026-09-08 18:29:43"
"6671","203","2025-07-18","1.00","2000","2026-09-08 18:29:43"
"6672","96","2025-07-18","1.00","500","2026-09-08 18:29:43"
"6673","76","2025-07-18","1.00","500","2026-09-08 18:29:43"
"6674","116","2025-07-18","1.00","1000","2026-09-08 18:29:43"
"6675","166","2025-07-19","4.00","8000","2026-09-08 18:29:43"
"6676","165","2025-07-19","2.00","2000","2026-09-08 18:29:43"
"6677","159","2025-07-19","500.00","15500","2026-09-08 18:29:43"
"6678","173","2025-07-19","5.00","10000","2026-09-08 18:29:43"
"6679","127","2025-07-19","2.00","7000","2026-09-08 18:29:43"
"6680","64","2025-07-19","250.00","7500","2026-09-08 18:29:43"
"6681","97","2025-07-19","2.00","4000","2026-09-08 18:29:43"
"6682","167","2025-07-19","1.00","1000","2026-09-08 18:29:43"
"6683","76","2025-07-20","1.00","500","2026-09-08 18:29:43"
"6684","198","2025-07-20","1.00","8500","2026-09-08 18:29:43"
"6685","142","2025-07-20","3.00","1500","2026-09-08 18:29:43"
"6686","197","2025-07-20","1.00","2000","2026-09-08 18:29:43"
"6687","136","2025-07-20","1.00","3000","2026-09-08 18:29:43"
"6688","279","2025-07-20","2.00","7000","2026-09-08 18:29:43"
"6689","196","2025-07-20","1.00","9000","2026-09-08 18:29:43"
"6690","11","2025-07-20","500.00","20000","2026-09-08 18:29:43"
"6691","159","2025-07-21","500.00","15500","2026-09-08 18:29:43"
"6692","159","2025-07-21","250.00","8000","2026-09-08 18:29:43"
"6693","260","2025-07-21","1.00","7500","2026-09-08 18:29:43"
"6694","202","2025-07-21","1.00","22000","2026-09-08 18:29:43"
"6695","280","2025-07-21","1.00","5000","2026-09-08 18:29:43"
"6696","203","2025-07-21","1.00","2000","2026-09-08 18:29:43"
"6697","264","2025-07-21","1.00","1000","2026-09-08 18:29:43"
"6698","142","2025-07-21","1.00","500","2026-09-08 18:29:43"
"6699","239","2025-07-21","1.00","1000","2026-09-08 18:29:43"
"6700","5","2025-07-21","1.00","1000","2026-09-08 18:29:43"
"6701","223","2025-07-21","2.00","1000","2026-09-08 18:29:43"
"6702","173","2025-07-22","1.00","2000","2026-09-08 18:29:43"
"6703","203","2025-07-22","1.00","2000","2026-09-08 18:29:43"
"6704","291","2025-07-22","1.00","1000","2026-09-08 18:29:43"
"6705","223","2025-07-22","3.00","1500","2026-09-08 18:29:43"
"6706","198","2025-07-22","2.00","17000","2026-09-08 18:29:43"
"6707","240","2025-07-22","1.00","10000","2026-09-08 18:29:43"
"6708","6","2025-07-22","5.00","17500","2026-09-08 18:29:43"
"6709","127","2025-07-22","4.00","14000","2026-09-08 18:29:43"
"6710","97","2025-07-22","1.00","2000","2026-09-08 18:29:43"
"6711","266","2025-07-22","2.00","5000","2026-09-08 18:29:43"
"6712","186","2025-07-22","1.00","9500","2026-09-08 18:29:43"
"6713","141","2025-07-22","1.00","5000","2026-09-08 18:29:43"
"6714","272","2025-07-22","1.00","5000","2026-09-08 18:29:43"
"6715","159","2025-07-22","500.00","15500","2026-09-08 18:29:43"
"6716","159","2025-07-22","250.00","8000","2026-09-08 18:29:43"
"6717","82","2025-07-22","1.00","2000","2026-09-08 18:29:43"
"6718","246","2025-07-22","6.00","6000","2026-09-08 18:29:43"
"6719","5","2025-07-22","1.00","1000","2026-09-08 18:29:43"
"6720","252","2025-07-22","1.00","500","2026-09-08 18:29:43"
"6721","165","2025-07-22","1.00","1000","2026-09-08 18:29:43"
"6722","159","2025-07-23","500.00","15500","2026-09-08 18:29:43"
"6723","234","2025-07-23","2.00","2000","2026-09-08 18:29:43"
"6724","141","2025-07-23","1.00","5000","2026-09-08 18:29:43"
"6725","50","2025-07-23","2.00","6000","2026-09-08 18:29:43"
"6726","236","2025-07-23","1.00","1000","2026-09-08 18:29:43"
"6727","19","2025-07-23","2.00","1000","2026-09-08 18:29:43"
"6728","203","2025-07-23","2.00","4000","2026-09-08 18:29:43"
"6729","97","2025-07-23","1.00","2000","2026-09-08 18:29:43"
"6730","165","2025-07-23","1.00","1000","2026-09-08 18:29:43"
"6731","264","2025-07-23","4.00","4000","2026-09-08 18:29:43"
"6732","22","2025-07-23","1.00","6000","2026-09-08 18:29:43"
"6733","71","2025-07-23","1.00","40000","2026-09-08 18:29:43"
"6734","6","2025-07-23","1.00","3500","2026-09-08 18:29:43"
"6735","76","2025-07-23","10.00","5000","2026-09-08 18:29:43"
"6736","154","2025-07-23","4.00","8000","2026-09-08 18:29:43"
"6737","238","2025-07-24","4.00","2000","2026-09-08 18:29:43"
"6738","182","2025-07-24","6.00","6000","2026-09-08 18:29:43"
"6739","203","2025-07-24","3.00","6000","2026-09-08 18:29:43"
"6740","173","2025-07-24","2.00","4000","2026-09-08 18:29:43"
"6741","264","2025-07-24","2.00","2000","2026-09-08 18:29:43"
"6742","96","2025-07-24","2.00","1000","2026-09-08 18:29:43"
"6743","107","2025-07-24","2.00","2000","2026-09-08 18:29:43"
"6744","19","2025-07-24","2.00","1000","2026-09-08 18:29:43"
"6745","239","2025-07-24","1.00","1000","2026-09-08 18:29:43"
"6746","5","2025-07-24","1.00","1000","2026-09-08 18:29:43"
"6747","159","2025-07-24","1000.00","31000","2026-09-08 18:29:43"
"6748","159","2025-07-24","500.00","15500","2026-09-08 18:29:43"
"6749","127","2025-07-25","2.00","7000","2026-09-08 18:29:43"
"6750","183","2025-07-25","1.00","500","2026-09-08 18:29:43"
"6751","104","2025-07-25","2.00","11000","2026-09-08 18:29:43"
"6752","85","2025-07-25","1.00","3500","2026-09-08 18:29:43"
"6753","107","2025-07-25","1.00","1000","2026-09-08 18:29:43"
"6754","197","2025-07-25","2.00","4000","2026-09-08 18:29:43"
"6755","281","2025-07-25","3.00","3000","2026-09-08 18:29:43"
"6756","203","2025-07-25","4.00","8000","2026-09-08 18:29:43"
"6757","37","2025-07-25","2.00","3000","2026-09-08 18:29:43"
"6758","76","2025-07-25","2.00","1000","2026-09-08 18:29:43"
"6759","97","2025-07-25","1.00","2000","2026-09-08 18:29:43"
"6760","246","2025-07-25","4.00","4000","2026-09-08 18:29:43"
"6761","220","2025-07-25","4.00","8000","2026-09-08 18:29:43"
"6762","116","2025-07-25","2.00","2000","2026-09-08 18:29:43"
"6763","159","2025-07-25","500.00","15500","2026-09-08 18:29:43"
"6764","252","2025-07-26","1.00","500","2026-09-08 18:29:43"
"6765","246","2025-07-26","5.00","5000","2026-09-08 18:29:43"
"6766","223","2025-07-26","2.00","1000","2026-09-08 18:29:43"
"6767","198","2025-07-26","1.00","8500","2026-09-08 18:29:43"
"6768","65","2025-07-26","2.00","13000","2026-09-08 18:29:43"
"6769","159","2025-07-26","500.00","15500","2026-09-08 18:29:43"
"6770","183","2025-07-26","2.00","1000","2026-09-08 18:29:43"
"6771","111","2025-07-26","5.00","7500","2026-09-08 18:29:43"
"6772","82","2025-07-26","2.00","4000","2026-09-08 18:29:43"
"6773","6","2025-07-26","1.00","3500","2026-09-08 18:29:43"
"6774","198","2025-07-27","1.00","8500","2026-09-08 18:29:43"
"6775","6","2025-07-27","1.00","3500","2026-09-08 18:29:43"
"6776","197","2025-07-27","1.00","2000","2026-09-08 18:29:43"
"6777","159","2025-07-27","250.00","8000","2026-09-08 18:29:43"
"6778","107","2025-07-27","2.00","2000","2026-09-08 18:29:43"
"6779","127","2025-07-27","3.00","10500","2026-09-08 18:29:43"
"6780","281","2025-07-27","3.00","3000","2026-09-08 18:29:43"
"6781","129","2025-07-28","1.00","12000","2026-09-08 18:29:43"
"6782","167","2025-07-28","2.00","2000","2026-09-08 18:29:43"
"6783","125","2025-07-28","1.00","3000","2026-09-08 18:29:43"
"6784","202","2025-07-28","1.00","22000","2026-09-08 18:29:43"
"6785","71","2025-07-28","1.00","40000","2026-09-08 18:29:43"
"6786","111","2025-07-28","18.00","27000","2026-09-08 18:29:43"
